station,browse_name,node_class,value_type,value,node_id,path
(root),Objects,Object,,,i=85,Objects
(root),Server,Object,,,i=2253,Objects/Objects
(root),DeviceSet,Object,,,ns=2;i=5001,Objects/Objects
(root),PLC,Object,,,ns=3;s=PLC,Objects/Objects/DeviceSet
(root),DeviceManual,Variable,string,https://support.industry.siemens.com/cs/ww/en/view/84133942,ns=3;s=DeviceManual,Objects/Objects/DeviceSet/PLC
(root),DeviceRevision,Variable,string,6ES7 512-1SM03-0AB0  V04.00.00,ns=3;s=DeviceRevision,Objects/Objects/DeviceSet/PLC
(root),EngineeringRevision,Variable,string,V18.0.1.0,ns=3;s=EngineeringRevision,Objects/Objects/DeviceSet/PLC
(root),HardwareRevision,Variable,string,5,ns=3;s=HardwareRevision,Objects/Objects/DeviceSet/PLC
(root),Manufacturer,Variable,string,"LocalizedText(Locale=None, Text='Siemens AG')",ns=3;s=Manufacturer,Objects/Objects/DeviceSet/PLC
(root),Model,Variable,string,"LocalizedText(Locale=None, Text='CPU 1512SP F-1 PN')",ns=3;s=Model,Objects/Objects/DeviceSet/PLC
(root),OperatingMode,Variable,int,8,ns=3;s=OperatingMode,Objects/Objects/DeviceSet/PLC
(root),OrderNumber,Variable,string,6ES7 512-1SM03-0AB0 ,ns=3;s=OrderNumber,Objects/Objects/DeviceSet/PLC
(root),RevisionCounter,Variable,int,-1,ns=3;s=RevisionCounter,Objects/Objects/DeviceSet/PLC
(root),SerialNumber,Variable,string,S C-T9A0Q1S82025,ns=3;s=SerialNumber,Objects/Objects/DeviceSet/PLC
(root),SoftwareRevision,Variable,string,V04.00.00,ns=3;s=SoftwareRevision,Objects/Objects/DeviceSet/PLC
(root),Icon,Variable,string,b'\x89PNG\r\n\x1a\n\x00\x00\x00\rIHDR\x00\x00\x000\x00\x00\x000\x08\x06\x00\x00\x00W\x02\xf9\x87\x00\x00\x00\x06bKGD\...,ns=3;i=5201,Objects/Objects/DeviceSet/PLC
(root),Counters,Object,,,ns=3;s=Counters,Objects/Objects/DeviceSet/PLC
(root),DataBlocksGlobal,Object,,,ns=3;s=DataBlocksGlobal,Objects/Objects/DeviceSet/PLC
(root),DataBlocksInstance,Object,,,ns=3;s=DataBlocksInstance,Objects/Objects/DeviceSet/PLC
(root),Inputs,Object,,,ns=3;s=Inputs,Objects/Objects/DeviceSet/PLC
(root),Memory,Object,,,ns=3;s=Memory,Objects/Objects/DeviceSet/PLC
(root),Outputs,Object,,,ns=3;s=Outputs,Objects/Objects/DeviceSet/PLC
(root),Timers,Object,,,ns=3;s=Timers,Objects/Objects/DeviceSet/PLC
(root),Icon,Variable,string,b'\x89PNG\r\n\x1a\n\x00\x00\x00\rIHDR\x00\x00\x00 \x00\x00\x00 \x08\x06\x00\x00\x00szz\xf4\x00\x00\x00\x06bKGD\x00\xf...,ns=3;i=5204,Objects/Objects/DeviceSet/PLC/Counters
(root),Icon,Variable,string,b'\x89PNG\r\n\x1a\n\x00\x00\x00\rIHDR\x00\x00\x00 \x00\x00\x00 \x08\x06\x00\x00\x00szz\xf4\x00\x00\x07\xacIDATx\xda\x...,ns=3;i=5202,Objects/Objects/DeviceSet/PLC/DataBlocksGlobal
(root),Icon,Variable,string,b'\x89PNG\r\n\x1a\n\x00\x00\x00\rIHDR\x00\x00\x00 \x00\x00\x00 \x08\x06\x00\x00\x00szz\xf4\x00\x00\x07\xacIDATx\xda\x...,ns=3;i=5203,Objects/Objects/DeviceSet/PLC/DataBlocksInstance
(root),IX_Set_Park_Position,Variable,bool,False,"ns=3;s=""IX_Set_Park_Position""",Objects/Objects/DeviceSet/PLC/Inputs
(root),IX_Fill_HBW,Variable,bool,False,"ns=3;s=""IX_Fill_HBW""",Objects/Objects/DeviceSet/PLC/Inputs
(root),Auditing,Variable,bool,True,i=2994,Objects/Objects/Server
(root),Dictionaries,Object,,,i=17594,Objects/Objects/Server
(root),GetMonitoredItems,Method,,,i=11492,Objects/Objects/Server
(root),NamespaceArray,Variable,string,"['http://opcfoundation.org/UA/', 'urn:SIMATIC.S7-1500.OPC-UA.Application:PLC', 'http://opcfoundation.org/UA/DI/', 'ht...",i=2255,Objects/Objects/Server
(root),Namespaces,Object,,,i=11715,Objects/Objects/Server
(root),VendorServerInfo,Object,,,i=2295,Objects/Objects/Server
(root),ResendData,Method,,,i=12873,Objects/Objects/Server
(root),ServerArray,Variable,string,['urn:SIMATIC.S7-1500.OPC-UA.Application:PLC'],i=2254,Objects/Objects/Server
(root),ServerCapabilities,Object,,,i=2268,Objects/Objects/Server
(root),ServiceLevel,Variable,int,255,i=2267,Objects/Objects/Server
(root),ServerDiagnostics,Object,,,i=2274,Objects/Objects/Server
(root),ServerRedundancy,Object,,,i=2296,Objects/Objects/Server
(root),ServerStatus,Variable,string,"ServerStatusDataType(StartTime=datetime.datetime(2026, 8, 14, 6, 49, 11, 510869, tzinfo=datetime.timezone.utc), Curre...",i=2256,Objects/Objects/Server
(root),Icon,Variable,string,"b""\x89PNG\r\n\x1a\n\x00\x00\x00\rIHDR\x00\x00\x00\x10\x00\x00\x00\x10\x08\x06\x00\x00\x00\x1f\xf3\xffa\x00\x00\x00\x0...",ns=3;i=5211,Objects/Objects/Server
(root),InputArguments,Variable,string,"[Argument(Name='SubscriptionId', DataType=NodeId(Identifier=7, NamespaceIndex=0, NodeIdType=<NodeIdType.TwoByte: 0>),...",i=11493,Objects/Objects/Server/GetMonitoredItems
(root),OutputArguments,Variable,string,"[Argument(Name='ServerHandles', DataType=NodeId(Identifier=7, NamespaceIndex=0, NodeIdType=<NodeIdType.TwoByte: 0>), ...",i=11494,Objects/Objects/Server/GetMonitoredItems
(root),http://opcfoundation.org/UA/,Object,,,i=15957,Objects/Objects/Server/Namespaces
(root),http://opcfoundation.org/UA/DI/,Object,,,ns=2;i=15001,Objects/Objects/Server/Namespaces
(root),http://www.siemens.com/simatic-s7-opcua,Object,,,ns=3;i=7001,Objects/Objects/Server/Namespaces
(root),DefaultAccessRestrictions,Variable,string,None,i=16136,Objects/Objects/Server/Namespaces/http://opcfoundation.org/UA/
(root),DefaultRolePermissions,Variable,string,None,i=16134,Objects/Objects/Server/Namespaces/http://opcfoundation.org/UA/
(root),DefaultUserRolePermissions,Variable,string,None,i=16135,Objects/Objects/Server/Namespaces/http://opcfoundation.org/UA/
(root),IsNamespaceSubset,Variable,bool,True,i=15961,Objects/Objects/Server/Namespaces/http://opcfoundation.org/UA/
(root),ModelVersion,Variable,string,1.5.3,i=32408,Objects/Objects/Server/Namespaces/http://opcfoundation.org/UA/
(root),NamespacePublicationDate,Variable,string,2023-12-15 00:00:00+00:00,i=15960,Objects/Objects/Server/Namespaces/http://opcfoundation.org/UA/
(root),NamespaceUri,Variable,string,http://opcfoundation.org/UA/,i=15958,Objects/Objects/Server/Namespaces/http://opcfoundation.org/UA/
(root),NamespaceVersion,Variable,string,1.05.03,i=15959,Objects/Objects/Server/Namespaces/http://opcfoundation.org/UA/
(root),StaticNodeIdTypes,Variable,string,None,i=15962,Objects/Objects/Server/Namespaces/http://opcfoundation.org/UA/
(root),StaticNumericNodeIdRange,Variable,string,None,i=15963,Objects/Objects/Server/Namespaces/http://opcfoundation.org/UA/
(root),StaticStringNodeIdPattern,Variable,string,None,i=15964,Objects/Objects/Server/Namespaces/http://opcfoundation.org/UA/
(root),DefaultAccessRestrictions,Variable,string,None,ns=2;i=15033,Objects/Objects/Server/Namespaces/http://opcfoundation.org/UA/DI/
(root),DefaultRolePermissions,Variable,string,None,ns=2;i=15031,Objects/Objects/Server/Namespaces/http://opcfoundation.org/UA/DI/
(root),DefaultUserRolePermissions,Variable,string,None,ns=2;i=15032,Objects/Objects/Server/Namespaces/http://opcfoundation.org/UA/DI/
(root),IsNamespaceSubset,Variable,bool,False,ns=2;i=15005,Objects/Objects/Server/Namespaces/http://opcfoundation.org/UA/DI/
(root),NamespacePublicationDate,Variable,string,2021-03-09 00:00:00+00:00,ns=2;i=15004,Objects/Objects/Server/Namespaces/http://opcfoundation.org/UA/DI/
(root),NamespaceUri,Variable,string,http://opcfoundation.org/UA/DI/,ns=2;i=15002,Objects/Objects/Server/Namespaces/http://opcfoundation.org/UA/DI/
(root),NamespaceVersion,Variable,string,1.03.0,ns=2;i=15003,Objects/Objects/Server/Namespaces/http://opcfoundation.org/UA/DI/
(root),StaticNodeIdTypes,Variable,string,[0],ns=2;i=15006,Objects/Objects/Server/Namespaces/http://opcfoundation.org/UA/DI/
(root),StaticNumericNodeIdRange,Variable,string,['1:2147483647'],ns=2;i=15007,Objects/Objects/Server/Namespaces/http://opcfoundation.org/UA/DI/
(root),StaticStringNodeIdPattern,Variable,string,,ns=2;i=15008,Objects/Objects/Server/Namespaces/http://opcfoundation.org/UA/DI/
(root),IsNamespaceSubset,Variable,bool,False,ns=3;i=7002,Objects/Objects/Server/Namespaces/http://www.siemens.com/simatic-s7-opcua
(root),NamespacePublicationDate,Variable,string,2024-06-02 00:00:00+00:00,ns=3;i=7003,Objects/Objects/Server/Namespaces/http://www.siemens.com/simatic-s7-opcua
(root),NamespaceUri,Variable,string,http://www.siemens.com/simatic-s7-opcua,ns=3;i=7004,Objects/Objects/Server/Namespaces/http://www.siemens.com/simatic-s7-opcua
(root),NamespaceVersion,Variable,string,4.0.0,ns=3;i=7005,Objects/Objects/Server/Namespaces/http://www.siemens.com/simatic-s7-opcua
(root),StaticNodeIdTypes,Variable,string,None,ns=3;i=7006,Objects/Objects/Server/Namespaces/http://www.siemens.com/simatic-s7-opcua
(root),StaticNumericNodeIdRange,Variable,string,None,ns=3;i=7007,Objects/Objects/Server/Namespaces/http://www.siemens.com/simatic-s7-opcua
(root),StaticStringNodeIdPattern,Variable,string,None,ns=3;i=7008,Objects/Objects/Server/Namespaces/http://www.siemens.com/simatic-s7-opcua
(root),InputArguments,Variable,string,"[Argument(Name='SubscriptionId', DataType=NodeId(Identifier=7, NamespaceIndex=0, NodeIdType=<NodeIdType.TwoByte: 0>),...",i=12874,Objects/Objects/Server/ResendData
(root),AggregateFunctions,Object,,,i=2997,Objects/Objects/Server/ServerCapabilities
(root),LocaleIdArray,Variable,string,[],i=2271,Objects/Objects/Server/ServerCapabilities
(root),MaxArrayLength,Variable,int,131072,i=11702,Objects/Objects/Server/ServerCapabilities
(root),MaxBrowseContinuationPoints,Variable,int,5,i=2735,Objects/Objects/Server/ServerCapabilities
(root),MaxByteStringLength,Variable,int,131072,i=12911,Objects/Objects/Server/ServerCapabilities
(root),MaxHistoryContinuationPoints,Variable,int,5,i=2737,Objects/Objects/Server/ServerCapabilities
(root),MaxMonitoredItems,Variable,int,1000,i=24097,Objects/Objects/Server/ServerCapabilities
(root),MaxMonitoredItemsPerSubscription,Variable,int,0,i=24104,Objects/Objects/Server/ServerCapabilities
(root),MaxMonitoredItemsQueueSize,Variable,int,10,i=31916,Objects/Objects/Server/ServerCapabilities
(root),MaxQueryContinuationPoints,Variable,int,5,i=2736,Objects/Objects/Server/ServerCapabilities
(root),MaxSessions,Variable,int,10,i=24095,Objects/Objects/Server/ServerCapabilities
(root),MaxStringLength,Variable,int,16382,i=11703,Objects/Objects/Server/ServerCapabilities
(root),MaxSubscriptions,Variable,int,500,i=24096,Objects/Objects/Server/ServerCapabilities
(root),MaxSubscriptionsPerSession,Variable,int,50,i=24098,Objects/Objects/Server/ServerCapabilities
(root),MinSupportedSampleRate,Variable,float,1000.0,i=2272,Objects/Objects/Server/ServerCapabilities
(root),ModellingRules,Object,,,i=2996,Objects/Objects/Server/ServerCapabilities
(root),OperationLimits,Object,,,i=11704,Objects/Objects/Server/ServerCapabilities
(root),MaxInactiveLockTime,Variable,string,None,ns=2;i=6387,Objects/Objects/Server/ServerCapabilities
(root),ServerProfileArray,Variable,string,"['http://opcfoundation.org/UA-Profile/Server/EmbeddedUA2017', 'http://opcfoundation.org/UA-Profile/Server/Methods', '...",i=2269,Objects/Objects/Server/ServerCapabilities
(root),SoftwareCertificates,Variable,string,None,i=3704,Objects/Objects/Server/ServerCapabilities
(root),ExposesItsArray,Object,,,i=83,Objects/Objects/Server/ServerCapabilities/ModellingRules
(root),Mandatory,Object,,,i=78,Objects/Objects/Server/ServerCapabilities/ModellingRules
(root),Optional,Object,,,i=80,Objects/Objects/Server/ServerCapabilities/ModellingRules
(root),OptionalPlaceholder,Object,,,i=11508,Objects/Objects/Server/ServerCapabilities/ModellingRules
(root),MandatoryPlaceholder,Object,,,i=11510,Objects/Objects/Server/ServerCapabilities/ModellingRules
(root),MaxMonitoredItemsPerCall,Variable,int,1000,i=11714,Objects/Objects/Server/ServerCapabilities/OperationLimits
(root),MaxNodesPerBrowse,Variable,int,1000,i=11710,Objects/Objects/Server/ServerCapabilities/OperationLimits
(root),MaxNodesPerWrite,Variable,int,1000,i=11707,Objects/Objects/Server/ServerCapabilities/OperationLimits
(root),MaxNodesPerTranslateBrowsePathsToNodeIds,Variable,int,1000,i=11712,Objects/Objects/Server/ServerCapabilities/OperationLimits
(root),MaxNodesPerRegisterNodes,Variable,int,1000,i=11711,Objects/Objects/Server/ServerCapabilities/OperationLimits
(root),MaxNodesPerRead,Variable,int,1000,i=11705,Objects/Objects/Server/ServerCapabilities/OperationLimits
(root),MaxNodesPerMethodCall,Variable,int,1,i=11709,Objects/Objects/Server/ServerCapabilities/OperationLimits
(root),EnabledFlag,Variable,bool,True,i=2294,Objects/Objects/Server/ServerDiagnostics
(root),ServerDiagnosticsSummary,Variable,string,"ServerDiagnosticsSummaryDataType(ServerViewCount=0, CurrentSessionCount=3, CumulatedSessionCount=3, SecurityRejectedS...",i=2275,Objects/Objects/Server/ServerDiagnostics
(root),SessionsDiagnosticsSummary,Object,,,i=3706,Objects/Objects/Server/ServerDiagnostics
(root),SubscriptionDiagnosticsArray,Variable,string,"[SubscriptionDiagnosticsDataType(SessionId=NodeId(Identifier=3783273336, NamespaceIndex=1, NodeIdType=<NodeIdType.Num...",i=2290,Objects/Objects/Server/ServerDiagnostics
(root),CumulatedSessionCount,Variable,int,3,i=2278,Objects/Objects/Server/ServerDiagnostics/ServerDiagnosticsSummary
(root),CumulatedSubscriptionCount,Variable,int,20,i=2286,Objects/Objects/Server/ServerDiagnostics/ServerDiagnosticsSummary
(root),CurrentSessionCount,Variable,int,3,i=2277,Objects/Objects/Server/ServerDiagnostics/ServerDiagnosticsSummary
(root),CurrentSubscriptionCount,Variable,int,20,i=2285,Objects/Objects/Server/ServerDiagnostics/ServerDiagnosticsSummary
(root),PublishingIntervalCount,Variable,int,0,i=2284,Objects/Objects/Server/ServerDiagnostics/ServerDiagnosticsSummary
(root),RejectedRequestsCount,Variable,int,0,i=2288,Objects/Objects/Server/ServerDiagnostics/ServerDiagnosticsSummary
(root),RejectedSessionCount,Variable,int,0,i=3705,Objects/Objects/Server/ServerDiagnostics/ServerDiagnosticsSummary
(root),SecurityRejectedRequestsCount,Variable,int,0,i=2287,Objects/Objects/Server/ServerDiagnostics/ServerDiagnosticsSummary
(root),SecurityRejectedSessionCount,Variable,int,0,i=2279,Objects/Objects/Server/ServerDiagnostics/ServerDiagnosticsSummary
(root),ServerViewCount,Variable,int,0,i=2276,Objects/Objects/Server/ServerDiagnostics/ServerDiagnosticsSummary
(root),SessionAbortCount,Variable,int,0,i=2282,Objects/Objects/Server/ServerDiagnostics/ServerDiagnosticsSummary
(root),SessionTimeoutCount,Variable,int,0,i=2281,Objects/Objects/Server/ServerDiagnostics/ServerDiagnosticsSummary
(root),SessionDiagnosticsArray,Variable,string,"[SessionDiagnosticsDataType(SessionId=NodeId(Identifier=3783273336, NamespaceIndex=1, NodeIdType=<NodeIdType.Numeric:...",i=3707,Objects/Objects/Server/ServerDiagnostics/SessionsDiagnosticsSummary
(root),Session1,Object,,,ns=1;i=3783273336,Objects/Objects/Server/ServerDiagnostics/SessionsDiagnosticsSummary
(root),Pure Python Async Client Session1,Object,,,ns=1;i=3317533669,Objects/Objects/Server/ServerDiagnostics/SessionsDiagnosticsSummary
(root),Pure Python Async Client Session1,Object,,,ns=1;i=1478913255,Objects/Objects/Server/ServerDiagnostics/SessionsDiagnosticsSummary
(root),SessionSecurityDiagnostics,Variable,string,"<err Not enough data left in buffer, request for 1426063360, we have 74>",ns=1;s=Session_3317533669.SessionSecurityDiagnostics,Objects/Objects/Server/ServerDiagnostics/SessionsDiagnosticsSummary/Pure Python Async Client Session1
(root),SubscriptionDiagnosticsArray,Variable,string,[],ns=1;s=Session_3317533669.SubscriptionDiagnosticsArray,Objects/Objects/Server/ServerDiagnostics/SessionsDiagnosticsSummary/Pure Python Async Client Session1
(root),SessionSecurityDiagnostics,Variable,string,"<err Not enough data left in buffer, request for 1426063360, we have 74>",ns=1;s=Session_1478913255.SessionSecurityDiagnostics,Objects/Objects/Server/ServerDiagnostics/SessionsDiagnosticsSummary/Pure Python Async Client Session1
(root),SubscriptionDiagnosticsArray,Variable,string,[],ns=1;s=Session_1478913255.SubscriptionDiagnosticsArray,Objects/Objects/Server/ServerDiagnostics/SessionsDiagnosticsSummary/Pure Python Async Client Session1
(root),SessionId,Variable,string,"NodeId(Identifier=3317533669, NamespaceIndex=1, NodeIdType=<NodeIdType.Numeric: 2>)",ns=1;s=Session_3317533669.SessionSecurityDiagnostics.SessionId,Objects/Objects/Server/ServerDiagnostics/SessionsDiagnosticsSummary/Pure Python Async Client Session1/SessionSecurityDiagnostics
(root),ClientUserIdOfSession,Variable,string,None,ns=1;s=Session_3317533669.SessionSecurityDiagnostics.ClientUserIdOfSession,Objects/Objects/Server/ServerDiagnostics/SessionsDiagnosticsSummary/Pure Python Async Client Session1/SessionSecurityDiagnostics
(root),ClientUserIdHistory,Variable,string,[None],ns=1;s=Session_3317533669.SessionSecurityDiagnostics.ClientUserIdHistory,Objects/Objects/Server/ServerDiagnostics/SessionsDiagnosticsSummary/Pure Python Async Client Session1/SessionSecurityDiagnostics
(root),AuthenticationMechanism,Variable,string,Anonymous,ns=1;s=Session_3317533669.SessionSecurityDiagnostics.AuthenticationMechanism,Objects/Objects/Server/ServerDiagnostics/SessionsDiagnosticsSummary/Pure Python Async Client Session1/SessionSecurityDiagnostics
(root),Encoding,Variable,string,UA Binary,ns=1;s=Session_3317533669.SessionSecurityDiagnostics.Encoding,Objects/Objects/Server/ServerDiagnostics/SessionsDiagnosticsSummary/Pure Python Async Client Session1/SessionSecurityDiagnostics
(root),TransportProtocol,Variable,string,TCP,ns=1;s=Session_3317533669.SessionSecurityDiagnostics.TransportProtocol,Objects/Objects/Server/ServerDiagnostics/SessionsDiagnosticsSummary/Pure Python Async Client Session1/SessionSecurityDiagnostics
(root),SecurityMode,Variable,int,1,ns=1;s=Session_3317533669.SessionSecurityDiagnostics.SecurityMode,Objects/Objects/Server/ServerDiagnostics/SessionsDiagnosticsSummary/Pure Python Async Client Session1/SessionSecurityDiagnostics
(root),SecurityPolicyUri,Variable,string,http://opcfoundation.org/UA/SecurityPolicy#None,ns=1;s=Session_3317533669.SessionSecurityDiagnostics.SecurityPolicyUri,Objects/Objects/Server/ServerDiagnostics/SessionsDiagnosticsSummary/Pure Python Async Client Session1/SessionSecurityDiagnostics
(root),ClientCertificate,Variable,string,None,ns=1;s=Session_3317533669.SessionSecurityDiagnostics.ClientCertificate,Objects/Objects/Server/ServerDiagnostics/SessionsDiagnosticsSummary/Pure Python Async Client Session1/SessionSecurityDiagnostics
(root),SessionId,Variable,string,"NodeId(Identifier=1478913255, NamespaceIndex=1, NodeIdType=<NodeIdType.Numeric: 2>)",ns=1;s=Session_1478913255.SessionSecurityDiagnostics.SessionId,Objects/Objects/Server/ServerDiagnostics/SessionsDiagnosticsSummary/Pure Python Async Client Session1/SessionSecurityDiagnostics
(root),ClientUserIdOfSession,Variable,string,None,ns=1;s=Session_1478913255.SessionSecurityDiagnostics.ClientUserIdOfSession,Objects/Objects/Server/ServerDiagnostics/SessionsDiagnosticsSummary/Pure Python Async Client Session1/SessionSecurityDiagnostics
(root),ClientUserIdHistory,Variable,string,[None],ns=1;s=Session_1478913255.SessionSecurityDiagnostics.ClientUserIdHistory,Objects/Objects/Server/ServerDiagnostics/SessionsDiagnosticsSummary/Pure Python Async Client Session1/SessionSecurityDiagnostics
(root),AuthenticationMechanism,Variable,string,Anonymous,ns=1;s=Session_1478913255.SessionSecurityDiagnostics.AuthenticationMechanism,Objects/Objects/Server/ServerDiagnostics/SessionsDiagnosticsSummary/Pure Python Async Client Session1/SessionSecurityDiagnostics
(root),Encoding,Variable,string,UA Binary,ns=1;s=Session_1478913255.SessionSecurityDiagnostics.Encoding,Objects/Objects/Server/ServerDiagnostics/SessionsDiagnosticsSummary/Pure Python Async Client Session1/SessionSecurityDiagnostics
(root),TransportProtocol,Variable,string,TCP,ns=1;s=Session_1478913255.SessionSecurityDiagnostics.TransportProtocol,Objects/Objects/Server/ServerDiagnostics/SessionsDiagnosticsSummary/Pure Python Async Client Session1/SessionSecurityDiagnostics
(root),SecurityMode,Variable,int,1,ns=1;s=Session_1478913255.SessionSecurityDiagnostics.SecurityMode,Objects/Objects/Server/ServerDiagnostics/SessionsDiagnosticsSummary/Pure Python Async Client Session1/SessionSecurityDiagnostics
(root),SecurityPolicyUri,Variable,string,http://opcfoundation.org/UA/SecurityPolicy#None,ns=1;s=Session_1478913255.SessionSecurityDiagnostics.SecurityPolicyUri,Objects/Objects/Server/ServerDiagnostics/SessionsDiagnosticsSummary/Pure Python Async Client Session1/SessionSecurityDiagnostics
(root),ClientCertificate,Variable,string,None,ns=1;s=Session_1478913255.SessionSecurityDiagnostics.ClientCertificate,Objects/Objects/Server/ServerDiagnostics/SessionsDiagnosticsSummary/Pure Python Async Client Session1/SessionSecurityDiagnostics
(root),SessionSecurityDiagnostics,Variable,string,"<err Not enough data left in buffer, request for 1426063360, we have 1168>",ns=1;s=Session_3783273336.SessionSecurityDiagnostics,Objects/Objects/Server/ServerDiagnostics/SessionsDiagnosticsSummary/Session1
(root),SubscriptionDiagnosticsArray,Variable,string,"[SubscriptionDiagnosticsDataType(SessionId=NodeId(Identifier=3783273336, NamespaceIndex=1, NodeIdType=<NodeIdType.Num...",ns=1;s=Session_3783273336.SubscriptionDiagnosticsArray,Objects/Objects/Server/ServerDiagnostics/SessionsDiagnosticsSummary/Session1
(root),SessionId,Variable,string,"NodeId(Identifier=3783273336, NamespaceIndex=1, NodeIdType=<NodeIdType.Numeric: 2>)",ns=1;s=Session_3783273336.SessionSecurityDiagnostics.SessionId,Objects/Objects/Server/ServerDiagnostics/SessionsDiagnosticsSummary/Session1/SessionSecurityDiagnostics
(root),ClientUserIdOfSession,Variable,string,None,ns=1;s=Session_3783273336.SessionSecurityDiagnostics.ClientUserIdOfSession,Objects/Objects/Server/ServerDiagnostics/SessionsDiagnosticsSummary/Session1/SessionSecurityDiagnostics
(root),ClientUserIdHistory,Variable,string,[None],ns=1;s=Session_3783273336.SessionSecurityDiagnostics.ClientUserIdHistory,Objects/Objects/Server/ServerDiagnostics/SessionsDiagnosticsSummary/Session1/SessionSecurityDiagnostics
(root),AuthenticationMechanism,Variable,string,Anonymous,ns=1;s=Session_3783273336.SessionSecurityDiagnostics.AuthenticationMechanism,Objects/Objects/Server/ServerDiagnostics/SessionsDiagnosticsSummary/Session1/SessionSecurityDiagnostics
(root),Encoding,Variable,string,UA Binary,ns=1;s=Session_3783273336.SessionSecurityDiagnostics.Encoding,Objects/Objects/Server/ServerDiagnostics/SessionsDiagnosticsSummary/Session1/SessionSecurityDiagnostics
(root),TransportProtocol,Variable,string,TCP,ns=1;s=Session_3783273336.SessionSecurityDiagnostics.TransportProtocol,Objects/Objects/Server/ServerDiagnostics/SessionsDiagnosticsSummary/Session1/SessionSecurityDiagnostics
(root),SecurityMode,Variable,int,1,ns=1;s=Session_3783273336.SessionSecurityDiagnostics.SecurityMode,Objects/Objects/Server/ServerDiagnostics/SessionsDiagnosticsSummary/Session1/SessionSecurityDiagnostics
(root),SecurityPolicyUri,Variable,string,http://opcfoundation.org/UA/SecurityPolicy#None,ns=1;s=Session_3783273336.SessionSecurityDiagnostics.SecurityPolicyUri,Objects/Objects/Server/ServerDiagnostics/SessionsDiagnosticsSummary/Session1/SessionSecurityDiagnostics
(root),ClientCertificate,Variable,string,"b'0\x82\x04B0\x82\x03*\xa0\x03\x02\x01\x02\x02\x14""\x1a=m?\x85\xb3}3]\xc8\xe1\xd7\x14E\xc1Y\xad\xc0\xa30\r\x06\t*\x86...",ns=1;s=Session_3783273336.SessionSecurityDiagnostics.ClientCertificate,Objects/Objects/Server/ServerDiagnostics/SessionsDiagnosticsSummary/Session1/SessionSecurityDiagnostics
(root),53957594,Variable,string,"SubscriptionDiagnosticsDataType(SessionId=NodeId(Identifier=3783273336, NamespaceIndex=1, NodeIdType=<NodeIdType.Nume...",ns=1;s=Subscription_53957594,Objects/Objects/Server/ServerDiagnostics/SessionsDiagnosticsSummary/Session1/SubscriptionDiagnosticsArray
(root),53957595,Variable,string,"SubscriptionDiagnosticsDataType(SessionId=NodeId(Identifier=3783273336, NamespaceIndex=1, NodeIdType=<NodeIdType.Nume...",ns=1;s=Subscription_53957595,Objects/Objects/Server/ServerDiagnostics/SessionsDiagnosticsSummary/Session1/SubscriptionDiagnosticsArray
(root),53957596,Variable,string,"SubscriptionDiagnosticsDataType(SessionId=NodeId(Identifier=3783273336, NamespaceIndex=1, NodeIdType=<NodeIdType.Nume...",ns=1;s=Subscription_53957596,Objects/Objects/Server/ServerDiagnostics/SessionsDiagnosticsSummary/Session1/SubscriptionDiagnosticsArray
(root),53957597,Variable,string,"SubscriptionDiagnosticsDataType(SessionId=NodeId(Identifier=3783273336, NamespaceIndex=1, NodeIdType=<NodeIdType.Nume...",ns=1;s=Subscription_53957597,Objects/Objects/Server/ServerDiagnostics/SessionsDiagnosticsSummary/Session1/SubscriptionDiagnosticsArray
(root),53957598,Variable,string,"SubscriptionDiagnosticsDataType(SessionId=NodeId(Identifier=3783273336, NamespaceIndex=1, NodeIdType=<NodeIdType.Nume...",ns=1;s=Subscription_53957598,Objects/Objects/Server/ServerDiagnostics/SessionsDiagnosticsSummary/Session1/SubscriptionDiagnosticsArray
(root),53957599,Variable,string,"SubscriptionDiagnosticsDataType(SessionId=NodeId(Identifier=3783273336, NamespaceIndex=1, NodeIdType=<NodeIdType.Nume...",ns=1;s=Subscription_53957599,Objects/Objects/Server/ServerDiagnostics/SessionsDiagnosticsSummary/Session1/SubscriptionDiagnosticsArray
(root),53957600,Variable,string,"SubscriptionDiagnosticsDataType(SessionId=NodeId(Identifier=3783273336, NamespaceIndex=1, NodeIdType=<NodeIdType.Nume...",ns=1;s=Subscription_53957600,Objects/Objects/Server/ServerDiagnostics/SessionsDiagnosticsSummary/Session1/SubscriptionDiagnosticsArray
(root),53957601,Variable,string,"SubscriptionDiagnosticsDataType(SessionId=NodeId(Identifier=3783273336, NamespaceIndex=1, NodeIdType=<NodeIdType.Nume...",ns=1;s=Subscription_53957601,Objects/Objects/Server/ServerDiagnostics/SessionsDiagnosticsSummary/Session1/SubscriptionDiagnosticsArray
(root),53957602,Variable,string,"SubscriptionDiagnosticsDataType(SessionId=NodeId(Identifier=3783273336, NamespaceIndex=1, NodeIdType=<NodeIdType.Nume...",ns=1;s=Subscription_53957602,Objects/Objects/Server/ServerDiagnostics/SessionsDiagnosticsSummary/Session1/SubscriptionDiagnosticsArray
(root),53957603,Variable,string,"SubscriptionDiagnosticsDataType(SessionId=NodeId(Identifier=3783273336, NamespaceIndex=1, NodeIdType=<NodeIdType.Nume...",ns=1;s=Subscription_53957603,Objects/Objects/Server/ServerDiagnostics/SessionsDiagnosticsSummary/Session1/SubscriptionDiagnosticsArray
(root),53957604,Variable,string,"SubscriptionDiagnosticsDataType(SessionId=NodeId(Identifier=3783273336, NamespaceIndex=1, NodeIdType=<NodeIdType.Nume...",ns=1;s=Subscription_53957604,Objects/Objects/Server/ServerDiagnostics/SessionsDiagnosticsSummary/Session1/SubscriptionDiagnosticsArray
(root),53957605,Variable,string,"SubscriptionDiagnosticsDataType(SessionId=NodeId(Identifier=3783273336, NamespaceIndex=1, NodeIdType=<NodeIdType.Nume...",ns=1;s=Subscription_53957605,Objects/Objects/Server/ServerDiagnostics/SessionsDiagnosticsSummary/Session1/SubscriptionDiagnosticsArray
(root),53957606,Variable,string,"SubscriptionDiagnosticsDataType(SessionId=NodeId(Identifier=3783273336, NamespaceIndex=1, NodeIdType=<NodeIdType.Nume...",ns=1;s=Subscription_53957606,Objects/Objects/Server/ServerDiagnostics/SessionsDiagnosticsSummary/Session1/SubscriptionDiagnosticsArray
(root),53957607,Variable,string,"SubscriptionDiagnosticsDataType(SessionId=NodeId(Identifier=3783273336, NamespaceIndex=1, NodeIdType=<NodeIdType.Nume...",ns=1;s=Subscription_53957607,Objects/Objects/Server/ServerDiagnostics/SessionsDiagnosticsSummary/Session1/SubscriptionDiagnosticsArray
(root),53957608,Variable,string,"SubscriptionDiagnosticsDataType(SessionId=NodeId(Identifier=3783273336, NamespaceIndex=1, NodeIdType=<NodeIdType.Nume...",ns=1;s=Subscription_53957608,Objects/Objects/Server/ServerDiagnostics/SessionsDiagnosticsSummary/Session1/SubscriptionDiagnosticsArray
(root),53957609,Variable,string,"SubscriptionDiagnosticsDataType(SessionId=NodeId(Identifier=3783273336, NamespaceIndex=1, NodeIdType=<NodeIdType.Nume...",ns=1;s=Subscription_53957609,Objects/Objects/Server/ServerDiagnostics/SessionsDiagnosticsSummary/Session1/SubscriptionDiagnosticsArray
(root),53957610,Variable,string,"SubscriptionDiagnosticsDataType(SessionId=NodeId(Identifier=3783273336, NamespaceIndex=1, NodeIdType=<NodeIdType.Nume...",ns=1;s=Subscription_53957610,Objects/Objects/Server/ServerDiagnostics/SessionsDiagnosticsSummary/Session1/SubscriptionDiagnosticsArray
(root),53957611,Variable,string,"SubscriptionDiagnosticsDataType(SessionId=NodeId(Identifier=3783273336, NamespaceIndex=1, NodeIdType=<NodeIdType.Nume...",ns=1;s=Subscription_53957611,Objects/Objects/Server/ServerDiagnostics/SessionsDiagnosticsSummary/Session1/SubscriptionDiagnosticsArray
(root),53957612,Variable,string,"SubscriptionDiagnosticsDataType(SessionId=NodeId(Identifier=3783273336, NamespaceIndex=1, NodeIdType=<NodeIdType.Nume...",ns=1;s=Subscription_53957612,Objects/Objects/Server/ServerDiagnostics/SessionsDiagnosticsSummary/Session1/SubscriptionDiagnosticsArray
(root),53957613,Variable,string,"SubscriptionDiagnosticsDataType(SessionId=NodeId(Identifier=3783273336, NamespaceIndex=1, NodeIdType=<NodeIdType.Nume...",ns=1;s=Subscription_53957613,Objects/Objects/Server/ServerDiagnostics/SessionsDiagnosticsSummary/Session1/SubscriptionDiagnosticsArray
(root),SessionId,Variable,string,"NodeId(Identifier=3783273336, NamespaceIndex=1, NodeIdType=<NodeIdType.Numeric: 2>)",ns=1;s=Subscription_53957594.SessionId,Objects/Objects/Server/ServerDiagnostics/SessionsDiagnosticsSummary/Session1/SubscriptionDiagnosticsArray/53957594
(root),SubscriptionId,Variable,int,53957594,ns=1;s=Subscription_53957594.SubscriptionId,Objects/Objects/Server/ServerDiagnostics/SessionsDiagnosticsSummary/Session1/SubscriptionDiagnosticsArray/53957594
(root),Priority,Variable,int,10,ns=1;s=Subscription_53957594.Priority,Objects/Objects/Server/ServerDiagnostics/SessionsDiagnosticsSummary/Session1/SubscriptionDiagnosticsArray/53957594
(root),PublishingInterval,Variable,float,1000.0,ns=1;s=Subscription_53957594.PublishingInterval,Objects/Objects/Server/ServerDiagnostics/SessionsDiagnosticsSummary/Session1/SubscriptionDiagnosticsArray/53957594
(root),MaxKeepAliveCount,Variable,int,30,ns=1;s=Subscription_53957594.MaxKeepAliveCount,Objects/Objects/Server/ServerDiagnostics/SessionsDiagnosticsSummary/Session1/SubscriptionDiagnosticsArray/53957594
(root),MaxLifetimeCount,Variable,int,300,ns=1;s=Subscription_53957594.MaxLifetimeCount,Objects/Objects/Server/ServerDiagnostics/SessionsDiagnosticsSummary/Session1/SubscriptionDiagnosticsArray/53957594
(root),MaxNotificationsPerPublish,Variable,int,100,ns=1;s=Subscription_53957594.MaxNotificationsPerPublish,Objects/Objects/Server/ServerDiagnostics/SessionsDiagnosticsSummary/Session1/SubscriptionDiagnosticsArray/53957594
(root),PublishingEnabled,Variable,bool,True,ns=1;s=Subscription_53957594.PublishingEnabled,Objects/Objects/Server/ServerDiagnostics/SessionsDiagnosticsSummary/Session1/SubscriptionDiagnosticsArray/53957594
(root),ModifyCount,Variable,int,0,ns=1;s=Subscription_53957594.ModifyCount,Objects/Objects/Server/ServerDiagnostics/SessionsDiagnosticsSummary/Session1/SubscriptionDiagnosticsArray/53957594
(root),EnableCount,Variable,int,0,ns=1;s=Subscription_53957594.EnableCount,Objects/Objects/Server/ServerDiagnostics/SessionsDiagnosticsSummary/Session1/SubscriptionDiagnosticsArray/53957594
(root),DisableCount,Variable,int,0,ns=1;s=Subscription_53957594.DisableCount,Objects/Objects/Server/ServerDiagnostics/SessionsDiagnosticsSummary/Session1/SubscriptionDiagnosticsArray/53957594
(root),RepublishRequestCount,Variable,int,0,ns=1;s=Subscription_53957594.RepublishRequestCount,Objects/Objects/Server/ServerDiagnostics/SessionsDiagnosticsSummary/Session1/SubscriptionDiagnosticsArray/53957594
(root),RepublishMessageRequestCount,Variable,int,0,ns=1;s=Subscription_53957594.RepublishMessageRequestCount,Objects/Objects/Server/ServerDiagnostics/SessionsDiagnosticsSummary/Session1/SubscriptionDiagnosticsArray/53957594
(root),RepublishMessageCount,Variable,int,0,ns=1;s=Subscription_53957594.RepublishMessageCount,Objects/Objects/Server/ServerDiagnostics/SessionsDiagnosticsSummary/Session1/SubscriptionDiagnosticsArray/53957594
(root),TransferRequestCount,Variable,int,0,ns=1;s=Subscription_53957594.TransferRequestCount,Objects/Objects/Server/ServerDiagnostics/SessionsDiagnosticsSummary/Session1/SubscriptionDiagnosticsArray/53957594
(root),TransferredToAltClientCount,Variable,int,0,ns=1;s=Subscription_53957594.TransferredToAltClientCount,Objects/Objects/Server/ServerDiagnostics/SessionsDiagnosticsSummary/Session1/SubscriptionDiagnosticsArray/53957594
(root),TransferredToSameClientCount,Variable,int,0,ns=1;s=Subscription_53957594.TransferredToSameClientCount,Objects/Objects/Server/ServerDiagnostics/SessionsDiagnosticsSummary/Session1/SubscriptionDiagnosticsArray/53957594
(root),PublishRequestCount,Variable,int,18,ns=1;s=Subscription_53957594.PublishRequestCount,Objects/Objects/Server/ServerDiagnostics/SessionsDiagnosticsSummary/Session1/SubscriptionDiagnosticsArray/53957594
(root),DataChangeNotificationsCount,Variable,int,3,ns=1;s=Subscription_53957594.DataChangeNotificationsCount,Objects/Objects/Server/ServerDiagnostics/SessionsDiagnosticsSummary/Session1/SubscriptionDiagnosticsArray/53957594
(root),EventNotificationsCount,Variable,int,0,ns=1;s=Subscription_53957594.EventNotificationsCount,Objects/Objects/Server/ServerDiagnostics/SessionsDiagnosticsSummary/Session1/SubscriptionDiagnosticsArray/53957594
(root),NotificationsCount,Variable,int,3,ns=1;s=Subscription_53957594.NotificationsCount,Objects/Objects/Server/ServerDiagnostics/SessionsDiagnosticsSummary/Session1/SubscriptionDiagnosticsArray/53957594
(root),LatePublishRequestCount,Variable,int,0,ns=1;s=Subscription_53957594.LatePublishRequestCount,Objects/Objects/Server/ServerDiagnostics/SessionsDiagnosticsSummary/Session1/SubscriptionDiagnosticsArray/53957594
(root),CurrentKeepAliveCount,Variable,int,28,ns=1;s=Subscription_53957594.CurrentKeepAliveCount,Objects/Objects/Server/ServerDiagnostics/SessionsDiagnosticsSummary/Session1/SubscriptionDiagnosticsArray/53957594
(root),CurrentLifetimeCount,Variable,int,28,ns=1;s=Subscription_53957594.CurrentLifetimeCount,Objects/Objects/Server/ServerDiagnostics/SessionsDiagnosticsSummary/Session1/SubscriptionDiagnosticsArray/53957594
(root),UnacknowledgedMessageCount,Variable,int,0,ns=1;s=Subscription_53957594.UnacknowledgedMessageCount,Objects/Objects/Server/ServerDiagnostics/SessionsDiagnosticsSummary/Session1/SubscriptionDiagnosticsArray/53957594
(root),DiscardedMessageCount,Variable,int,0,ns=1;s=Subscription_53957594.DiscardedMessageCount,Objects/Objects/Server/ServerDiagnostics/SessionsDiagnosticsSummary/Session1/SubscriptionDiagnosticsArray/53957594
(root),MonitoredItemCount,Variable,int,1,ns=1;s=Subscription_53957594.MonitoredItemCount,Objects/Objects/Server/ServerDiagnostics/SessionsDiagnosticsSummary/Session1/SubscriptionDiagnosticsArray/53957594
(root),DisabledMonitoredItemCount,Variable,int,0,ns=1;s=Subscription_53957594.DisabledMonitoredItemCount,Objects/Objects/Server/ServerDiagnostics/SessionsDiagnosticsSummary/Session1/SubscriptionDiagnosticsArray/53957594
(root),MonitoringQueueOverflowCount,Variable,int,0,ns=1;s=Subscription_53957594.MonitoringQueueOverflowCount,Objects/Objects/Server/ServerDiagnostics/SessionsDiagnosticsSummary/Session1/SubscriptionDiagnosticsArray/53957594
(root),NextSequenceNumber,Variable,int,3,ns=1;s=Subscription_53957594.NextSequenceNumber,Objects/Objects/Server/ServerDiagnostics/SessionsDiagnosticsSummary/Session1/SubscriptionDiagnosticsArray/53957594
(root),EventQueueOverflowCount,Variable,int,0,ns=1;s=Subscription_53957594.EventQueueOverflowCount,Objects/Objects/Server/ServerDiagnostics/SessionsDiagnosticsSummary/Session1/SubscriptionDiagnosticsArray/53957594
(root),SessionId,Variable,string,"NodeId(Identifier=3783273336, NamespaceIndex=1, NodeIdType=<NodeIdType.Numeric: 2>)",ns=1;s=Subscription_53957595.SessionId,Objects/Objects/Server/ServerDiagnostics/SessionsDiagnosticsSummary/Session1/SubscriptionDiagnosticsArray/53957595
(root),SubscriptionId,Variable,int,53957595,ns=1;s=Subscription_53957595.SubscriptionId,Objects/Objects/Server/ServerDiagnostics/SessionsDiagnosticsSummary/Session1/SubscriptionDiagnosticsArray/53957595
(root),Priority,Variable,int,10,ns=1;s=Subscription_53957595.Priority,Objects/Objects/Server/ServerDiagnostics/SessionsDiagnosticsSummary/Session1/SubscriptionDiagnosticsArray/53957595
(root),PublishingInterval,Variable,float,1000.0,ns=1;s=Subscription_53957595.PublishingInterval,Objects/Objects/Server/ServerDiagnostics/SessionsDiagnosticsSummary/Session1/SubscriptionDiagnosticsArray/53957595
(root),MaxKeepAliveCount,Variable,int,30,ns=1;s=Subscription_53957595.MaxKeepAliveCount,Objects/Objects/Server/ServerDiagnostics/SessionsDiagnosticsSummary/Session1/SubscriptionDiagnosticsArray/53957595
(root),MaxLifetimeCount,Variable,int,300,ns=1;s=Subscription_53957595.MaxLifetimeCount,Objects/Objects/Server/ServerDiagnostics/SessionsDiagnosticsSummary/Session1/SubscriptionDiagnosticsArray/53957595
(root),MaxNotificationsPerPublish,Variable,int,100,ns=1;s=Subscription_53957595.MaxNotificationsPerPublish,Objects/Objects/Server/ServerDiagnostics/SessionsDiagnosticsSummary/Session1/SubscriptionDiagnosticsArray/53957595
(root),PublishingEnabled,Variable,bool,True,ns=1;s=Subscription_53957595.PublishingEnabled,Objects/Objects/Server/ServerDiagnostics/SessionsDiagnosticsSummary/Session1/SubscriptionDiagnosticsArray/53957595
(root),ModifyCount,Variable,int,0,ns=1;s=Subscription_53957595.ModifyCount,Objects/Objects/Server/ServerDiagnostics/SessionsDiagnosticsSummary/Session1/SubscriptionDiagnosticsArray/53957595
(root),EnableCount,Variable,int,0,ns=1;s=Subscription_53957595.EnableCount,Objects/Objects/Server/ServerDiagnostics/SessionsDiagnosticsSummary/Session1/SubscriptionDiagnosticsArray/53957595
(root),DisableCount,Variable,int,0,ns=1;s=Subscription_53957595.DisableCount,Objects/Objects/Server/ServerDiagnostics/SessionsDiagnosticsSummary/Session1/SubscriptionDiagnosticsArray/53957595
(root),RepublishRequestCount,Variable,int,0,ns=1;s=Subscription_53957595.RepublishRequestCount,Objects/Objects/Server/ServerDiagnostics/SessionsDiagnosticsSummary/Session1/SubscriptionDiagnosticsArray/53957595
(root),RepublishMessageRequestCount,Variable,int,0,ns=1;s=Subscription_53957595.RepublishMessageRequestCount,Objects/Objects/Server/ServerDiagnostics/SessionsDiagnosticsSummary/Session1/SubscriptionDiagnosticsArray/53957595
(root),RepublishMessageCount,Variable,int,0,ns=1;s=Subscription_53957595.RepublishMessageCount,Objects/Objects/Server/ServerDiagnostics/SessionsDiagnosticsSummary/Session1/SubscriptionDiagnosticsArray/53957595
(root),TransferRequestCount,Variable,int,0,ns=1;s=Subscription_53957595.TransferRequestCount,Objects/Objects/Server/ServerDiagnostics/SessionsDiagnosticsSummary/Session1/SubscriptionDiagnosticsArray/53957595
(root),TransferredToAltClientCount,Variable,int,0,ns=1;s=Subscription_53957595.TransferredToAltClientCount,Objects/Objects/Server/ServerDiagnostics/SessionsDiagnosticsSummary/Session1/SubscriptionDiagnosticsArray/53957595
(root),TransferredToSameClientCount,Variable,int,0,ns=1;s=Subscription_53957595.TransferredToSameClientCount,Objects/Objects/Server/ServerDiagnostics/SessionsDiagnosticsSummary/Session1/SubscriptionDiagnosticsArray/53957595
(root),PublishRequestCount,Variable,int,17,ns=1;s=Subscription_53957595.PublishRequestCount,Objects/Objects/Server/ServerDiagnostics/SessionsDiagnosticsSummary/Session1/SubscriptionDiagnosticsArray/53957595
(root),DataChangeNotificationsCount,Variable,int,3,ns=1;s=Subscription_53957595.DataChangeNotificationsCount,Objects/Objects/Server/ServerDiagnostics/SessionsDiagnosticsSummary/Session1/SubscriptionDiagnosticsArray/53957595
(root),EventNotificationsCount,Variable,int,0,ns=1;s=Subscription_53957595.EventNotificationsCount,Objects/Objects/Server/ServerDiagnostics/SessionsDiagnosticsSummary/Session1/SubscriptionDiagnosticsArray/53957595
(root),NotificationsCount,Variable,int,1,ns=1;s=Subscription_53957595.NotificationsCount,Objects/Objects/Server/ServerDiagnostics/SessionsDiagnosticsSummary/Session1/SubscriptionDiagnosticsArray/53957595
(root),LatePublishRequestCount,Variable,int,0,ns=1;s=Subscription_53957595.LatePublishRequestCount,Objects/Objects/Server/ServerDiagnostics/SessionsDiagnosticsSummary/Session1/SubscriptionDiagnosticsArray/53957595
(root),CurrentKeepAliveCount,Variable,int,29,ns=1;s=Subscription_53957595.CurrentKeepAliveCount,Objects/Objects/Server/ServerDiagnostics/SessionsDiagnosticsSummary/Session1/SubscriptionDiagnosticsArray/53957595
(root),CurrentLifetimeCount,Variable,int,29,ns=1;s=Subscription_53957595.CurrentLifetimeCount,Objects/Objects/Server/ServerDiagnostics/SessionsDiagnosticsSummary/Session1/SubscriptionDiagnosticsArray/53957595
(root),UnacknowledgedMessageCount,Variable,int,0,ns=1;s=Subscription_53957595.UnacknowledgedMessageCount,Objects/Objects/Server/ServerDiagnostics/SessionsDiagnosticsSummary/Session1/SubscriptionDiagnosticsArray/53957595
(root),DiscardedMessageCount,Variable,int,0,ns=1;s=Subscription_53957595.DiscardedMessageCount,Objects/Objects/Server/ServerDiagnostics/SessionsDiagnosticsSummary/Session1/SubscriptionDiagnosticsArray/53957595
(root),MonitoredItemCount,Variable,int,3,ns=1;s=Subscription_53957595.MonitoredItemCount,Objects/Objects/Server/ServerDiagnostics/SessionsDiagnosticsSummary/Session1/SubscriptionDiagnosticsArray/53957595
(root),DisabledMonitoredItemCount,Variable,int,0,ns=1;s=Subscription_53957595.DisabledMonitoredItemCount,Objects/Objects/Server/ServerDiagnostics/SessionsDiagnosticsSummary/Session1/SubscriptionDiagnosticsArray/53957595
(root),MonitoringQueueOverflowCount,Variable,int,0,ns=1;s=Subscription_53957595.MonitoringQueueOverflowCount,Objects/Objects/Server/ServerDiagnostics/SessionsDiagnosticsSummary/Session1/SubscriptionDiagnosticsArray/53957595
(root),NextSequenceNumber,Variable,int,1,ns=1;s=Subscription_53957595.NextSequenceNumber,Objects/Objects/Server/ServerDiagnostics/SessionsDiagnosticsSummary/Session1/SubscriptionDiagnosticsArray/53957595
(root),EventQueueOverflowCount,Variable,int,0,ns=1;s=Subscription_53957595.EventQueueOverflowCount,Objects/Objects/Server/ServerDiagnostics/SessionsDiagnosticsSummary/Session1/SubscriptionDiagnosticsArray/53957595
(root),SessionId,Variable,string,"NodeId(Identifier=3783273336, NamespaceIndex=1, NodeIdType=<NodeIdType.Numeric: 2>)",ns=1;s=Subscription_53957596.SessionId,Objects/Objects/Server/ServerDiagnostics/SessionsDiagnosticsSummary/Session1/SubscriptionDiagnosticsArray/53957596
(root),SubscriptionId,Variable,int,53957596,ns=1;s=Subscription_53957596.SubscriptionId,Objects/Objects/Server/ServerDiagnostics/SessionsDiagnosticsSummary/Session1/SubscriptionDiagnosticsArray/53957596
(root),Priority,Variable,int,10,ns=1;s=Subscription_53957596.Priority,Objects/Objects/Server/ServerDiagnostics/SessionsDiagnosticsSummary/Session1/SubscriptionDiagnosticsArray/53957596
(root),PublishingInterval,Variable,float,1000.0,ns=1;s=Subscription_53957596.PublishingInterval,Objects/Objects/Server/ServerDiagnostics/SessionsDiagnosticsSummary/Session1/SubscriptionDiagnosticsArray/53957596
(root),MaxKeepAliveCount,Variable,int,30,ns=1;s=Subscription_53957596.MaxKeepAliveCount,Objects/Objects/Server/ServerDiagnostics/SessionsDiagnosticsSummary/Session1/SubscriptionDiagnosticsArray/53957596
(root),MaxLifetimeCount,Variable,int,300,ns=1;s=Subscription_53957596.MaxLifetimeCount,Objects/Objects/Server/ServerDiagnostics/SessionsDiagnosticsSummary/Session1/SubscriptionDiagnosticsArray/53957596
(root),MaxNotificationsPerPublish,Variable,int,100,ns=1;s=Subscription_53957596.MaxNotificationsPerPublish,Objects/Objects/Server/ServerDiagnostics/SessionsDiagnosticsSummary/Session1/SubscriptionDiagnosticsArray/53957596
(root),PublishingEnabled,Variable,bool,True,ns=1;s=Subscription_53957596.PublishingEnabled,Objects/Objects/Server/ServerDiagnostics/SessionsDiagnosticsSummary/Session1/SubscriptionDiagnosticsArray/53957596
(root),ModifyCount,Variable,int,0,ns=1;s=Subscription_53957596.ModifyCount,Objects/Objects/Server/ServerDiagnostics/SessionsDiagnosticsSummary/Session1/SubscriptionDiagnosticsArray/53957596
(root),EnableCount,Variable,int,0,ns=1;s=Subscription_53957596.EnableCount,Objects/Objects/Server/ServerDiagnostics/SessionsDiagnosticsSummary/Session1/SubscriptionDiagnosticsArray/53957596
(root),DisableCount,Variable,int,0,ns=1;s=Subscription_53957596.DisableCount,Objects/Objects/Server/ServerDiagnostics/SessionsDiagnosticsSummary/Session1/SubscriptionDiagnosticsArray/53957596
(root),RepublishRequestCount,Variable,int,0,ns=1;s=Subscription_53957596.RepublishRequestCount,Objects/Objects/Server/ServerDiagnostics/SessionsDiagnosticsSummary/Session1/SubscriptionDiagnosticsArray/53957596
(root),RepublishMessageRequestCount,Variable,int,0,ns=1;s=Subscription_53957596.RepublishMessageRequestCount,Objects/Objects/Server/ServerDiagnostics/SessionsDiagnosticsSummary/Session1/SubscriptionDiagnosticsArray/53957596
(root),RepublishMessageCount,Variable,int,0,ns=1;s=Subscription_53957596.RepublishMessageCount,Objects/Objects/Server/ServerDiagnostics/SessionsDiagnosticsSummary/Session1/SubscriptionDiagnosticsArray/53957596
(root),TransferRequestCount,Variable,int,0,ns=1;s=Subscription_53957596.TransferRequestCount,Objects/Objects/Server/ServerDiagnostics/SessionsDiagnosticsSummary/Session1/SubscriptionDiagnosticsArray/53957596
(root),TransferredToAltClientCount,Variable,int,0,ns=1;s=Subscription_53957596.TransferredToAltClientCount,Objects/Objects/Server/ServerDiagnostics/SessionsDiagnosticsSummary/Session1/SubscriptionDiagnosticsArray/53957596
(root),TransferredToSameClientCount,Variable,int,0,ns=1;s=Subscription_53957596.TransferredToSameClientCount,Objects/Objects/Server/ServerDiagnostics/SessionsDiagnosticsSummary/Session1/SubscriptionDiagnosticsArray/53957596
(root),PublishRequestCount,Variable,int,252,ns=1;s=Subscription_53957596.PublishRequestCount,Objects/Objects/Server/ServerDiagnostics/SessionsDiagnosticsSummary/Session1/SubscriptionDiagnosticsArray/53957596
(root),DataChangeNotificationsCount,Variable,int,252,ns=1;s=Subscription_53957596.DataChangeNotificationsCount,Objects/Objects/Server/ServerDiagnostics/SessionsDiagnosticsSummary/Session1/SubscriptionDiagnosticsArray/53957596
(root),EventNotificationsCount,Variable,int,0,ns=1;s=Subscription_53957596.EventNotificationsCount,Objects/Objects/Server/ServerDiagnostics/SessionsDiagnosticsSummary/Session1/SubscriptionDiagnosticsArray/53957596
(root),NotificationsCount,Variable,int,252,ns=1;s=Subscription_53957596.NotificationsCount,Objects/Objects/Server/ServerDiagnostics/SessionsDiagnosticsSummary/Session1/SubscriptionDiagnosticsArray/53957596
(root),LatePublishRequestCount,Variable,int,0,ns=1;s=Subscription_53957596.LatePublishRequestCount,Objects/Objects/Server/ServerDiagnostics/SessionsDiagnosticsSummary/Session1/SubscriptionDiagnosticsArray/53957596
(root),CurrentKeepAliveCount,Variable,int,1,ns=1;s=Subscription_53957596.CurrentKeepAliveCount,Objects/Objects/Server/ServerDiagnostics/SessionsDiagnosticsSummary/Session1/SubscriptionDiagnosticsArray/53957596
(root),CurrentLifetimeCount,Variable,int,1,ns=1;s=Subscription_53957596.CurrentLifetimeCount,Objects/Objects/Server/ServerDiagnostics/SessionsDiagnosticsSummary/Session1/SubscriptionDiagnosticsArray/53957596
(root),UnacknowledgedMessageCount,Variable,int,1,ns=1;s=Subscription_53957596.UnacknowledgedMessageCount,Objects/Objects/Server/ServerDiagnostics/SessionsDiagnosticsSummary/Session1/SubscriptionDiagnosticsArray/53957596
(root),DiscardedMessageCount,Variable,int,0,ns=1;s=Subscription_53957596.DiscardedMessageCount,Objects/Objects/Server/ServerDiagnostics/SessionsDiagnosticsSummary/Session1/SubscriptionDiagnosticsArray/53957596
(root),MonitoredItemCount,Variable,int,1,ns=1;s=Subscription_53957596.MonitoredItemCount,Objects/Objects/Server/ServerDiagnostics/SessionsDiagnosticsSummary/Session1/SubscriptionDiagnosticsArray/53957596
(root),DisabledMonitoredItemCount,Variable,int,0,ns=1;s=Subscription_53957596.DisabledMonitoredItemCount,Objects/Objects/Server/ServerDiagnostics/SessionsDiagnosticsSummary/Session1/SubscriptionDiagnosticsArray/53957596
(root),MonitoringQueueOverflowCount,Variable,int,0,ns=1;s=Subscription_53957596.MonitoringQueueOverflowCount,Objects/Objects/Server/ServerDiagnostics/SessionsDiagnosticsSummary/Session1/SubscriptionDiagnosticsArray/53957596
(root),NextSequenceNumber,Variable,int,252,ns=1;s=Subscription_53957596.NextSequenceNumber,Objects/Objects/Server/ServerDiagnostics/SessionsDiagnosticsSummary/Session1/SubscriptionDiagnosticsArray/53957596
(root),EventQueueOverflowCount,Variable,int,0,ns=1;s=Subscription_53957596.EventQueueOverflowCount,Objects/Objects/Server/ServerDiagnostics/SessionsDiagnosticsSummary/Session1/SubscriptionDiagnosticsArray/53957596
(root),SessionId,Variable,string,"NodeId(Identifier=3783273336, NamespaceIndex=1, NodeIdType=<NodeIdType.Numeric: 2>)",ns=1;s=Subscription_53957597.SessionId,Objects/Objects/Server/ServerDiagnostics/SessionsDiagnosticsSummary/Session1/SubscriptionDiagnosticsArray/53957597
(root),SubscriptionId,Variable,int,53957597,ns=1;s=Subscription_53957597.SubscriptionId,Objects/Objects/Server/ServerDiagnostics/SessionsDiagnosticsSummary/Session1/SubscriptionDiagnosticsArray/53957597
(root),Priority,Variable,int,10,ns=1;s=Subscription_53957597.Priority,Objects/Objects/Server/ServerDiagnostics/SessionsDiagnosticsSummary/Session1/SubscriptionDiagnosticsArray/53957597
(root),PublishingInterval,Variable,float,1000.0,ns=1;s=Subscription_53957597.PublishingInterval,Objects/Objects/Server/ServerDiagnostics/SessionsDiagnosticsSummary/Session1/SubscriptionDiagnosticsArray/53957597
(root),MaxKeepAliveCount,Variable,int,30,ns=1;s=Subscription_53957597.MaxKeepAliveCount,Objects/Objects/Server/ServerDiagnostics/SessionsDiagnosticsSummary/Session1/SubscriptionDiagnosticsArray/53957597
(root),MaxLifetimeCount,Variable,int,300,ns=1;s=Subscription_53957597.MaxLifetimeCount,Objects/Objects/Server/ServerDiagnostics/SessionsDiagnosticsSummary/Session1/SubscriptionDiagnosticsArray/53957597
(root),MaxNotificationsPerPublish,Variable,int,100,ns=1;s=Subscription_53957597.MaxNotificationsPerPublish,Objects/Objects/Server/ServerDiagnostics/SessionsDiagnosticsSummary/Session1/SubscriptionDiagnosticsArray/53957597
(root),PublishingEnabled,Variable,bool,True,ns=1;s=Subscription_53957597.PublishingEnabled,Objects/Objects/Server/ServerDiagnostics/SessionsDiagnosticsSummary/Session1/SubscriptionDiagnosticsArray/53957597
(root),ModifyCount,Variable,int,0,ns=1;s=Subscription_53957597.ModifyCount,Objects/Objects/Server/ServerDiagnostics/SessionsDiagnosticsSummary/Session1/SubscriptionDiagnosticsArray/53957597
(root),EnableCount,Variable,int,0,ns=1;s=Subscription_53957597.EnableCount,Objects/Objects/Server/ServerDiagnostics/SessionsDiagnosticsSummary/Session1/SubscriptionDiagnosticsArray/53957597
(root),DisableCount,Variable,int,0,ns=1;s=Subscription_53957597.DisableCount,Objects/Objects/Server/ServerDiagnostics/SessionsDiagnosticsSummary/Session1/SubscriptionDiagnosticsArray/53957597
(root),RepublishRequestCount,Variable,int,0,ns=1;s=Subscription_53957597.RepublishRequestCount,Objects/Objects/Server/ServerDiagnostics/SessionsDiagnosticsSummary/Session1/SubscriptionDiagnosticsArray/53957597
(root),RepublishMessageRequestCount,Variable,int,0,ns=1;s=Subscription_53957597.RepublishMessageRequestCount,Objects/Objects/Server/ServerDiagnostics/SessionsDiagnosticsSummary/Session1/SubscriptionDiagnosticsArray/53957597
(root),RepublishMessageCount,Variable,int,0,ns=1;s=Subscription_53957597.RepublishMessageCount,Objects/Objects/Server/ServerDiagnostics/SessionsDiagnosticsSummary/Session1/SubscriptionDiagnosticsArray/53957597
(root),TransferRequestCount,Variable,int,0,ns=1;s=Subscription_53957597.TransferRequestCount,Objects/Objects/Server/ServerDiagnostics/SessionsDiagnosticsSummary/Session1/SubscriptionDiagnosticsArray/53957597
(root),TransferredToAltClientCount,Variable,int,0,ns=1;s=Subscription_53957597.TransferredToAltClientCount,Objects/Objects/Server/ServerDiagnostics/SessionsDiagnosticsSummary/Session1/SubscriptionDiagnosticsArray/53957597
(root),TransferredToSameClientCount,Variable,int,0,ns=1;s=Subscription_53957597.TransferredToSameClientCount,Objects/Objects/Server/ServerDiagnostics/SessionsDiagnosticsSummary/Session1/SubscriptionDiagnosticsArray/53957597
(root),PublishRequestCount,Variable,int,253,ns=1;s=Subscription_53957597.PublishRequestCount,Objects/Objects/Server/ServerDiagnostics/SessionsDiagnosticsSummary/Session1/SubscriptionDiagnosticsArray/53957597
(root),DataChangeNotificationsCount,Variable,int,253,ns=1;s=Subscription_53957597.DataChangeNotificationsCount,Objects/Objects/Server/ServerDiagnostics/SessionsDiagnosticsSummary/Session1/SubscriptionDiagnosticsArray/53957597
(root),EventNotificationsCount,Variable,int,0,ns=1;s=Subscription_53957597.EventNotificationsCount,Objects/Objects/Server/ServerDiagnostics/SessionsDiagnosticsSummary/Session1/SubscriptionDiagnosticsArray/53957597
(root),NotificationsCount,Variable,int,253,ns=1;s=Subscription_53957597.NotificationsCount,Objects/Objects/Server/ServerDiagnostics/SessionsDiagnosticsSummary/Session1/SubscriptionDiagnosticsArray/53957597
(root),LatePublishRequestCount,Variable,int,0,ns=1;s=Subscription_53957597.LatePublishRequestCount,Objects/Objects/Server/ServerDiagnostics/SessionsDiagnosticsSummary/Session1/SubscriptionDiagnosticsArray/53957597
(root),CurrentKeepAliveCount,Variable,int,0,ns=1;s=Subscription_53957597.CurrentKeepAliveCount,Objects/Objects/Server/ServerDiagnostics/SessionsDiagnosticsSummary/Session1/SubscriptionDiagnosticsArray/53957597
(root),CurrentLifetimeCount,Variable,int,0,ns=1;s=Subscription_53957597.CurrentLifetimeCount,Objects/Objects/Server/ServerDiagnostics/SessionsDiagnosticsSummary/Session1/SubscriptionDiagnosticsArray/53957597
(root),UnacknowledgedMessageCount,Variable,int,1,ns=1;s=Subscription_53957597.UnacknowledgedMessageCount,Objects/Objects/Server/ServerDiagnostics/SessionsDiagnosticsSummary/Session1/SubscriptionDiagnosticsArray/53957597
(root),DiscardedMessageCount,Variable,int,0,ns=1;s=Subscription_53957597.DiscardedMessageCount,Objects/Objects/Server/ServerDiagnostics/SessionsDiagnosticsSummary/Session1/SubscriptionDiagnosticsArray/53957597
(root),MonitoredItemCount,Variable,int,1,ns=1;s=Subscription_53957597.MonitoredItemCount,Objects/Objects/Server/ServerDiagnostics/SessionsDiagnosticsSummary/Session1/SubscriptionDiagnosticsArray/53957597
(root),DisabledMonitoredItemCount,Variable,int,0,ns=1;s=Subscription_53957597.DisabledMonitoredItemCount,Objects/Objects/Server/ServerDiagnostics/SessionsDiagnosticsSummary/Session1/SubscriptionDiagnosticsArray/53957597
(root),MonitoringQueueOverflowCount,Variable,int,0,ns=1;s=Subscription_53957597.MonitoringQueueOverflowCount,Objects/Objects/Server/ServerDiagnostics/SessionsDiagnosticsSummary/Session1/SubscriptionDiagnosticsArray/53957597
(root),NextSequenceNumber,Variable,int,253,ns=1;s=Subscription_53957597.NextSequenceNumber,Objects/Objects/Server/ServerDiagnostics/SessionsDiagnosticsSummary/Session1/SubscriptionDiagnosticsArray/53957597
(root),EventQueueOverflowCount,Variable,int,0,ns=1;s=Subscription_53957597.EventQueueOverflowCount,Objects/Objects/Server/ServerDiagnostics/SessionsDiagnosticsSummary/Session1/SubscriptionDiagnosticsArray/53957597
(root),SessionId,Variable,string,"NodeId(Identifier=3783273336, NamespaceIndex=1, NodeIdType=<NodeIdType.Numeric: 2>)",ns=1;s=Subscription_53957598.SessionId,Objects/Objects/Server/ServerDiagnostics/SessionsDiagnosticsSummary/Session1/SubscriptionDiagnosticsArray/53957598
(root),SubscriptionId,Variable,int,53957598,ns=1;s=Subscription_53957598.SubscriptionId,Objects/Objects/Server/ServerDiagnostics/SessionsDiagnosticsSummary/Session1/SubscriptionDiagnosticsArray/53957598
(root),Priority,Variable,int,10,ns=1;s=Subscription_53957598.Priority,Objects/Objects/Server/ServerDiagnostics/SessionsDiagnosticsSummary/Session1/SubscriptionDiagnosticsArray/53957598
(root),PublishingInterval,Variable,float,1000.0,ns=1;s=Subscription_53957598.PublishingInterval,Objects/Objects/Server/ServerDiagnostics/SessionsDiagnosticsSummary/Session1/SubscriptionDiagnosticsArray/53957598
(root),MaxKeepAliveCount,Variable,int,30,ns=1;s=Subscription_53957598.MaxKeepAliveCount,Objects/Objects/Server/ServerDiagnostics/SessionsDiagnosticsSummary/Session1/SubscriptionDiagnosticsArray/53957598
(root),MaxLifetimeCount,Variable,int,300,ns=1;s=Subscription_53957598.MaxLifetimeCount,Objects/Objects/Server/ServerDiagnostics/SessionsDiagnosticsSummary/Session1/SubscriptionDiagnosticsArray/53957598
(root),MaxNotificationsPerPublish,Variable,int,100,ns=1;s=Subscription_53957598.MaxNotificationsPerPublish,Objects/Objects/Server/ServerDiagnostics/SessionsDiagnosticsSummary/Session1/SubscriptionDiagnosticsArray/53957598
(root),PublishingEnabled,Variable,bool,True,ns=1;s=Subscription_53957598.PublishingEnabled,Objects/Objects/Server/ServerDiagnostics/SessionsDiagnosticsSummary/Session1/SubscriptionDiagnosticsArray/53957598
(root),ModifyCount,Variable,int,0,ns=1;s=Subscription_53957598.ModifyCount,Objects/Objects/Server/ServerDiagnostics/SessionsDiagnosticsSummary/Session1/SubscriptionDiagnosticsArray/53957598
(root),EnableCount,Variable,int,0,ns=1;s=Subscription_53957598.EnableCount,Objects/Objects/Server/ServerDiagnostics/SessionsDiagnosticsSummary/Session1/SubscriptionDiagnosticsArray/53957598
(root),DisableCount,Variable,int,0,ns=1;s=Subscription_53957598.DisableCount,Objects/Objects/Server/ServerDiagnostics/SessionsDiagnosticsSummary/Session1/SubscriptionDiagnosticsArray/53957598
(root),RepublishRequestCount,Variable,int,0,ns=1;s=Subscription_53957598.RepublishRequestCount,Objects/Objects/Server/ServerDiagnostics/SessionsDiagnosticsSummary/Session1/SubscriptionDiagnosticsArray/53957598
(root),RepublishMessageRequestCount,Variable,int,0,ns=1;s=Subscription_53957598.RepublishMessageRequestCount,Objects/Objects/Server/ServerDiagnostics/SessionsDiagnosticsSummary/Session1/SubscriptionDiagnosticsArray/53957598
(root),RepublishMessageCount,Variable,int,0,ns=1;s=Subscription_53957598.RepublishMessageCount,Objects/Objects/Server/ServerDiagnostics/SessionsDiagnosticsSummary/Session1/SubscriptionDiagnosticsArray/53957598
(root),TransferRequestCount,Variable,int,0,ns=1;s=Subscription_53957598.TransferRequestCount,Objects/Objects/Server/ServerDiagnostics/SessionsDiagnosticsSummary/Session1/SubscriptionDiagnosticsArray/53957598
(root),TransferredToAltClientCount,Variable,int,0,ns=1;s=Subscription_53957598.TransferredToAltClientCount,Objects/Objects/Server/ServerDiagnostics/SessionsDiagnosticsSummary/Session1/SubscriptionDiagnosticsArray/53957598
(root),TransferredToSameClientCount,Variable,int,0,ns=1;s=Subscription_53957598.TransferredToSameClientCount,Objects/Objects/Server/ServerDiagnostics/SessionsDiagnosticsSummary/Session1/SubscriptionDiagnosticsArray/53957598
(root),PublishRequestCount,Variable,int,253,ns=1;s=Subscription_53957598.PublishRequestCount,Objects/Objects/Server/ServerDiagnostics/SessionsDiagnosticsSummary/Session1/SubscriptionDiagnosticsArray/53957598
(root),DataChangeNotificationsCount,Variable,int,253,ns=1;s=Subscription_53957598.DataChangeNotificationsCount,Objects/Objects/Server/ServerDiagnostics/SessionsDiagnosticsSummary/Session1/SubscriptionDiagnosticsArray/53957598
(root),EventNotificationsCount,Variable,int,0,ns=1;s=Subscription_53957598.EventNotificationsCount,Objects/Objects/Server/ServerDiagnostics/SessionsDiagnosticsSummary/Session1/SubscriptionDiagnosticsArray/53957598
(root),NotificationsCount,Variable,int,253,ns=1;s=Subscription_53957598.NotificationsCount,Objects/Objects/Server/ServerDiagnostics/SessionsDiagnosticsSummary/Session1/SubscriptionDiagnosticsArray/53957598
(root),LatePublishRequestCount,Variable,int,0,ns=1;s=Subscription_53957598.LatePublishRequestCount,Objects/Objects/Server/ServerDiagnostics/SessionsDiagnosticsSummary/Session1/SubscriptionDiagnosticsArray/53957598
(root),CurrentKeepAliveCount,Variable,int,0,ns=1;s=Subscription_53957598.CurrentKeepAliveCount,Objects/Objects/Server/ServerDiagnostics/SessionsDiagnosticsSummary/Session1/SubscriptionDiagnosticsArray/53957598
(root),CurrentLifetimeCount,Variable,int,0,ns=1;s=Subscription_53957598.CurrentLifetimeCount,Objects/Objects/Server/ServerDiagnostics/SessionsDiagnosticsSummary/Session1/SubscriptionDiagnosticsArray/53957598
(root),UnacknowledgedMessageCount,Variable,int,1,ns=1;s=Subscription_53957598.UnacknowledgedMessageCount,Objects/Objects/Server/ServerDiagnostics/SessionsDiagnosticsSummary/Session1/SubscriptionDiagnosticsArray/53957598
(root),DiscardedMessageCount,Variable,int,0,ns=1;s=Subscription_53957598.DiscardedMessageCount,Objects/Objects/Server/ServerDiagnostics/SessionsDiagnosticsSummary/Session1/SubscriptionDiagnosticsArray/53957598
(root),MonitoredItemCount,Variable,int,1,ns=1;s=Subscription_53957598.MonitoredItemCount,Objects/Objects/Server/ServerDiagnostics/SessionsDiagnosticsSummary/Session1/SubscriptionDiagnosticsArray/53957598
(root),DisabledMonitoredItemCount,Variable,int,0,ns=1;s=Subscription_53957598.DisabledMonitoredItemCount,Objects/Objects/Server/ServerDiagnostics/SessionsDiagnosticsSummary/Session1/SubscriptionDiagnosticsArray/53957598
(root),MonitoringQueueOverflowCount,Variable,int,0,ns=1;s=Subscription_53957598.MonitoringQueueOverflowCount,Objects/Objects/Server/ServerDiagnostics/SessionsDiagnosticsSummary/Session1/SubscriptionDiagnosticsArray/53957598
(root),NextSequenceNumber,Variable,int,253,ns=1;s=Subscription_53957598.NextSequenceNumber,Objects/Objects/Server/ServerDiagnostics/SessionsDiagnosticsSummary/Session1/SubscriptionDiagnosticsArray/53957598
(root),EventQueueOverflowCount,Variable,int,0,ns=1;s=Subscription_53957598.EventQueueOverflowCount,Objects/Objects/Server/ServerDiagnostics/SessionsDiagnosticsSummary/Session1/SubscriptionDiagnosticsArray/53957598
(root),SessionId,Variable,string,"NodeId(Identifier=3783273336, NamespaceIndex=1, NodeIdType=<NodeIdType.Numeric: 2>)",ns=1;s=Subscription_53957599.SessionId,Objects/Objects/Server/ServerDiagnostics/SessionsDiagnosticsSummary/Session1/SubscriptionDiagnosticsArray/53957599
(root),SubscriptionId,Variable,int,53957599,ns=1;s=Subscription_53957599.SubscriptionId,Objects/Objects/Server/ServerDiagnostics/SessionsDiagnosticsSummary/Session1/SubscriptionDiagnosticsArray/53957599
(root),Priority,Variable,int,10,ns=1;s=Subscription_53957599.Priority,Objects/Objects/Server/ServerDiagnostics/SessionsDiagnosticsSummary/Session1/SubscriptionDiagnosticsArray/53957599
(root),PublishingInterval,Variable,float,1000.0,ns=1;s=Subscription_53957599.PublishingInterval,Objects/Objects/Server/ServerDiagnostics/SessionsDiagnosticsSummary/Session1/SubscriptionDiagnosticsArray/53957599
(root),MaxKeepAliveCount,Variable,int,30,ns=1;s=Subscription_53957599.MaxKeepAliveCount,Objects/Objects/Server/ServerDiagnostics/SessionsDiagnosticsSummary/Session1/SubscriptionDiagnosticsArray/53957599
(root),MaxLifetimeCount,Variable,int,300,ns=1;s=Subscription_53957599.MaxLifetimeCount,Objects/Objects/Server/ServerDiagnostics/SessionsDiagnosticsSummary/Session1/SubscriptionDiagnosticsArray/53957599
(root),MaxNotificationsPerPublish,Variable,int,100,ns=1;s=Subscription_53957599.MaxNotificationsPerPublish,Objects/Objects/Server/ServerDiagnostics/SessionsDiagnosticsSummary/Session1/SubscriptionDiagnosticsArray/53957599
(root),PublishingEnabled,Variable,bool,True,ns=1;s=Subscription_53957599.PublishingEnabled,Objects/Objects/Server/ServerDiagnostics/SessionsDiagnosticsSummary/Session1/SubscriptionDiagnosticsArray/53957599
(root),ModifyCount,Variable,int,0,ns=1;s=Subscription_53957599.ModifyCount,Objects/Objects/Server/ServerDiagnostics/SessionsDiagnosticsSummary/Session1/SubscriptionDiagnosticsArray/53957599
(root),EnableCount,Variable,int,0,ns=1;s=Subscription_53957599.EnableCount,Objects/Objects/Server/ServerDiagnostics/SessionsDiagnosticsSummary/Session1/SubscriptionDiagnosticsArray/53957599
(root),DisableCount,Variable,int,0,ns=1;s=Subscription_53957599.DisableCount,Objects/Objects/Server/ServerDiagnostics/SessionsDiagnosticsSummary/Session1/SubscriptionDiagnosticsArray/53957599
(root),RepublishRequestCount,Variable,int,0,ns=1;s=Subscription_53957599.RepublishRequestCount,Objects/Objects/Server/ServerDiagnostics/SessionsDiagnosticsSummary/Session1/SubscriptionDiagnosticsArray/53957599
(root),RepublishMessageRequestCount,Variable,int,0,ns=1;s=Subscription_53957599.RepublishMessageRequestCount,Objects/Objects/Server/ServerDiagnostics/SessionsDiagnosticsSummary/Session1/SubscriptionDiagnosticsArray/53957599
(root),RepublishMessageCount,Variable,int,0,ns=1;s=Subscription_53957599.RepublishMessageCount,Objects/Objects/Server/ServerDiagnostics/SessionsDiagnosticsSummary/Session1/SubscriptionDiagnosticsArray/53957599
(root),TransferRequestCount,Variable,int,0,ns=1;s=Subscription_53957599.TransferRequestCount,Objects/Objects/Server/ServerDiagnostics/SessionsDiagnosticsSummary/Session1/SubscriptionDiagnosticsArray/53957599
(root),TransferredToAltClientCount,Variable,int,0,ns=1;s=Subscription_53957599.TransferredToAltClientCount,Objects/Objects/Server/ServerDiagnostics/SessionsDiagnosticsSummary/Session1/SubscriptionDiagnosticsArray/53957599
(root),TransferredToSameClientCount,Variable,int,0,ns=1;s=Subscription_53957599.TransferredToSameClientCount,Objects/Objects/Server/ServerDiagnostics/SessionsDiagnosticsSummary/Session1/SubscriptionDiagnosticsArray/53957599
(root),PublishRequestCount,Variable,int,253,ns=1;s=Subscription_53957599.PublishRequestCount,Objects/Objects/Server/ServerDiagnostics/SessionsDiagnosticsSummary/Session1/SubscriptionDiagnosticsArray/53957599
(root),DataChangeNotificationsCount,Variable,int,253,ns=1;s=Subscription_53957599.DataChangeNotificationsCount,Objects/Objects/Server/ServerDiagnostics/SessionsDiagnosticsSummary/Session1/SubscriptionDiagnosticsArray/53957599
(root),EventNotificationsCount,Variable,int,0,ns=1;s=Subscription_53957599.EventNotificationsCount,Objects/Objects/Server/ServerDiagnostics/SessionsDiagnosticsSummary/Session1/SubscriptionDiagnosticsArray/53957599
(root),NotificationsCount,Variable,int,253,ns=1;s=Subscription_53957599.NotificationsCount,Objects/Objects/Server/ServerDiagnostics/SessionsDiagnosticsSummary/Session1/SubscriptionDiagnosticsArray/53957599
(root),LatePublishRequestCount,Variable,int,0,ns=1;s=Subscription_53957599.LatePublishRequestCount,Objects/Objects/Server/ServerDiagnostics/SessionsDiagnosticsSummary/Session1/SubscriptionDiagnosticsArray/53957599
(root),CurrentKeepAliveCount,Variable,int,0,ns=1;s=Subscription_53957599.CurrentKeepAliveCount,Objects/Objects/Server/ServerDiagnostics/SessionsDiagnosticsSummary/Session1/SubscriptionDiagnosticsArray/53957599
(root),CurrentLifetimeCount,Variable,int,0,ns=1;s=Subscription_53957599.CurrentLifetimeCount,Objects/Objects/Server/ServerDiagnostics/SessionsDiagnosticsSummary/Session1/SubscriptionDiagnosticsArray/53957599
(root),UnacknowledgedMessageCount,Variable,int,1,ns=1;s=Subscription_53957599.UnacknowledgedMessageCount,Objects/Objects/Server/ServerDiagnostics/SessionsDiagnosticsSummary/Session1/SubscriptionDiagnosticsArray/53957599
(root),DiscardedMessageCount,Variable,int,0,ns=1;s=Subscription_53957599.DiscardedMessageCount,Objects/Objects/Server/ServerDiagnostics/SessionsDiagnosticsSummary/Session1/SubscriptionDiagnosticsArray/53957599
(root),MonitoredItemCount,Variable,int,1,ns=1;s=Subscription_53957599.MonitoredItemCount,Objects/Objects/Server/ServerDiagnostics/SessionsDiagnosticsSummary/Session1/SubscriptionDiagnosticsArray/53957599
(root),DisabledMonitoredItemCount,Variable,int,0,ns=1;s=Subscription_53957599.DisabledMonitoredItemCount,Objects/Objects/Server/ServerDiagnostics/SessionsDiagnosticsSummary/Session1/SubscriptionDiagnosticsArray/53957599
(root),MonitoringQueueOverflowCount,Variable,int,0,ns=1;s=Subscription_53957599.MonitoringQueueOverflowCount,Objects/Objects/Server/ServerDiagnostics/SessionsDiagnosticsSummary/Session1/SubscriptionDiagnosticsArray/53957599
(root),NextSequenceNumber,Variable,int,253,ns=1;s=Subscription_53957599.NextSequenceNumber,Objects/Objects/Server/ServerDiagnostics/SessionsDiagnosticsSummary/Session1/SubscriptionDiagnosticsArray/53957599
(root),EventQueueOverflowCount,Variable,int,0,ns=1;s=Subscription_53957599.EventQueueOverflowCount,Objects/Objects/Server/ServerDiagnostics/SessionsDiagnosticsSummary/Session1/SubscriptionDiagnosticsArray/53957599
(root),SessionId,Variable,string,"NodeId(Identifier=3783273336, NamespaceIndex=1, NodeIdType=<NodeIdType.Numeric: 2>)",ns=1;s=Subscription_53957600.SessionId,Objects/Objects/Server/ServerDiagnostics/SessionsDiagnosticsSummary/Session1/SubscriptionDiagnosticsArray/53957600
(root),SubscriptionId,Variable,int,53957600,ns=1;s=Subscription_53957600.SubscriptionId,Objects/Objects/Server/ServerDiagnostics/SessionsDiagnosticsSummary/Session1/SubscriptionDiagnosticsArray/53957600
(root),Priority,Variable,int,10,ns=1;s=Subscription_53957600.Priority,Objects/Objects/Server/ServerDiagnostics/SessionsDiagnosticsSummary/Session1/SubscriptionDiagnosticsArray/53957600
(root),PublishingInterval,Variable,float,1000.0,ns=1;s=Subscription_53957600.PublishingInterval,Objects/Objects/Server/ServerDiagnostics/SessionsDiagnosticsSummary/Session1/SubscriptionDiagnosticsArray/53957600
(root),MaxKeepAliveCount,Variable,int,30,ns=1;s=Subscription_53957600.MaxKeepAliveCount,Objects/Objects/Server/ServerDiagnostics/SessionsDiagnosticsSummary/Session1/SubscriptionDiagnosticsArray/53957600
(root),MaxLifetimeCount,Variable,int,300,ns=1;s=Subscription_53957600.MaxLifetimeCount,Objects/Objects/Server/ServerDiagnostics/SessionsDiagnosticsSummary/Session1/SubscriptionDiagnosticsArray/53957600
(root),MaxNotificationsPerPublish,Variable,int,100,ns=1;s=Subscription_53957600.MaxNotificationsPerPublish,Objects/Objects/Server/ServerDiagnostics/SessionsDiagnosticsSummary/Session1/SubscriptionDiagnosticsArray/53957600
(root),PublishingEnabled,Variable,bool,True,ns=1;s=Subscription_53957600.PublishingEnabled,Objects/Objects/Server/ServerDiagnostics/SessionsDiagnosticsSummary/Session1/SubscriptionDiagnosticsArray/53957600
(root),ModifyCount,Variable,int,0,ns=1;s=Subscription_53957600.ModifyCount,Objects/Objects/Server/ServerDiagnostics/SessionsDiagnosticsSummary/Session1/SubscriptionDiagnosticsArray/53957600
(root),EnableCount,Variable,int,0,ns=1;s=Subscription_53957600.EnableCount,Objects/Objects/Server/ServerDiagnostics/SessionsDiagnosticsSummary/Session1/SubscriptionDiagnosticsArray/53957600
(root),DisableCount,Variable,int,0,ns=1;s=Subscription_53957600.DisableCount,Objects/Objects/Server/ServerDiagnostics/SessionsDiagnosticsSummary/Session1/SubscriptionDiagnosticsArray/53957600
(root),RepublishRequestCount,Variable,int,0,ns=1;s=Subscription_53957600.RepublishRequestCount,Objects/Objects/Server/ServerDiagnostics/SessionsDiagnosticsSummary/Session1/SubscriptionDiagnosticsArray/53957600
(root),RepublishMessageRequestCount,Variable,int,0,ns=1;s=Subscription_53957600.RepublishMessageRequestCount,Objects/Objects/Server/ServerDiagnostics/SessionsDiagnosticsSummary/Session1/SubscriptionDiagnosticsArray/53957600
(root),RepublishMessageCount,Variable,int,0,ns=1;s=Subscription_53957600.RepublishMessageCount,Objects/Objects/Server/ServerDiagnostics/SessionsDiagnosticsSummary/Session1/SubscriptionDiagnosticsArray/53957600
(root),TransferRequestCount,Variable,int,0,ns=1;s=Subscription_53957600.TransferRequestCount,Objects/Objects/Server/ServerDiagnostics/SessionsDiagnosticsSummary/Session1/SubscriptionDiagnosticsArray/53957600
(root),TransferredToAltClientCount,Variable,int,0,ns=1;s=Subscription_53957600.TransferredToAltClientCount,Objects/Objects/Server/ServerDiagnostics/SessionsDiagnosticsSummary/Session1/SubscriptionDiagnosticsArray/53957600
(root),TransferredToSameClientCount,Variable,int,0,ns=1;s=Subscription_53957600.TransferredToSameClientCount,Objects/Objects/Server/ServerDiagnostics/SessionsDiagnosticsSummary/Session1/SubscriptionDiagnosticsArray/53957600
(root),PublishRequestCount,Variable,int,254,ns=1;s=Subscription_53957600.PublishRequestCount,Objects/Objects/Server/ServerDiagnostics/SessionsDiagnosticsSummary/Session1/SubscriptionDiagnosticsArray/53957600
(root),DataChangeNotificationsCount,Variable,int,254,ns=1;s=Subscription_53957600.DataChangeNotificationsCount,Objects/Objects/Server/ServerDiagnostics/SessionsDiagnosticsSummary/Session1/SubscriptionDiagnosticsArray/53957600
(root),EventNotificationsCount,Variable,int,0,ns=1;s=Subscription_53957600.EventNotificationsCount,Objects/Objects/Server/ServerDiagnostics/SessionsDiagnosticsSummary/Session1/SubscriptionDiagnosticsArray/53957600
(root),NotificationsCount,Variable,int,254,ns=1;s=Subscription_53957600.NotificationsCount,Objects/Objects/Server/ServerDiagnostics/SessionsDiagnosticsSummary/Session1/SubscriptionDiagnosticsArray/53957600
(root),LatePublishRequestCount,Variable,int,0,ns=1;s=Subscription_53957600.LatePublishRequestCount,Objects/Objects/Server/ServerDiagnostics/SessionsDiagnosticsSummary/Session1/SubscriptionDiagnosticsArray/53957600
(root),CurrentKeepAliveCount,Variable,int,1,ns=1;s=Subscription_53957600.CurrentKeepAliveCount,Objects/Objects/Server/ServerDiagnostics/SessionsDiagnosticsSummary/Session1/SubscriptionDiagnosticsArray/53957600
(root),CurrentLifetimeCount,Variable,int,1,ns=1;s=Subscription_53957600.CurrentLifetimeCount,Objects/Objects/Server/ServerDiagnostics/SessionsDiagnosticsSummary/Session1/SubscriptionDiagnosticsArray/53957600
(root),UnacknowledgedMessageCount,Variable,int,1,ns=1;s=Subscription_53957600.UnacknowledgedMessageCount,Objects/Objects/Server/ServerDiagnostics/SessionsDiagnosticsSummary/Session1/SubscriptionDiagnosticsArray/53957600
(root),DiscardedMessageCount,Variable,int,0,ns=1;s=Subscription_53957600.DiscardedMessageCount,Objects/Objects/Server/ServerDiagnostics/SessionsDiagnosticsSummary/Session1/SubscriptionDiagnosticsArray/53957600
(root),MonitoredItemCount,Variable,int,1,ns=1;s=Subscription_53957600.MonitoredItemCount,Objects/Objects/Server/ServerDiagnostics/SessionsDiagnosticsSummary/Session1/SubscriptionDiagnosticsArray/53957600
(root),DisabledMonitoredItemCount,Variable,int,0,ns=1;s=Subscription_53957600.DisabledMonitoredItemCount,Objects/Objects/Server/ServerDiagnostics/SessionsDiagnosticsSummary/Session1/SubscriptionDiagnosticsArray/53957600
(root),MonitoringQueueOverflowCount,Variable,int,0,ns=1;s=Subscription_53957600.MonitoringQueueOverflowCount,Objects/Objects/Server/ServerDiagnostics/SessionsDiagnosticsSummary/Session1/SubscriptionDiagnosticsArray/53957600
(root),NextSequenceNumber,Variable,int,254,ns=1;s=Subscription_53957600.NextSequenceNumber,Objects/Objects/Server/ServerDiagnostics/SessionsDiagnosticsSummary/Session1/SubscriptionDiagnosticsArray/53957600
(root),EventQueueOverflowCount,Variable,int,0,ns=1;s=Subscription_53957600.EventQueueOverflowCount,Objects/Objects/Server/ServerDiagnostics/SessionsDiagnosticsSummary/Session1/SubscriptionDiagnosticsArray/53957600
(root),SessionId,Variable,string,"NodeId(Identifier=3783273336, NamespaceIndex=1, NodeIdType=<NodeIdType.Numeric: 2>)",ns=1;s=Subscription_53957601.SessionId,Objects/Objects/Server/ServerDiagnostics/SessionsDiagnosticsSummary/Session1/SubscriptionDiagnosticsArray/53957601
(root),SubscriptionId,Variable,int,53957601,ns=1;s=Subscription_53957601.SubscriptionId,Objects/Objects/Server/ServerDiagnostics/SessionsDiagnosticsSummary/Session1/SubscriptionDiagnosticsArray/53957601
(root),Priority,Variable,int,10,ns=1;s=Subscription_53957601.Priority,Objects/Objects/Server/ServerDiagnostics/SessionsDiagnosticsSummary/Session1/SubscriptionDiagnosticsArray/53957601
(root),PublishingInterval,Variable,float,1000.0,ns=1;s=Subscription_53957601.PublishingInterval,Objects/Objects/Server/ServerDiagnostics/SessionsDiagnosticsSummary/Session1/SubscriptionDiagnosticsArray/53957601
(root),MaxKeepAliveCount,Variable,int,30,ns=1;s=Subscription_53957601.MaxKeepAliveCount,Objects/Objects/Server/ServerDiagnostics/SessionsDiagnosticsSummary/Session1/SubscriptionDiagnosticsArray/53957601
(root),MaxLifetimeCount,Variable,int,300,ns=1;s=Subscription_53957601.MaxLifetimeCount,Objects/Objects/Server/ServerDiagnostics/SessionsDiagnosticsSummary/Session1/SubscriptionDiagnosticsArray/53957601
(root),MaxNotificationsPerPublish,Variable,int,100,ns=1;s=Subscription_53957601.MaxNotificationsPerPublish,Objects/Objects/Server/ServerDiagnostics/SessionsDiagnosticsSummary/Session1/SubscriptionDiagnosticsArray/53957601
(root),PublishingEnabled,Variable,bool,True,ns=1;s=Subscription_53957601.PublishingEnabled,Objects/Objects/Server/ServerDiagnostics/SessionsDiagnosticsSummary/Session1/SubscriptionDiagnosticsArray/53957601
(root),ModifyCount,Variable,int,0,ns=1;s=Subscription_53957601.ModifyCount,Objects/Objects/Server/ServerDiagnostics/SessionsDiagnosticsSummary/Session1/SubscriptionDiagnosticsArray/53957601
(root),EnableCount,Variable,int,0,ns=1;s=Subscription_53957601.EnableCount,Objects/Objects/Server/ServerDiagnostics/SessionsDiagnosticsSummary/Session1/SubscriptionDiagnosticsArray/53957601
(root),DisableCount,Variable,int,0,ns=1;s=Subscription_53957601.DisableCount,Objects/Objects/Server/ServerDiagnostics/SessionsDiagnosticsSummary/Session1/SubscriptionDiagnosticsArray/53957601
(root),RepublishRequestCount,Variable,int,0,ns=1;s=Subscription_53957601.RepublishRequestCount,Objects/Objects/Server/ServerDiagnostics/SessionsDiagnosticsSummary/Session1/SubscriptionDiagnosticsArray/53957601
(root),RepublishMessageRequestCount,Variable,int,0,ns=1;s=Subscription_53957601.RepublishMessageRequestCount,Objects/Objects/Server/ServerDiagnostics/SessionsDiagnosticsSummary/Session1/SubscriptionDiagnosticsArray/53957601
(root),RepublishMessageCount,Variable,int,0,ns=1;s=Subscription_53957601.RepublishMessageCount,Objects/Objects/Server/ServerDiagnostics/SessionsDiagnosticsSummary/Session1/SubscriptionDiagnosticsArray/53957601
(root),TransferRequestCount,Variable,int,0,ns=1;s=Subscription_53957601.TransferRequestCount,Objects/Objects/Server/ServerDiagnostics/SessionsDiagnosticsSummary/Session1/SubscriptionDiagnosticsArray/53957601
(root),TransferredToAltClientCount,Variable,int,0,ns=1;s=Subscription_53957601.TransferredToAltClientCount,Objects/Objects/Server/ServerDiagnostics/SessionsDiagnosticsSummary/Session1/SubscriptionDiagnosticsArray/53957601
(root),TransferredToSameClientCount,Variable,int,0,ns=1;s=Subscription_53957601.TransferredToSameClientCount,Objects/Objects/Server/ServerDiagnostics/SessionsDiagnosticsSummary/Session1/SubscriptionDiagnosticsArray/53957601
(root),PublishRequestCount,Variable,int,253,ns=1;s=Subscription_53957601.PublishRequestCount,Objects/Objects/Server/ServerDiagnostics/SessionsDiagnosticsSummary/Session1/SubscriptionDiagnosticsArray/53957601
(root),DataChangeNotificationsCount,Variable,int,253,ns=1;s=Subscription_53957601.DataChangeNotificationsCount,Objects/Objects/Server/ServerDiagnostics/SessionsDiagnosticsSummary/Session1/SubscriptionDiagnosticsArray/53957601
(root),EventNotificationsCount,Variable,int,0,ns=1;s=Subscription_53957601.EventNotificationsCount,Objects/Objects/Server/ServerDiagnostics/SessionsDiagnosticsSummary/Session1/SubscriptionDiagnosticsArray/53957601
(root),NotificationsCount,Variable,int,253,ns=1;s=Subscription_53957601.NotificationsCount,Objects/Objects/Server/ServerDiagnostics/SessionsDiagnosticsSummary/Session1/SubscriptionDiagnosticsArray/53957601
(root),LatePublishRequestCount,Variable,int,0,ns=1;s=Subscription_53957601.LatePublishRequestCount,Objects/Objects/Server/ServerDiagnostics/SessionsDiagnosticsSummary/Session1/SubscriptionDiagnosticsArray/53957601
(root),CurrentKeepAliveCount,Variable,int,1,ns=1;s=Subscription_53957601.CurrentKeepAliveCount,Objects/Objects/Server/ServerDiagnostics/SessionsDiagnosticsSummary/Session1/SubscriptionDiagnosticsArray/53957601
(root),CurrentLifetimeCount,Variable,int,1,ns=1;s=Subscription_53957601.CurrentLifetimeCount,Objects/Objects/Server/ServerDiagnostics/SessionsDiagnosticsSummary/Session1/SubscriptionDiagnosticsArray/53957601
(root),UnacknowledgedMessageCount,Variable,int,1,ns=1;s=Subscription_53957601.UnacknowledgedMessageCount,Objects/Objects/Server/ServerDiagnostics/SessionsDiagnosticsSummary/Session1/SubscriptionDiagnosticsArray/53957601
(root),DiscardedMessageCount,Variable,int,0,ns=1;s=Subscription_53957601.DiscardedMessageCount,Objects/Objects/Server/ServerDiagnostics/SessionsDiagnosticsSummary/Session1/SubscriptionDiagnosticsArray/53957601
(root),MonitoredItemCount,Variable,int,1,ns=1;s=Subscription_53957601.MonitoredItemCount,Objects/Objects/Server/ServerDiagnostics/SessionsDiagnosticsSummary/Session1/SubscriptionDiagnosticsArray/53957601
(root),DisabledMonitoredItemCount,Variable,int,0,ns=1;s=Subscription_53957601.DisabledMonitoredItemCount,Objects/Objects/Server/ServerDiagnostics/SessionsDiagnosticsSummary/Session1/SubscriptionDiagnosticsArray/53957601
(root),MonitoringQueueOverflowCount,Variable,int,0,ns=1;s=Subscription_53957601.MonitoringQueueOverflowCount,Objects/Objects/Server/ServerDiagnostics/SessionsDiagnosticsSummary/Session1/SubscriptionDiagnosticsArray/53957601
(root),NextSequenceNumber,Variable,int,253,ns=1;s=Subscription_53957601.NextSequenceNumber,Objects/Objects/Server/ServerDiagnostics/SessionsDiagnosticsSummary/Session1/SubscriptionDiagnosticsArray/53957601
(root),EventQueueOverflowCount,Variable,int,0,ns=1;s=Subscription_53957601.EventQueueOverflowCount,Objects/Objects/Server/ServerDiagnostics/SessionsDiagnosticsSummary/Session1/SubscriptionDiagnosticsArray/53957601
(root),SessionId,Variable,string,"NodeId(Identifier=3783273336, NamespaceIndex=1, NodeIdType=<NodeIdType.Numeric: 2>)",ns=1;s=Subscription_53957602.SessionId,Objects/Objects/Server/ServerDiagnostics/SessionsDiagnosticsSummary/Session1/SubscriptionDiagnosticsArray/53957602
(root),SubscriptionId,Variable,int,53957602,ns=1;s=Subscription_53957602.SubscriptionId,Objects/Objects/Server/ServerDiagnostics/SessionsDiagnosticsSummary/Session1/SubscriptionDiagnosticsArray/53957602
(root),Priority,Variable,int,10,ns=1;s=Subscription_53957602.Priority,Objects/Objects/Server/ServerDiagnostics/SessionsDiagnosticsSummary/Session1/SubscriptionDiagnosticsArray/53957602
(root),PublishingInterval,Variable,float,1000.0,ns=1;s=Subscription_53957602.PublishingInterval,Objects/Objects/Server/ServerDiagnostics/SessionsDiagnosticsSummary/Session1/SubscriptionDiagnosticsArray/53957602
(root),MaxKeepAliveCount,Variable,int,30,ns=1;s=Subscription_53957602.MaxKeepAliveCount,Objects/Objects/Server/ServerDiagnostics/SessionsDiagnosticsSummary/Session1/SubscriptionDiagnosticsArray/53957602
(root),MaxLifetimeCount,Variable,int,300,ns=1;s=Subscription_53957602.MaxLifetimeCount,Objects/Objects/Server/ServerDiagnostics/SessionsDiagnosticsSummary/Session1/SubscriptionDiagnosticsArray/53957602
(root),MaxNotificationsPerPublish,Variable,int,100,ns=1;s=Subscription_53957602.MaxNotificationsPerPublish,Objects/Objects/Server/ServerDiagnostics/SessionsDiagnosticsSummary/Session1/SubscriptionDiagnosticsArray/53957602
(root),PublishingEnabled,Variable,bool,True,ns=1;s=Subscription_53957602.PublishingEnabled,Objects/Objects/Server/ServerDiagnostics/SessionsDiagnosticsSummary/Session1/SubscriptionDiagnosticsArray/53957602
(root),ModifyCount,Variable,int,0,ns=1;s=Subscription_53957602.ModifyCount,Objects/Objects/Server/ServerDiagnostics/SessionsDiagnosticsSummary/Session1/SubscriptionDiagnosticsArray/53957602
(root),EnableCount,Variable,int,0,ns=1;s=Subscription_53957602.EnableCount,Objects/Objects/Server/ServerDiagnostics/SessionsDiagnosticsSummary/Session1/SubscriptionDiagnosticsArray/53957602
(root),DisableCount,Variable,int,0,ns=1;s=Subscription_53957602.DisableCount,Objects/Objects/Server/ServerDiagnostics/SessionsDiagnosticsSummary/Session1/SubscriptionDiagnosticsArray/53957602
(root),RepublishRequestCount,Variable,int,0,ns=1;s=Subscription_53957602.RepublishRequestCount,Objects/Objects/Server/ServerDiagnostics/SessionsDiagnosticsSummary/Session1/SubscriptionDiagnosticsArray/53957602
(root),RepublishMessageRequestCount,Variable,int,0,ns=1;s=Subscription_53957602.RepublishMessageRequestCount,Objects/Objects/Server/ServerDiagnostics/SessionsDiagnosticsSummary/Session1/SubscriptionDiagnosticsArray/53957602
(root),RepublishMessageCount,Variable,int,0,ns=1;s=Subscription_53957602.RepublishMessageCount,Objects/Objects/Server/ServerDiagnostics/SessionsDiagnosticsSummary/Session1/SubscriptionDiagnosticsArray/53957602
(root),TransferRequestCount,Variable,int,0,ns=1;s=Subscription_53957602.TransferRequestCount,Objects/Objects/Server/ServerDiagnostics/SessionsDiagnosticsSummary/Session1/SubscriptionDiagnosticsArray/53957602
(root),TransferredToAltClientCount,Variable,int,0,ns=1;s=Subscription_53957602.TransferredToAltClientCount,Objects/Objects/Server/ServerDiagnostics/SessionsDiagnosticsSummary/Session1/SubscriptionDiagnosticsArray/53957602
(root),TransferredToSameClientCount,Variable,int,0,ns=1;s=Subscription_53957602.TransferredToSameClientCount,Objects/Objects/Server/ServerDiagnostics/SessionsDiagnosticsSummary/Session1/SubscriptionDiagnosticsArray/53957602
(root),PublishRequestCount,Variable,int,18,ns=1;s=Subscription_53957602.PublishRequestCount,Objects/Objects/Server/ServerDiagnostics/SessionsDiagnosticsSummary/Session1/SubscriptionDiagnosticsArray/53957602
(root),DataChangeNotificationsCount,Variable,int,1,ns=1;s=Subscription_53957602.DataChangeNotificationsCount,Objects/Objects/Server/ServerDiagnostics/SessionsDiagnosticsSummary/Session1/SubscriptionDiagnosticsArray/53957602
(root),EventNotificationsCount,Variable,int,0,ns=1;s=Subscription_53957602.EventNotificationsCount,Objects/Objects/Server/ServerDiagnostics/SessionsDiagnosticsSummary/Session1/SubscriptionDiagnosticsArray/53957602
(root),NotificationsCount,Variable,int,1,ns=1;s=Subscription_53957602.NotificationsCount,Objects/Objects/Server/ServerDiagnostics/SessionsDiagnosticsSummary/Session1/SubscriptionDiagnosticsArray/53957602
(root),LatePublishRequestCount,Variable,int,0,ns=1;s=Subscription_53957602.LatePublishRequestCount,Objects/Objects/Server/ServerDiagnostics/SessionsDiagnosticsSummary/Session1/SubscriptionDiagnosticsArray/53957602
(root),CurrentKeepAliveCount,Variable,int,0,ns=1;s=Subscription_53957602.CurrentKeepAliveCount,Objects/Objects/Server/ServerDiagnostics/SessionsDiagnosticsSummary/Session1/SubscriptionDiagnosticsArray/53957602
(root),CurrentLifetimeCount,Variable,int,0,ns=1;s=Subscription_53957602.CurrentLifetimeCount,Objects/Objects/Server/ServerDiagnostics/SessionsDiagnosticsSummary/Session1/SubscriptionDiagnosticsArray/53957602
(root),UnacknowledgedMessageCount,Variable,int,0,ns=1;s=Subscription_53957602.UnacknowledgedMessageCount,Objects/Objects/Server/ServerDiagnostics/SessionsDiagnosticsSummary/Session1/SubscriptionDiagnosticsArray/53957602
(root),DiscardedMessageCount,Variable,int,0,ns=1;s=Subscription_53957602.DiscardedMessageCount,Objects/Objects/Server/ServerDiagnostics/SessionsDiagnosticsSummary/Session1/SubscriptionDiagnosticsArray/53957602
(root),MonitoredItemCount,Variable,int,1,ns=1;s=Subscription_53957602.MonitoredItemCount,Objects/Objects/Server/ServerDiagnostics/SessionsDiagnosticsSummary/Session1/SubscriptionDiagnosticsArray/53957602
(root),DisabledMonitoredItemCount,Variable,int,0,ns=1;s=Subscription_53957602.DisabledMonitoredItemCount,Objects/Objects/Server/ServerDiagnostics/SessionsDiagnosticsSummary/Session1/SubscriptionDiagnosticsArray/53957602
(root),MonitoringQueueOverflowCount,Variable,int,0,ns=1;s=Subscription_53957602.MonitoringQueueOverflowCount,Objects/Objects/Server/ServerDiagnostics/SessionsDiagnosticsSummary/Session1/SubscriptionDiagnosticsArray/53957602
(root),NextSequenceNumber,Variable,int,1,ns=1;s=Subscription_53957602.NextSequenceNumber,Objects/Objects/Server/ServerDiagnostics/SessionsDiagnosticsSummary/Session1/SubscriptionDiagnosticsArray/53957602
(root),EventQueueOverflowCount,Variable,int,0,ns=1;s=Subscription_53957602.EventQueueOverflowCount,Objects/Objects/Server/ServerDiagnostics/SessionsDiagnosticsSummary/Session1/SubscriptionDiagnosticsArray/53957602
(root),SessionId,Variable,string,"NodeId(Identifier=3783273336, NamespaceIndex=1, NodeIdType=<NodeIdType.Numeric: 2>)",ns=1;s=Subscription_53957603.SessionId,Objects/Objects/Server/ServerDiagnostics/SessionsDiagnosticsSummary/Session1/SubscriptionDiagnosticsArray/53957603
(root),SubscriptionId,Variable,int,53957603,ns=1;s=Subscription_53957603.SubscriptionId,Objects/Objects/Server/ServerDiagnostics/SessionsDiagnosticsSummary/Session1/SubscriptionDiagnosticsArray/53957603
(root),Priority,Variable,int,10,ns=1;s=Subscription_53957603.Priority,Objects/Objects/Server/ServerDiagnostics/SessionsDiagnosticsSummary/Session1/SubscriptionDiagnosticsArray/53957603
(root),PublishingInterval,Variable,float,1000.0,ns=1;s=Subscription_53957603.PublishingInterval,Objects/Objects/Server/ServerDiagnostics/SessionsDiagnosticsSummary/Session1/SubscriptionDiagnosticsArray/53957603
(root),MaxKeepAliveCount,Variable,int,30,ns=1;s=Subscription_53957603.MaxKeepAliveCount,Objects/Objects/Server/ServerDiagnostics/SessionsDiagnosticsSummary/Session1/SubscriptionDiagnosticsArray/53957603
(root),MaxLifetimeCount,Variable,int,300,ns=1;s=Subscription_53957603.MaxLifetimeCount,Objects/Objects/Server/ServerDiagnostics/SessionsDiagnosticsSummary/Session1/SubscriptionDiagnosticsArray/53957603
(root),MaxNotificationsPerPublish,Variable,int,100,ns=1;s=Subscription_53957603.MaxNotificationsPerPublish,Objects/Objects/Server/ServerDiagnostics/SessionsDiagnosticsSummary/Session1/SubscriptionDiagnosticsArray/53957603
(root),PublishingEnabled,Variable,bool,True,ns=1;s=Subscription_53957603.PublishingEnabled,Objects/Objects/Server/ServerDiagnostics/SessionsDiagnosticsSummary/Session1/SubscriptionDiagnosticsArray/53957603
(root),ModifyCount,Variable,int,0,ns=1;s=Subscription_53957603.ModifyCount,Objects/Objects/Server/ServerDiagnostics/SessionsDiagnosticsSummary/Session1/SubscriptionDiagnosticsArray/53957603
(root),EnableCount,Variable,int,0,ns=1;s=Subscription_53957603.EnableCount,Objects/Objects/Server/ServerDiagnostics/SessionsDiagnosticsSummary/Session1/SubscriptionDiagnosticsArray/53957603
(root),DisableCount,Variable,int,0,ns=1;s=Subscription_53957603.DisableCount,Objects/Objects/Server/ServerDiagnostics/SessionsDiagnosticsSummary/Session1/SubscriptionDiagnosticsArray/53957603
(root),RepublishRequestCount,Variable,int,0,ns=1;s=Subscription_53957603.RepublishRequestCount,Objects/Objects/Server/ServerDiagnostics/SessionsDiagnosticsSummary/Session1/SubscriptionDiagnosticsArray/53957603
(root),RepublishMessageRequestCount,Variable,int,0,ns=1;s=Subscription_53957603.RepublishMessageRequestCount,Objects/Objects/Server/ServerDiagnostics/SessionsDiagnosticsSummary/Session1/SubscriptionDiagnosticsArray/53957603
(root),RepublishMessageCount,Variable,int,0,ns=1;s=Subscription_53957603.RepublishMessageCount,Objects/Objects/Server/ServerDiagnostics/SessionsDiagnosticsSummary/Session1/SubscriptionDiagnosticsArray/53957603
(root),TransferRequestCount,Variable,int,0,ns=1;s=Subscription_53957603.TransferRequestCount,Objects/Objects/Server/ServerDiagnostics/SessionsDiagnosticsSummary/Session1/SubscriptionDiagnosticsArray/53957603
(root),TransferredToAltClientCount,Variable,int,0,ns=1;s=Subscription_53957603.TransferredToAltClientCount,Objects/Objects/Server/ServerDiagnostics/SessionsDiagnosticsSummary/Session1/SubscriptionDiagnosticsArray/53957603
(root),TransferredToSameClientCount,Variable,int,0,ns=1;s=Subscription_53957603.TransferredToSameClientCount,Objects/Objects/Server/ServerDiagnostics/SessionsDiagnosticsSummary/Session1/SubscriptionDiagnosticsArray/53957603
(root),PublishRequestCount,Variable,int,256,ns=1;s=Subscription_53957603.PublishRequestCount,Objects/Objects/Server/ServerDiagnostics/SessionsDiagnosticsSummary/Session1/SubscriptionDiagnosticsArray/53957603
(root),DataChangeNotificationsCount,Variable,int,256,ns=1;s=Subscription_53957603.DataChangeNotificationsCount,Objects/Objects/Server/ServerDiagnostics/SessionsDiagnosticsSummary/Session1/SubscriptionDiagnosticsArray/53957603
(root),EventNotificationsCount,Variable,int,0,ns=1;s=Subscription_53957603.EventNotificationsCount,Objects/Objects/Server/ServerDiagnostics/SessionsDiagnosticsSummary/Session1/SubscriptionDiagnosticsArray/53957603
(root),NotificationsCount,Variable,int,256,ns=1;s=Subscription_53957603.NotificationsCount,Objects/Objects/Server/ServerDiagnostics/SessionsDiagnosticsSummary/Session1/SubscriptionDiagnosticsArray/53957603
(root),LatePublishRequestCount,Variable,int,0,ns=1;s=Subscription_53957603.LatePublishRequestCount,Objects/Objects/Server/ServerDiagnostics/SessionsDiagnosticsSummary/Session1/SubscriptionDiagnosticsArray/53957603
(root),CurrentKeepAliveCount,Variable,int,0,ns=1;s=Subscription_53957603.CurrentKeepAliveCount,Objects/Objects/Server/ServerDiagnostics/SessionsDiagnosticsSummary/Session1/SubscriptionDiagnosticsArray/53957603
(root),CurrentLifetimeCount,Variable,int,0,ns=1;s=Subscription_53957603.CurrentLifetimeCount,Objects/Objects/Server/ServerDiagnostics/SessionsDiagnosticsSummary/Session1/SubscriptionDiagnosticsArray/53957603
(root),UnacknowledgedMessageCount,Variable,int,1,ns=1;s=Subscription_53957603.UnacknowledgedMessageCount,Objects/Objects/Server/ServerDiagnostics/SessionsDiagnosticsSummary/Session1/SubscriptionDiagnosticsArray/53957603
(root),DiscardedMessageCount,Variable,int,0,ns=1;s=Subscription_53957603.DiscardedMessageCount,Objects/Objects/Server/ServerDiagnostics/SessionsDiagnosticsSummary/Session1/SubscriptionDiagnosticsArray/53957603
(root),MonitoredItemCount,Variable,int,1,ns=1;s=Subscription_53957603.MonitoredItemCount,Objects/Objects/Server/ServerDiagnostics/SessionsDiagnosticsSummary/Session1/SubscriptionDiagnosticsArray/53957603
(root),DisabledMonitoredItemCount,Variable,int,0,ns=1;s=Subscription_53957603.DisabledMonitoredItemCount,Objects/Objects/Server/ServerDiagnostics/SessionsDiagnosticsSummary/Session1/SubscriptionDiagnosticsArray/53957603
(root),MonitoringQueueOverflowCount,Variable,int,0,ns=1;s=Subscription_53957603.MonitoringQueueOverflowCount,Objects/Objects/Server/ServerDiagnostics/SessionsDiagnosticsSummary/Session1/SubscriptionDiagnosticsArray/53957603
(root),NextSequenceNumber,Variable,int,256,ns=1;s=Subscription_53957603.NextSequenceNumber,Objects/Objects/Server/ServerDiagnostics/SessionsDiagnosticsSummary/Session1/SubscriptionDiagnosticsArray/53957603
(root),EventQueueOverflowCount,Variable,int,0,ns=1;s=Subscription_53957603.EventQueueOverflowCount,Objects/Objects/Server/ServerDiagnostics/SessionsDiagnosticsSummary/Session1/SubscriptionDiagnosticsArray/53957603
(root),SessionId,Variable,string,"NodeId(Identifier=3783273336, NamespaceIndex=1, NodeIdType=<NodeIdType.Numeric: 2>)",ns=1;s=Subscription_53957604.SessionId,Objects/Objects/Server/ServerDiagnostics/SessionsDiagnosticsSummary/Session1/SubscriptionDiagnosticsArray/53957604
(root),SubscriptionId,Variable,int,53957604,ns=1;s=Subscription_53957604.SubscriptionId,Objects/Objects/Server/ServerDiagnostics/SessionsDiagnosticsSummary/Session1/SubscriptionDiagnosticsArray/53957604
(root),Priority,Variable,int,10,ns=1;s=Subscription_53957604.Priority,Objects/Objects/Server/ServerDiagnostics/SessionsDiagnosticsSummary/Session1/SubscriptionDiagnosticsArray/53957604
(root),PublishingInterval,Variable,float,1000.0,ns=1;s=Subscription_53957604.PublishingInterval,Objects/Objects/Server/ServerDiagnostics/SessionsDiagnosticsSummary/Session1/SubscriptionDiagnosticsArray/53957604
(root),MaxKeepAliveCount,Variable,int,30,ns=1;s=Subscription_53957604.MaxKeepAliveCount,Objects/Objects/Server/ServerDiagnostics/SessionsDiagnosticsSummary/Session1/SubscriptionDiagnosticsArray/53957604
(root),MaxLifetimeCount,Variable,int,300,ns=1;s=Subscription_53957604.MaxLifetimeCount,Objects/Objects/Server/ServerDiagnostics/SessionsDiagnosticsSummary/Session1/SubscriptionDiagnosticsArray/53957604
(root),MaxNotificationsPerPublish,Variable,int,100,ns=1;s=Subscription_53957604.MaxNotificationsPerPublish,Objects/Objects/Server/ServerDiagnostics/SessionsDiagnosticsSummary/Session1/SubscriptionDiagnosticsArray/53957604
(root),PublishingEnabled,Variable,bool,True,ns=1;s=Subscription_53957604.PublishingEnabled,Objects/Objects/Server/ServerDiagnostics/SessionsDiagnosticsSummary/Session1/SubscriptionDiagnosticsArray/53957604
(root),ModifyCount,Variable,int,0,ns=1;s=Subscription_53957604.ModifyCount,Objects/Objects/Server/ServerDiagnostics/SessionsDiagnosticsSummary/Session1/SubscriptionDiagnosticsArray/53957604
(root),EnableCount,Variable,int,0,ns=1;s=Subscription_53957604.EnableCount,Objects/Objects/Server/ServerDiagnostics/SessionsDiagnosticsSummary/Session1/SubscriptionDiagnosticsArray/53957604
(root),DisableCount,Variable,int,0,ns=1;s=Subscription_53957604.DisableCount,Objects/Objects/Server/ServerDiagnostics/SessionsDiagnosticsSummary/Session1/SubscriptionDiagnosticsArray/53957604
(root),RepublishRequestCount,Variable,int,0,ns=1;s=Subscription_53957604.RepublishRequestCount,Objects/Objects/Server/ServerDiagnostics/SessionsDiagnosticsSummary/Session1/SubscriptionDiagnosticsArray/53957604
(root),RepublishMessageRequestCount,Variable,int,0,ns=1;s=Subscription_53957604.RepublishMessageRequestCount,Objects/Objects/Server/ServerDiagnostics/SessionsDiagnosticsSummary/Session1/SubscriptionDiagnosticsArray/53957604
(root),RepublishMessageCount,Variable,int,0,ns=1;s=Subscription_53957604.RepublishMessageCount,Objects/Objects/Server/ServerDiagnostics/SessionsDiagnosticsSummary/Session1/SubscriptionDiagnosticsArray/53957604
(root),TransferRequestCount,Variable,int,0,ns=1;s=Subscription_53957604.TransferRequestCount,Objects/Objects/Server/ServerDiagnostics/SessionsDiagnosticsSummary/Session1/SubscriptionDiagnosticsArray/53957604
(root),TransferredToAltClientCount,Variable,int,0,ns=1;s=Subscription_53957604.TransferredToAltClientCount,Objects/Objects/Server/ServerDiagnostics/SessionsDiagnosticsSummary/Session1/SubscriptionDiagnosticsArray/53957604
(root),TransferredToSameClientCount,Variable,int,0,ns=1;s=Subscription_53957604.TransferredToSameClientCount,Objects/Objects/Server/ServerDiagnostics/SessionsDiagnosticsSummary/Session1/SubscriptionDiagnosticsArray/53957604
(root),PublishRequestCount,Variable,int,103,ns=1;s=Subscription_53957604.PublishRequestCount,Objects/Objects/Server/ServerDiagnostics/SessionsDiagnosticsSummary/Session1/SubscriptionDiagnosticsArray/53957604
(root),DataChangeNotificationsCount,Variable,int,103,ns=1;s=Subscription_53957604.DataChangeNotificationsCount,Objects/Objects/Server/ServerDiagnostics/SessionsDiagnosticsSummary/Session1/SubscriptionDiagnosticsArray/53957604
(root),EventNotificationsCount,Variable,int,0,ns=1;s=Subscription_53957604.EventNotificationsCount,Objects/Objects/Server/ServerDiagnostics/SessionsDiagnosticsSummary/Session1/SubscriptionDiagnosticsArray/53957604
(root),NotificationsCount,Variable,int,103,ns=1;s=Subscription_53957604.NotificationsCount,Objects/Objects/Server/ServerDiagnostics/SessionsDiagnosticsSummary/Session1/SubscriptionDiagnosticsArray/53957604
(root),LatePublishRequestCount,Variable,int,0,ns=1;s=Subscription_53957604.LatePublishRequestCount,Objects/Objects/Server/ServerDiagnostics/SessionsDiagnosticsSummary/Session1/SubscriptionDiagnosticsArray/53957604
(root),CurrentKeepAliveCount,Variable,int,1,ns=1;s=Subscription_53957604.CurrentKeepAliveCount,Objects/Objects/Server/ServerDiagnostics/SessionsDiagnosticsSummary/Session1/SubscriptionDiagnosticsArray/53957604
(root),CurrentLifetimeCount,Variable,int,1,ns=1;s=Subscription_53957604.CurrentLifetimeCount,Objects/Objects/Server/ServerDiagnostics/SessionsDiagnosticsSummary/Session1/SubscriptionDiagnosticsArray/53957604
(root),UnacknowledgedMessageCount,Variable,int,1,ns=1;s=Subscription_53957604.UnacknowledgedMessageCount,Objects/Objects/Server/ServerDiagnostics/SessionsDiagnosticsSummary/Session1/SubscriptionDiagnosticsArray/53957604
(root),DiscardedMessageCount,Variable,int,0,ns=1;s=Subscription_53957604.DiscardedMessageCount,Objects/Objects/Server/ServerDiagnostics/SessionsDiagnosticsSummary/Session1/SubscriptionDiagnosticsArray/53957604
(root),MonitoredItemCount,Variable,int,1,ns=1;s=Subscription_53957604.MonitoredItemCount,Objects/Objects/Server/ServerDiagnostics/SessionsDiagnosticsSummary/Session1/SubscriptionDiagnosticsArray/53957604
(root),DisabledMonitoredItemCount,Variable,int,0,ns=1;s=Subscription_53957604.DisabledMonitoredItemCount,Objects/Objects/Server/ServerDiagnostics/SessionsDiagnosticsSummary/Session1/SubscriptionDiagnosticsArray/53957604
(root),MonitoringQueueOverflowCount,Variable,int,0,ns=1;s=Subscription_53957604.MonitoringQueueOverflowCount,Objects/Objects/Server/ServerDiagnostics/SessionsDiagnosticsSummary/Session1/SubscriptionDiagnosticsArray/53957604
(root),NextSequenceNumber,Variable,int,103,ns=1;s=Subscription_53957604.NextSequenceNumber,Objects/Objects/Server/ServerDiagnostics/SessionsDiagnosticsSummary/Session1/SubscriptionDiagnosticsArray/53957604
(root),EventQueueOverflowCount,Variable,int,0,ns=1;s=Subscription_53957604.EventQueueOverflowCount,Objects/Objects/Server/ServerDiagnostics/SessionsDiagnosticsSummary/Session1/SubscriptionDiagnosticsArray/53957604
(root),SessionId,Variable,string,"NodeId(Identifier=3783273336, NamespaceIndex=1, NodeIdType=<NodeIdType.Numeric: 2>)",ns=1;s=Subscription_53957605.SessionId,Objects/Objects/Server/ServerDiagnostics/SessionsDiagnosticsSummary/Session1/SubscriptionDiagnosticsArray/53957605
(root),SubscriptionId,Variable,int,53957605,ns=1;s=Subscription_53957605.SubscriptionId,Objects/Objects/Server/ServerDiagnostics/SessionsDiagnosticsSummary/Session1/SubscriptionDiagnosticsArray/53957605
(root),Priority,Variable,int,10,ns=1;s=Subscription_53957605.Priority,Objects/Objects/Server/ServerDiagnostics/SessionsDiagnosticsSummary/Session1/SubscriptionDiagnosticsArray/53957605
(root),PublishingInterval,Variable,float,1000.0,ns=1;s=Subscription_53957605.PublishingInterval,Objects/Objects/Server/ServerDiagnostics/SessionsDiagnosticsSummary/Session1/SubscriptionDiagnosticsArray/53957605
(root),MaxKeepAliveCount,Variable,int,30,ns=1;s=Subscription_53957605.MaxKeepAliveCount,Objects/Objects/Server/ServerDiagnostics/SessionsDiagnosticsSummary/Session1/SubscriptionDiagnosticsArray/53957605
(root),MaxLifetimeCount,Variable,int,300,ns=1;s=Subscription_53957605.MaxLifetimeCount,Objects/Objects/Server/ServerDiagnostics/SessionsDiagnosticsSummary/Session1/SubscriptionDiagnosticsArray/53957605
(root),MaxNotificationsPerPublish,Variable,int,100,ns=1;s=Subscription_53957605.MaxNotificationsPerPublish,Objects/Objects/Server/ServerDiagnostics/SessionsDiagnosticsSummary/Session1/SubscriptionDiagnosticsArray/53957605
(root),PublishingEnabled,Variable,bool,True,ns=1;s=Subscription_53957605.PublishingEnabled,Objects/Objects/Server/ServerDiagnostics/SessionsDiagnosticsSummary/Session1/SubscriptionDiagnosticsArray/53957605
(root),ModifyCount,Variable,int,0,ns=1;s=Subscription_53957605.ModifyCount,Objects/Objects/Server/ServerDiagnostics/SessionsDiagnosticsSummary/Session1/SubscriptionDiagnosticsArray/53957605
(root),EnableCount,Variable,int,0,ns=1;s=Subscription_53957605.EnableCount,Objects/Objects/Server/ServerDiagnostics/SessionsDiagnosticsSummary/Session1/SubscriptionDiagnosticsArray/53957605
(root),DisableCount,Variable,int,0,ns=1;s=Subscription_53957605.DisableCount,Objects/Objects/Server/ServerDiagnostics/SessionsDiagnosticsSummary/Session1/SubscriptionDiagnosticsArray/53957605
(root),RepublishRequestCount,Variable,int,0,ns=1;s=Subscription_53957605.RepublishRequestCount,Objects/Objects/Server/ServerDiagnostics/SessionsDiagnosticsSummary/Session1/SubscriptionDiagnosticsArray/53957605
(root),RepublishMessageRequestCount,Variable,int,0,ns=1;s=Subscription_53957605.RepublishMessageRequestCount,Objects/Objects/Server/ServerDiagnostics/SessionsDiagnosticsSummary/Session1/SubscriptionDiagnosticsArray/53957605
(root),RepublishMessageCount,Variable,int,0,ns=1;s=Subscription_53957605.RepublishMessageCount,Objects/Objects/Server/ServerDiagnostics/SessionsDiagnosticsSummary/Session1/SubscriptionDiagnosticsArray/53957605
(root),TransferRequestCount,Variable,int,0,ns=1;s=Subscription_53957605.TransferRequestCount,Objects/Objects/Server/ServerDiagnostics/SessionsDiagnosticsSummary/Session1/SubscriptionDiagnosticsArray/53957605
(root),TransferredToAltClientCount,Variable,int,0,ns=1;s=Subscription_53957605.TransferredToAltClientCount,Objects/Objects/Server/ServerDiagnostics/SessionsDiagnosticsSummary/Session1/SubscriptionDiagnosticsArray/53957605
(root),TransferredToSameClientCount,Variable,int,0,ns=1;s=Subscription_53957605.TransferredToSameClientCount,Objects/Objects/Server/ServerDiagnostics/SessionsDiagnosticsSummary/Session1/SubscriptionDiagnosticsArray/53957605
(root),PublishRequestCount,Variable,int,254,ns=1;s=Subscription_53957605.PublishRequestCount,Objects/Objects/Server/ServerDiagnostics/SessionsDiagnosticsSummary/Session1/SubscriptionDiagnosticsArray/53957605
(root),DataChangeNotificationsCount,Variable,int,254,ns=1;s=Subscription_53957605.DataChangeNotificationsCount,Objects/Objects/Server/ServerDiagnostics/SessionsDiagnosticsSummary/Session1/SubscriptionDiagnosticsArray/53957605
(root),EventNotificationsCount,Variable,int,0,ns=1;s=Subscription_53957605.EventNotificationsCount,Objects/Objects/Server/ServerDiagnostics/SessionsDiagnosticsSummary/Session1/SubscriptionDiagnosticsArray/53957605
(root),NotificationsCount,Variable,int,254,ns=1;s=Subscription_53957605.NotificationsCount,Objects/Objects/Server/ServerDiagnostics/SessionsDiagnosticsSummary/Session1/SubscriptionDiagnosticsArray/53957605
(root),LatePublishRequestCount,Variable,int,0,ns=1;s=Subscription_53957605.LatePublishRequestCount,Objects/Objects/Server/ServerDiagnostics/SessionsDiagnosticsSummary/Session1/SubscriptionDiagnosticsArray/53957605
(root),CurrentKeepAliveCount,Variable,int,0,ns=1;s=Subscription_53957605.CurrentKeepAliveCount,Objects/Objects/Server/ServerDiagnostics/SessionsDiagnosticsSummary/Session1/SubscriptionDiagnosticsArray/53957605
(root),CurrentLifetimeCount,Variable,int,0,ns=1;s=Subscription_53957605.CurrentLifetimeCount,Objects/Objects/Server/ServerDiagnostics/SessionsDiagnosticsSummary/Session1/SubscriptionDiagnosticsArray/53957605
(root),UnacknowledgedMessageCount,Variable,int,1,ns=1;s=Subscription_53957605.UnacknowledgedMessageCount,Objects/Objects/Server/ServerDiagnostics/SessionsDiagnosticsSummary/Session1/SubscriptionDiagnosticsArray/53957605
(root),DiscardedMessageCount,Variable,int,0,ns=1;s=Subscription_53957605.DiscardedMessageCount,Objects/Objects/Server/ServerDiagnostics/SessionsDiagnosticsSummary/Session1/SubscriptionDiagnosticsArray/53957605
(root),MonitoredItemCount,Variable,int,1,ns=1;s=Subscription_53957605.MonitoredItemCount,Objects/Objects/Server/ServerDiagnostics/SessionsDiagnosticsSummary/Session1/SubscriptionDiagnosticsArray/53957605
(root),DisabledMonitoredItemCount,Variable,int,0,ns=1;s=Subscription_53957605.DisabledMonitoredItemCount,Objects/Objects/Server/ServerDiagnostics/SessionsDiagnosticsSummary/Session1/SubscriptionDiagnosticsArray/53957605
(root),MonitoringQueueOverflowCount,Variable,int,0,ns=1;s=Subscription_53957605.MonitoringQueueOverflowCount,Objects/Objects/Server/ServerDiagnostics/SessionsDiagnosticsSummary/Session1/SubscriptionDiagnosticsArray/53957605
(root),NextSequenceNumber,Variable,int,254,ns=1;s=Subscription_53957605.NextSequenceNumber,Objects/Objects/Server/ServerDiagnostics/SessionsDiagnosticsSummary/Session1/SubscriptionDiagnosticsArray/53957605
(root),EventQueueOverflowCount,Variable,int,0,ns=1;s=Subscription_53957605.EventQueueOverflowCount,Objects/Objects/Server/ServerDiagnostics/SessionsDiagnosticsSummary/Session1/SubscriptionDiagnosticsArray/53957605
(root),SessionId,Variable,string,"NodeId(Identifier=3783273336, NamespaceIndex=1, NodeIdType=<NodeIdType.Numeric: 2>)",ns=1;s=Subscription_53957606.SessionId,Objects/Objects/Server/ServerDiagnostics/SessionsDiagnosticsSummary/Session1/SubscriptionDiagnosticsArray/53957606
(root),SubscriptionId,Variable,int,53957606,ns=1;s=Subscription_53957606.SubscriptionId,Objects/Objects/Server/ServerDiagnostics/SessionsDiagnosticsSummary/Session1/SubscriptionDiagnosticsArray/53957606
(root),Priority,Variable,int,10,ns=1;s=Subscription_53957606.Priority,Objects/Objects/Server/ServerDiagnostics/SessionsDiagnosticsSummary/Session1/SubscriptionDiagnosticsArray/53957606
(root),PublishingInterval,Variable,float,1000.0,ns=1;s=Subscription_53957606.PublishingInterval,Objects/Objects/Server/ServerDiagnostics/SessionsDiagnosticsSummary/Session1/SubscriptionDiagnosticsArray/53957606
(root),MaxKeepAliveCount,Variable,int,30,ns=1;s=Subscription_53957606.MaxKeepAliveCount,Objects/Objects/Server/ServerDiagnostics/SessionsDiagnosticsSummary/Session1/SubscriptionDiagnosticsArray/53957606
(root),MaxLifetimeCount,Variable,int,300,ns=1;s=Subscription_53957606.MaxLifetimeCount,Objects/Objects/Server/ServerDiagnostics/SessionsDiagnosticsSummary/Session1/SubscriptionDiagnosticsArray/53957606
(root),MaxNotificationsPerPublish,Variable,int,100,ns=1;s=Subscription_53957606.MaxNotificationsPerPublish,Objects/Objects/Server/ServerDiagnostics/SessionsDiagnosticsSummary/Session1/SubscriptionDiagnosticsArray/53957606
(root),PublishingEnabled,Variable,bool,True,ns=1;s=Subscription_53957606.PublishingEnabled,Objects/Objects/Server/ServerDiagnostics/SessionsDiagnosticsSummary/Session1/SubscriptionDiagnosticsArray/53957606
(root),ModifyCount,Variable,int,0,ns=1;s=Subscription_53957606.ModifyCount,Objects/Objects/Server/ServerDiagnostics/SessionsDiagnosticsSummary/Session1/SubscriptionDiagnosticsArray/53957606
(root),EnableCount,Variable,int,0,ns=1;s=Subscription_53957606.EnableCount,Objects/Objects/Server/ServerDiagnostics/SessionsDiagnosticsSummary/Session1/SubscriptionDiagnosticsArray/53957606
(root),DisableCount,Variable,int,0,ns=1;s=Subscription_53957606.DisableCount,Objects/Objects/Server/ServerDiagnostics/SessionsDiagnosticsSummary/Session1/SubscriptionDiagnosticsArray/53957606
(root),RepublishRequestCount,Variable,int,0,ns=1;s=Subscription_53957606.RepublishRequestCount,Objects/Objects/Server/ServerDiagnostics/SessionsDiagnosticsSummary/Session1/SubscriptionDiagnosticsArray/53957606
(root),RepublishMessageRequestCount,Variable,int,0,ns=1;s=Subscription_53957606.RepublishMessageRequestCount,Objects/Objects/Server/ServerDiagnostics/SessionsDiagnosticsSummary/Session1/SubscriptionDiagnosticsArray/53957606
(root),RepublishMessageCount,Variable,int,0,ns=1;s=Subscription_53957606.RepublishMessageCount,Objects/Objects/Server/ServerDiagnostics/SessionsDiagnosticsSummary/Session1/SubscriptionDiagnosticsArray/53957606
(root),TransferRequestCount,Variable,int,0,ns=1;s=Subscription_53957606.TransferRequestCount,Objects/Objects/Server/ServerDiagnostics/SessionsDiagnosticsSummary/Session1/SubscriptionDiagnosticsArray/53957606
(root),TransferredToAltClientCount,Variable,int,0,ns=1;s=Subscription_53957606.TransferredToAltClientCount,Objects/Objects/Server/ServerDiagnostics/SessionsDiagnosticsSummary/Session1/SubscriptionDiagnosticsArray/53957606
(root),TransferredToSameClientCount,Variable,int,0,ns=1;s=Subscription_53957606.TransferredToSameClientCount,Objects/Objects/Server/ServerDiagnostics/SessionsDiagnosticsSummary/Session1/SubscriptionDiagnosticsArray/53957606
(root),PublishRequestCount,Variable,int,18,ns=1;s=Subscription_53957606.PublishRequestCount,Objects/Objects/Server/ServerDiagnostics/SessionsDiagnosticsSummary/Session1/SubscriptionDiagnosticsArray/53957606
(root),DataChangeNotificationsCount,Variable,int,1,ns=1;s=Subscription_53957606.DataChangeNotificationsCount,Objects/Objects/Server/ServerDiagnostics/SessionsDiagnosticsSummary/Session1/SubscriptionDiagnosticsArray/53957606
(root),EventNotificationsCount,Variable,int,0,ns=1;s=Subscription_53957606.EventNotificationsCount,Objects/Objects/Server/ServerDiagnostics/SessionsDiagnosticsSummary/Session1/SubscriptionDiagnosticsArray/53957606
(root),NotificationsCount,Variable,int,1,ns=1;s=Subscription_53957606.NotificationsCount,Objects/Objects/Server/ServerDiagnostics/SessionsDiagnosticsSummary/Session1/SubscriptionDiagnosticsArray/53957606
(root),LatePublishRequestCount,Variable,int,0,ns=1;s=Subscription_53957606.LatePublishRequestCount,Objects/Objects/Server/ServerDiagnostics/SessionsDiagnosticsSummary/Session1/SubscriptionDiagnosticsArray/53957606
(root),CurrentKeepAliveCount,Variable,int,2,ns=1;s=Subscription_53957606.CurrentKeepAliveCount,Objects/Objects/Server/ServerDiagnostics/SessionsDiagnosticsSummary/Session1/SubscriptionDiagnosticsArray/53957606
(root),CurrentLifetimeCount,Variable,int,2,ns=1;s=Subscription_53957606.CurrentLifetimeCount,Objects/Objects/Server/ServerDiagnostics/SessionsDiagnosticsSummary/Session1/SubscriptionDiagnosticsArray/53957606
(root),UnacknowledgedMessageCount,Variable,int,0,ns=1;s=Subscription_53957606.UnacknowledgedMessageCount,Objects/Objects/Server/ServerDiagnostics/SessionsDiagnosticsSummary/Session1/SubscriptionDiagnosticsArray/53957606
(root),DiscardedMessageCount,Variable,int,0,ns=1;s=Subscription_53957606.DiscardedMessageCount,Objects/Objects/Server/ServerDiagnostics/SessionsDiagnosticsSummary/Session1/SubscriptionDiagnosticsArray/53957606
(root),MonitoredItemCount,Variable,int,1,ns=1;s=Subscription_53957606.MonitoredItemCount,Objects/Objects/Server/ServerDiagnostics/SessionsDiagnosticsSummary/Session1/SubscriptionDiagnosticsArray/53957606
(root),DisabledMonitoredItemCount,Variable,int,0,ns=1;s=Subscription_53957606.DisabledMonitoredItemCount,Objects/Objects/Server/ServerDiagnostics/SessionsDiagnosticsSummary/Session1/SubscriptionDiagnosticsArray/53957606
(root),MonitoringQueueOverflowCount,Variable,int,0,ns=1;s=Subscription_53957606.MonitoringQueueOverflowCount,Objects/Objects/Server/ServerDiagnostics/SessionsDiagnosticsSummary/Session1/SubscriptionDiagnosticsArray/53957606
(root),NextSequenceNumber,Variable,int,1,ns=1;s=Subscription_53957606.NextSequenceNumber,Objects/Objects/Server/ServerDiagnostics/SessionsDiagnosticsSummary/Session1/SubscriptionDiagnosticsArray/53957606
(root),EventQueueOverflowCount,Variable,int,0,ns=1;s=Subscription_53957606.EventQueueOverflowCount,Objects/Objects/Server/ServerDiagnostics/SessionsDiagnosticsSummary/Session1/SubscriptionDiagnosticsArray/53957606
(root),SessionId,Variable,string,"NodeId(Identifier=3783273336, NamespaceIndex=1, NodeIdType=<NodeIdType.Numeric: 2>)",ns=1;s=Subscription_53957607.SessionId,Objects/Objects/Server/ServerDiagnostics/SessionsDiagnosticsSummary/Session1/SubscriptionDiagnosticsArray/53957607
(root),SubscriptionId,Variable,int,53957607,ns=1;s=Subscription_53957607.SubscriptionId,Objects/Objects/Server/ServerDiagnostics/SessionsDiagnosticsSummary/Session1/SubscriptionDiagnosticsArray/53957607
(root),Priority,Variable,int,10,ns=1;s=Subscription_53957607.Priority,Objects/Objects/Server/ServerDiagnostics/SessionsDiagnosticsSummary/Session1/SubscriptionDiagnosticsArray/53957607
(root),PublishingInterval,Variable,float,1000.0,ns=1;s=Subscription_53957607.PublishingInterval,Objects/Objects/Server/ServerDiagnostics/SessionsDiagnosticsSummary/Session1/SubscriptionDiagnosticsArray/53957607
(root),MaxKeepAliveCount,Variable,int,30,ns=1;s=Subscription_53957607.MaxKeepAliveCount,Objects/Objects/Server/ServerDiagnostics/SessionsDiagnosticsSummary/Session1/SubscriptionDiagnosticsArray/53957607
(root),MaxLifetimeCount,Variable,int,300,ns=1;s=Subscription_53957607.MaxLifetimeCount,Objects/Objects/Server/ServerDiagnostics/SessionsDiagnosticsSummary/Session1/SubscriptionDiagnosticsArray/53957607
(root),MaxNotificationsPerPublish,Variable,int,100,ns=1;s=Subscription_53957607.MaxNotificationsPerPublish,Objects/Objects/Server/ServerDiagnostics/SessionsDiagnosticsSummary/Session1/SubscriptionDiagnosticsArray/53957607
(root),PublishingEnabled,Variable,bool,True,ns=1;s=Subscription_53957607.PublishingEnabled,Objects/Objects/Server/ServerDiagnostics/SessionsDiagnosticsSummary/Session1/SubscriptionDiagnosticsArray/53957607
(root),ModifyCount,Variable,int,0,ns=1;s=Subscription_53957607.ModifyCount,Objects/Objects/Server/ServerDiagnostics/SessionsDiagnosticsSummary/Session1/SubscriptionDiagnosticsArray/53957607
(root),EnableCount,Variable,int,0,ns=1;s=Subscription_53957607.EnableCount,Objects/Objects/Server/ServerDiagnostics/SessionsDiagnosticsSummary/Session1/SubscriptionDiagnosticsArray/53957607
(root),DisableCount,Variable,int,0,ns=1;s=Subscription_53957607.DisableCount,Objects/Objects/Server/ServerDiagnostics/SessionsDiagnosticsSummary/Session1/SubscriptionDiagnosticsArray/53957607
(root),RepublishRequestCount,Variable,int,0,ns=1;s=Subscription_53957607.RepublishRequestCount,Objects/Objects/Server/ServerDiagnostics/SessionsDiagnosticsSummary/Session1/SubscriptionDiagnosticsArray/53957607
(root),RepublishMessageRequestCount,Variable,int,0,ns=1;s=Subscription_53957607.RepublishMessageRequestCount,Objects/Objects/Server/ServerDiagnostics/SessionsDiagnosticsSummary/Session1/SubscriptionDiagnosticsArray/53957607
(root),RepublishMessageCount,Variable,int,0,ns=1;s=Subscription_53957607.RepublishMessageCount,Objects/Objects/Server/ServerDiagnostics/SessionsDiagnosticsSummary/Session1/SubscriptionDiagnosticsArray/53957607
(root),TransferRequestCount,Variable,int,0,ns=1;s=Subscription_53957607.TransferRequestCount,Objects/Objects/Server/ServerDiagnostics/SessionsDiagnosticsSummary/Session1/SubscriptionDiagnosticsArray/53957607
(root),TransferredToAltClientCount,Variable,int,0,ns=1;s=Subscription_53957607.TransferredToAltClientCount,Objects/Objects/Server/ServerDiagnostics/SessionsDiagnosticsSummary/Session1/SubscriptionDiagnosticsArray/53957607
(root),TransferredToSameClientCount,Variable,int,0,ns=1;s=Subscription_53957607.TransferredToSameClientCount,Objects/Objects/Server/ServerDiagnostics/SessionsDiagnosticsSummary/Session1/SubscriptionDiagnosticsArray/53957607
(root),PublishRequestCount,Variable,int,18,ns=1;s=Subscription_53957607.PublishRequestCount,Objects/Objects/Server/ServerDiagnostics/SessionsDiagnosticsSummary/Session1/SubscriptionDiagnosticsArray/53957607
(root),DataChangeNotificationsCount,Variable,int,1,ns=1;s=Subscription_53957607.DataChangeNotificationsCount,Objects/Objects/Server/ServerDiagnostics/SessionsDiagnosticsSummary/Session1/SubscriptionDiagnosticsArray/53957607
(root),EventNotificationsCount,Variable,int,0,ns=1;s=Subscription_53957607.EventNotificationsCount,Objects/Objects/Server/ServerDiagnostics/SessionsDiagnosticsSummary/Session1/SubscriptionDiagnosticsArray/53957607
(root),NotificationsCount,Variable,int,1,ns=1;s=Subscription_53957607.NotificationsCount,Objects/Objects/Server/ServerDiagnostics/SessionsDiagnosticsSummary/Session1/SubscriptionDiagnosticsArray/53957607
(root),LatePublishRequestCount,Variable,int,0,ns=1;s=Subscription_53957607.LatePublishRequestCount,Objects/Objects/Server/ServerDiagnostics/SessionsDiagnosticsSummary/Session1/SubscriptionDiagnosticsArray/53957607
(root),CurrentKeepAliveCount,Variable,int,0,ns=1;s=Subscription_53957607.CurrentKeepAliveCount,Objects/Objects/Server/ServerDiagnostics/SessionsDiagnosticsSummary/Session1/SubscriptionDiagnosticsArray/53957607
(root),CurrentLifetimeCount,Variable,int,0,ns=1;s=Subscription_53957607.CurrentLifetimeCount,Objects/Objects/Server/ServerDiagnostics/SessionsDiagnosticsSummary/Session1/SubscriptionDiagnosticsArray/53957607
(root),UnacknowledgedMessageCount,Variable,int,0,ns=1;s=Subscription_53957607.UnacknowledgedMessageCount,Objects/Objects/Server/ServerDiagnostics/SessionsDiagnosticsSummary/Session1/SubscriptionDiagnosticsArray/53957607
(root),DiscardedMessageCount,Variable,int,0,ns=1;s=Subscription_53957607.DiscardedMessageCount,Objects/Objects/Server/ServerDiagnostics/SessionsDiagnosticsSummary/Session1/SubscriptionDiagnosticsArray/53957607
(root),MonitoredItemCount,Variable,int,1,ns=1;s=Subscription_53957607.MonitoredItemCount,Objects/Objects/Server/ServerDiagnostics/SessionsDiagnosticsSummary/Session1/SubscriptionDiagnosticsArray/53957607
(root),DisabledMonitoredItemCount,Variable,int,0,ns=1;s=Subscription_53957607.DisabledMonitoredItemCount,Objects/Objects/Server/ServerDiagnostics/SessionsDiagnosticsSummary/Session1/SubscriptionDiagnosticsArray/53957607
(root),MonitoringQueueOverflowCount,Variable,int,0,ns=1;s=Subscription_53957607.MonitoringQueueOverflowCount,Objects/Objects/Server/ServerDiagnostics/SessionsDiagnosticsSummary/Session1/SubscriptionDiagnosticsArray/53957607
(root),NextSequenceNumber,Variable,int,1,ns=1;s=Subscription_53957607.NextSequenceNumber,Objects/Objects/Server/ServerDiagnostics/SessionsDiagnosticsSummary/Session1/SubscriptionDiagnosticsArray/53957607
(root),EventQueueOverflowCount,Variable,int,0,ns=1;s=Subscription_53957607.EventQueueOverflowCount,Objects/Objects/Server/ServerDiagnostics/SessionsDiagnosticsSummary/Session1/SubscriptionDiagnosticsArray/53957607
(root),SessionId,Variable,string,"NodeId(Identifier=3783273336, NamespaceIndex=1, NodeIdType=<NodeIdType.Numeric: 2>)",ns=1;s=Subscription_53957608.SessionId,Objects/Objects/Server/ServerDiagnostics/SessionsDiagnosticsSummary/Session1/SubscriptionDiagnosticsArray/53957608
(root),SubscriptionId,Variable,int,53957608,ns=1;s=Subscription_53957608.SubscriptionId,Objects/Objects/Server/ServerDiagnostics/SessionsDiagnosticsSummary/Session1/SubscriptionDiagnosticsArray/53957608
(root),Priority,Variable,int,10,ns=1;s=Subscription_53957608.Priority,Objects/Objects/Server/ServerDiagnostics/SessionsDiagnosticsSummary/Session1/SubscriptionDiagnosticsArray/53957608
(root),PublishingInterval,Variable,float,1000.0,ns=1;s=Subscription_53957608.PublishingInterval,Objects/Objects/Server/ServerDiagnostics/SessionsDiagnosticsSummary/Session1/SubscriptionDiagnosticsArray/53957608
(root),MaxKeepAliveCount,Variable,int,30,ns=1;s=Subscription_53957608.MaxKeepAliveCount,Objects/Objects/Server/ServerDiagnostics/SessionsDiagnosticsSummary/Session1/SubscriptionDiagnosticsArray/53957608
(root),MaxLifetimeCount,Variable,int,300,ns=1;s=Subscription_53957608.MaxLifetimeCount,Objects/Objects/Server/ServerDiagnostics/SessionsDiagnosticsSummary/Session1/SubscriptionDiagnosticsArray/53957608
(root),MaxNotificationsPerPublish,Variable,int,100,ns=1;s=Subscription_53957608.MaxNotificationsPerPublish,Objects/Objects/Server/ServerDiagnostics/SessionsDiagnosticsSummary/Session1/SubscriptionDiagnosticsArray/53957608
(root),PublishingEnabled,Variable,bool,True,ns=1;s=Subscription_53957608.PublishingEnabled,Objects/Objects/Server/ServerDiagnostics/SessionsDiagnosticsSummary/Session1/SubscriptionDiagnosticsArray/53957608
(root),ModifyCount,Variable,int,0,ns=1;s=Subscription_53957608.ModifyCount,Objects/Objects/Server/ServerDiagnostics/SessionsDiagnosticsSummary/Session1/SubscriptionDiagnosticsArray/53957608
(root),EnableCount,Variable,int,0,ns=1;s=Subscription_53957608.EnableCount,Objects/Objects/Server/ServerDiagnostics/SessionsDiagnosticsSummary/Session1/SubscriptionDiagnosticsArray/53957608
(root),DisableCount,Variable,int,0,ns=1;s=Subscription_53957608.DisableCount,Objects/Objects/Server/ServerDiagnostics/SessionsDiagnosticsSummary/Session1/SubscriptionDiagnosticsArray/53957608
(root),RepublishRequestCount,Variable,int,0,ns=1;s=Subscription_53957608.RepublishRequestCount,Objects/Objects/Server/ServerDiagnostics/SessionsDiagnosticsSummary/Session1/SubscriptionDiagnosticsArray/53957608
(root),RepublishMessageRequestCount,Variable,int,0,ns=1;s=Subscription_53957608.RepublishMessageRequestCount,Objects/Objects/Server/ServerDiagnostics/SessionsDiagnosticsSummary/Session1/SubscriptionDiagnosticsArray/53957608
(root),RepublishMessageCount,Variable,int,0,ns=1;s=Subscription_53957608.RepublishMessageCount,Objects/Objects/Server/ServerDiagnostics/SessionsDiagnosticsSummary/Session1/SubscriptionDiagnosticsArray/53957608
(root),TransferRequestCount,Variable,int,0,ns=1;s=Subscription_53957608.TransferRequestCount,Objects/Objects/Server/ServerDiagnostics/SessionsDiagnosticsSummary/Session1/SubscriptionDiagnosticsArray/53957608
(root),TransferredToAltClientCount,Variable,int,0,ns=1;s=Subscription_53957608.TransferredToAltClientCount,Objects/Objects/Server/ServerDiagnostics/SessionsDiagnosticsSummary/Session1/SubscriptionDiagnosticsArray/53957608
(root),TransferredToSameClientCount,Variable,int,0,ns=1;s=Subscription_53957608.TransferredToSameClientCount,Objects/Objects/Server/ServerDiagnostics/SessionsDiagnosticsSummary/Session1/SubscriptionDiagnosticsArray/53957608
(root),PublishRequestCount,Variable,int,18,ns=1;s=Subscription_53957608.PublishRequestCount,Objects/Objects/Server/ServerDiagnostics/SessionsDiagnosticsSummary/Session1/SubscriptionDiagnosticsArray/53957608
(root),DataChangeNotificationsCount,Variable,int,6,ns=1;s=Subscription_53957608.DataChangeNotificationsCount,Objects/Objects/Server/ServerDiagnostics/SessionsDiagnosticsSummary/Session1/SubscriptionDiagnosticsArray/53957608
(root),EventNotificationsCount,Variable,int,0,ns=1;s=Subscription_53957608.EventNotificationsCount,Objects/Objects/Server/ServerDiagnostics/SessionsDiagnosticsSummary/Session1/SubscriptionDiagnosticsArray/53957608
(root),NotificationsCount,Variable,int,1,ns=1;s=Subscription_53957608.NotificationsCount,Objects/Objects/Server/ServerDiagnostics/SessionsDiagnosticsSummary/Session1/SubscriptionDiagnosticsArray/53957608
(root),LatePublishRequestCount,Variable,int,0,ns=1;s=Subscription_53957608.LatePublishRequestCount,Objects/Objects/Server/ServerDiagnostics/SessionsDiagnosticsSummary/Session1/SubscriptionDiagnosticsArray/53957608
(root),CurrentKeepAliveCount,Variable,int,0,ns=1;s=Subscription_53957608.CurrentKeepAliveCount,Objects/Objects/Server/ServerDiagnostics/SessionsDiagnosticsSummary/Session1/SubscriptionDiagnosticsArray/53957608
(root),CurrentLifetimeCount,Variable,int,0,ns=1;s=Subscription_53957608.CurrentLifetimeCount,Objects/Objects/Server/ServerDiagnostics/SessionsDiagnosticsSummary/Session1/SubscriptionDiagnosticsArray/53957608
(root),UnacknowledgedMessageCount,Variable,int,0,ns=1;s=Subscription_53957608.UnacknowledgedMessageCount,Objects/Objects/Server/ServerDiagnostics/SessionsDiagnosticsSummary/Session1/SubscriptionDiagnosticsArray/53957608
(root),DiscardedMessageCount,Variable,int,0,ns=1;s=Subscription_53957608.DiscardedMessageCount,Objects/Objects/Server/ServerDiagnostics/SessionsDiagnosticsSummary/Session1/SubscriptionDiagnosticsArray/53957608
(root),MonitoredItemCount,Variable,int,6,ns=1;s=Subscription_53957608.MonitoredItemCount,Objects/Objects/Server/ServerDiagnostics/SessionsDiagnosticsSummary/Session1/SubscriptionDiagnosticsArray/53957608
(root),DisabledMonitoredItemCount,Variable,int,0,ns=1;s=Subscription_53957608.DisabledMonitoredItemCount,Objects/Objects/Server/ServerDiagnostics/SessionsDiagnosticsSummary/Session1/SubscriptionDiagnosticsArray/53957608
(root),MonitoringQueueOverflowCount,Variable,int,0,ns=1;s=Subscription_53957608.MonitoringQueueOverflowCount,Objects/Objects/Server/ServerDiagnostics/SessionsDiagnosticsSummary/Session1/SubscriptionDiagnosticsArray/53957608
(root),NextSequenceNumber,Variable,int,1,ns=1;s=Subscription_53957608.NextSequenceNumber,Objects/Objects/Server/ServerDiagnostics/SessionsDiagnosticsSummary/Session1/SubscriptionDiagnosticsArray/53957608
(root),EventQueueOverflowCount,Variable,int,0,ns=1;s=Subscription_53957608.EventQueueOverflowCount,Objects/Objects/Server/ServerDiagnostics/SessionsDiagnosticsSummary/Session1/SubscriptionDiagnosticsArray/53957608
(root),SessionId,Variable,string,"NodeId(Identifier=3783273336, NamespaceIndex=1, NodeIdType=<NodeIdType.Numeric: 2>)",ns=1;s=Subscription_53957609.SessionId,Objects/Objects/Server/ServerDiagnostics/SessionsDiagnosticsSummary/Session1/SubscriptionDiagnosticsArray/53957609
(root),SubscriptionId,Variable,int,53957609,ns=1;s=Subscription_53957609.SubscriptionId,Objects/Objects/Server/ServerDiagnostics/SessionsDiagnosticsSummary/Session1/SubscriptionDiagnosticsArray/53957609
(root),Priority,Variable,int,10,ns=1;s=Subscription_53957609.Priority,Objects/Objects/Server/ServerDiagnostics/SessionsDiagnosticsSummary/Session1/SubscriptionDiagnosticsArray/53957609
(root),PublishingInterval,Variable,float,1000.0,ns=1;s=Subscription_53957609.PublishingInterval,Objects/Objects/Server/ServerDiagnostics/SessionsDiagnosticsSummary/Session1/SubscriptionDiagnosticsArray/53957609
(root),MaxKeepAliveCount,Variable,int,30,ns=1;s=Subscription_53957609.MaxKeepAliveCount,Objects/Objects/Server/ServerDiagnostics/SessionsDiagnosticsSummary/Session1/SubscriptionDiagnosticsArray/53957609
(root),MaxLifetimeCount,Variable,int,300,ns=1;s=Subscription_53957609.MaxLifetimeCount,Objects/Objects/Server/ServerDiagnostics/SessionsDiagnosticsSummary/Session1/SubscriptionDiagnosticsArray/53957609
(root),MaxNotificationsPerPublish,Variable,int,100,ns=1;s=Subscription_53957609.MaxNotificationsPerPublish,Objects/Objects/Server/ServerDiagnostics/SessionsDiagnosticsSummary/Session1/SubscriptionDiagnosticsArray/53957609
(root),PublishingEnabled,Variable,bool,True,ns=1;s=Subscription_53957609.PublishingEnabled,Objects/Objects/Server/ServerDiagnostics/SessionsDiagnosticsSummary/Session1/SubscriptionDiagnosticsArray/53957609
(root),ModifyCount,Variable,int,0,ns=1;s=Subscription_53957609.ModifyCount,Objects/Objects/Server/ServerDiagnostics/SessionsDiagnosticsSummary/Session1/SubscriptionDiagnosticsArray/53957609
(root),EnableCount,Variable,int,0,ns=1;s=Subscription_53957609.EnableCount,Objects/Objects/Server/ServerDiagnostics/SessionsDiagnosticsSummary/Session1/SubscriptionDiagnosticsArray/53957609
(root),DisableCount,Variable,int,0,ns=1;s=Subscription_53957609.DisableCount,Objects/Objects/Server/ServerDiagnostics/SessionsDiagnosticsSummary/Session1/SubscriptionDiagnosticsArray/53957609
(root),RepublishRequestCount,Variable,int,0,ns=1;s=Subscription_53957609.RepublishRequestCount,Objects/Objects/Server/ServerDiagnostics/SessionsDiagnosticsSummary/Session1/SubscriptionDiagnosticsArray/53957609
(root),RepublishMessageRequestCount,Variable,int,0,ns=1;s=Subscription_53957609.RepublishMessageRequestCount,Objects/Objects/Server/ServerDiagnostics/SessionsDiagnosticsSummary/Session1/SubscriptionDiagnosticsArray/53957609
(root),RepublishMessageCount,Variable,int,0,ns=1;s=Subscription_53957609.RepublishMessageCount,Objects/Objects/Server/ServerDiagnostics/SessionsDiagnosticsSummary/Session1/SubscriptionDiagnosticsArray/53957609
(root),TransferRequestCount,Variable,int,0,ns=1;s=Subscription_53957609.TransferRequestCount,Objects/Objects/Server/ServerDiagnostics/SessionsDiagnosticsSummary/Session1/SubscriptionDiagnosticsArray/53957609
(root),TransferredToAltClientCount,Variable,int,0,ns=1;s=Subscription_53957609.TransferredToAltClientCount,Objects/Objects/Server/ServerDiagnostics/SessionsDiagnosticsSummary/Session1/SubscriptionDiagnosticsArray/53957609
(root),TransferredToSameClientCount,Variable,int,0,ns=1;s=Subscription_53957609.TransferredToSameClientCount,Objects/Objects/Server/ServerDiagnostics/SessionsDiagnosticsSummary/Session1/SubscriptionDiagnosticsArray/53957609
(root),PublishRequestCount,Variable,int,18,ns=1;s=Subscription_53957609.PublishRequestCount,Objects/Objects/Server/ServerDiagnostics/SessionsDiagnosticsSummary/Session1/SubscriptionDiagnosticsArray/53957609
(root),DataChangeNotificationsCount,Variable,int,4,ns=1;s=Subscription_53957609.DataChangeNotificationsCount,Objects/Objects/Server/ServerDiagnostics/SessionsDiagnosticsSummary/Session1/SubscriptionDiagnosticsArray/53957609
(root),EventNotificationsCount,Variable,int,0,ns=1;s=Subscription_53957609.EventNotificationsCount,Objects/Objects/Server/ServerDiagnostics/SessionsDiagnosticsSummary/Session1/SubscriptionDiagnosticsArray/53957609
(root),NotificationsCount,Variable,int,1,ns=1;s=Subscription_53957609.NotificationsCount,Objects/Objects/Server/ServerDiagnostics/SessionsDiagnosticsSummary/Session1/SubscriptionDiagnosticsArray/53957609
(root),LatePublishRequestCount,Variable,int,0,ns=1;s=Subscription_53957609.LatePublishRequestCount,Objects/Objects/Server/ServerDiagnostics/SessionsDiagnosticsSummary/Session1/SubscriptionDiagnosticsArray/53957609
(root),CurrentKeepAliveCount,Variable,int,0,ns=1;s=Subscription_53957609.CurrentKeepAliveCount,Objects/Objects/Server/ServerDiagnostics/SessionsDiagnosticsSummary/Session1/SubscriptionDiagnosticsArray/53957609
(root),CurrentLifetimeCount,Variable,int,0,ns=1;s=Subscription_53957609.CurrentLifetimeCount,Objects/Objects/Server/ServerDiagnostics/SessionsDiagnosticsSummary/Session1/SubscriptionDiagnosticsArray/53957609
(root),UnacknowledgedMessageCount,Variable,int,0,ns=1;s=Subscription_53957609.UnacknowledgedMessageCount,Objects/Objects/Server/ServerDiagnostics/SessionsDiagnosticsSummary/Session1/SubscriptionDiagnosticsArray/53957609
(root),DiscardedMessageCount,Variable,int,0,ns=1;s=Subscription_53957609.DiscardedMessageCount,Objects/Objects/Server/ServerDiagnostics/SessionsDiagnosticsSummary/Session1/SubscriptionDiagnosticsArray/53957609
(root),MonitoredItemCount,Variable,int,4,ns=1;s=Subscription_53957609.MonitoredItemCount,Objects/Objects/Server/ServerDiagnostics/SessionsDiagnosticsSummary/Session1/SubscriptionDiagnosticsArray/53957609
(root),DisabledMonitoredItemCount,Variable,int,0,ns=1;s=Subscription_53957609.DisabledMonitoredItemCount,Objects/Objects/Server/ServerDiagnostics/SessionsDiagnosticsSummary/Session1/SubscriptionDiagnosticsArray/53957609
(root),MonitoringQueueOverflowCount,Variable,int,0,ns=1;s=Subscription_53957609.MonitoringQueueOverflowCount,Objects/Objects/Server/ServerDiagnostics/SessionsDiagnosticsSummary/Session1/SubscriptionDiagnosticsArray/53957609
(root),NextSequenceNumber,Variable,int,1,ns=1;s=Subscription_53957609.NextSequenceNumber,Objects/Objects/Server/ServerDiagnostics/SessionsDiagnosticsSummary/Session1/SubscriptionDiagnosticsArray/53957609
(root),EventQueueOverflowCount,Variable,int,0,ns=1;s=Subscription_53957609.EventQueueOverflowCount,Objects/Objects/Server/ServerDiagnostics/SessionsDiagnosticsSummary/Session1/SubscriptionDiagnosticsArray/53957609
(root),SessionId,Variable,string,"NodeId(Identifier=3783273336, NamespaceIndex=1, NodeIdType=<NodeIdType.Numeric: 2>)",ns=1;s=Subscription_53957610.SessionId,Objects/Objects/Server/ServerDiagnostics/SessionsDiagnosticsSummary/Session1/SubscriptionDiagnosticsArray/53957610
(root),SubscriptionId,Variable,int,53957610,ns=1;s=Subscription_53957610.SubscriptionId,Objects/Objects/Server/ServerDiagnostics/SessionsDiagnosticsSummary/Session1/SubscriptionDiagnosticsArray/53957610
(root),Priority,Variable,int,10,ns=1;s=Subscription_53957610.Priority,Objects/Objects/Server/ServerDiagnostics/SessionsDiagnosticsSummary/Session1/SubscriptionDiagnosticsArray/53957610
(root),PublishingInterval,Variable,float,1000.0,ns=1;s=Subscription_53957610.PublishingInterval,Objects/Objects/Server/ServerDiagnostics/SessionsDiagnosticsSummary/Session1/SubscriptionDiagnosticsArray/53957610
(root),MaxKeepAliveCount,Variable,int,30,ns=1;s=Subscription_53957610.MaxKeepAliveCount,Objects/Objects/Server/ServerDiagnostics/SessionsDiagnosticsSummary/Session1/SubscriptionDiagnosticsArray/53957610
(root),MaxLifetimeCount,Variable,int,300,ns=1;s=Subscription_53957610.MaxLifetimeCount,Objects/Objects/Server/ServerDiagnostics/SessionsDiagnosticsSummary/Session1/SubscriptionDiagnosticsArray/53957610
(root),MaxNotificationsPerPublish,Variable,int,100,ns=1;s=Subscription_53957610.MaxNotificationsPerPublish,Objects/Objects/Server/ServerDiagnostics/SessionsDiagnosticsSummary/Session1/SubscriptionDiagnosticsArray/53957610
(root),PublishingEnabled,Variable,bool,True,ns=1;s=Subscription_53957610.PublishingEnabled,Objects/Objects/Server/ServerDiagnostics/SessionsDiagnosticsSummary/Session1/SubscriptionDiagnosticsArray/53957610
(root),ModifyCount,Variable,int,0,ns=1;s=Subscription_53957610.ModifyCount,Objects/Objects/Server/ServerDiagnostics/SessionsDiagnosticsSummary/Session1/SubscriptionDiagnosticsArray/53957610
(root),EnableCount,Variable,int,0,ns=1;s=Subscription_53957610.EnableCount,Objects/Objects/Server/ServerDiagnostics/SessionsDiagnosticsSummary/Session1/SubscriptionDiagnosticsArray/53957610
(root),DisableCount,Variable,int,0,ns=1;s=Subscription_53957610.DisableCount,Objects/Objects/Server/ServerDiagnostics/SessionsDiagnosticsSummary/Session1/SubscriptionDiagnosticsArray/53957610
(root),RepublishRequestCount,Variable,int,0,ns=1;s=Subscription_53957610.RepublishRequestCount,Objects/Objects/Server/ServerDiagnostics/SessionsDiagnosticsSummary/Session1/SubscriptionDiagnosticsArray/53957610
(root),RepublishMessageRequestCount,Variable,int,0,ns=1;s=Subscription_53957610.RepublishMessageRequestCount,Objects/Objects/Server/ServerDiagnostics/SessionsDiagnosticsSummary/Session1/SubscriptionDiagnosticsArray/53957610
(root),RepublishMessageCount,Variable,int,0,ns=1;s=Subscription_53957610.RepublishMessageCount,Objects/Objects/Server/ServerDiagnostics/SessionsDiagnosticsSummary/Session1/SubscriptionDiagnosticsArray/53957610
(root),TransferRequestCount,Variable,int,0,ns=1;s=Subscription_53957610.TransferRequestCount,Objects/Objects/Server/ServerDiagnostics/SessionsDiagnosticsSummary/Session1/SubscriptionDiagnosticsArray/53957610
(root),TransferredToAltClientCount,Variable,int,0,ns=1;s=Subscription_53957610.TransferredToAltClientCount,Objects/Objects/Server/ServerDiagnostics/SessionsDiagnosticsSummary/Session1/SubscriptionDiagnosticsArray/53957610
(root),TransferredToSameClientCount,Variable,int,0,ns=1;s=Subscription_53957610.TransferredToSameClientCount,Objects/Objects/Server/ServerDiagnostics/SessionsDiagnosticsSummary/Session1/SubscriptionDiagnosticsArray/53957610
(root),PublishRequestCount,Variable,int,17,ns=1;s=Subscription_53957610.PublishRequestCount,Objects/Objects/Server/ServerDiagnostics/SessionsDiagnosticsSummary/Session1/SubscriptionDiagnosticsArray/53957610
(root),DataChangeNotificationsCount,Variable,int,5,ns=1;s=Subscription_53957610.DataChangeNotificationsCount,Objects/Objects/Server/ServerDiagnostics/SessionsDiagnosticsSummary/Session1/SubscriptionDiagnosticsArray/53957610
(root),EventNotificationsCount,Variable,int,0,ns=1;s=Subscription_53957610.EventNotificationsCount,Objects/Objects/Server/ServerDiagnostics/SessionsDiagnosticsSummary/Session1/SubscriptionDiagnosticsArray/53957610
(root),NotificationsCount,Variable,int,1,ns=1;s=Subscription_53957610.NotificationsCount,Objects/Objects/Server/ServerDiagnostics/SessionsDiagnosticsSummary/Session1/SubscriptionDiagnosticsArray/53957610
(root),LatePublishRequestCount,Variable,int,0,ns=1;s=Subscription_53957610.LatePublishRequestCount,Objects/Objects/Server/ServerDiagnostics/SessionsDiagnosticsSummary/Session1/SubscriptionDiagnosticsArray/53957610
(root),CurrentKeepAliveCount,Variable,int,29,ns=1;s=Subscription_53957610.CurrentKeepAliveCount,Objects/Objects/Server/ServerDiagnostics/SessionsDiagnosticsSummary/Session1/SubscriptionDiagnosticsArray/53957610
(root),CurrentLifetimeCount,Variable,int,29,ns=1;s=Subscription_53957610.CurrentLifetimeCount,Objects/Objects/Server/ServerDiagnostics/SessionsDiagnosticsSummary/Session1/SubscriptionDiagnosticsArray/53957610
(root),UnacknowledgedMessageCount,Variable,int,0,ns=1;s=Subscription_53957610.UnacknowledgedMessageCount,Objects/Objects/Server/ServerDiagnostics/SessionsDiagnosticsSummary/Session1/SubscriptionDiagnosticsArray/53957610
(root),DiscardedMessageCount,Variable,int,0,ns=1;s=Subscription_53957610.DiscardedMessageCount,Objects/Objects/Server/ServerDiagnostics/SessionsDiagnosticsSummary/Session1/SubscriptionDiagnosticsArray/53957610
(root),MonitoredItemCount,Variable,int,5,ns=1;s=Subscription_53957610.MonitoredItemCount,Objects/Objects/Server/ServerDiagnostics/SessionsDiagnosticsSummary/Session1/SubscriptionDiagnosticsArray/53957610
(root),DisabledMonitoredItemCount,Variable,int,0,ns=1;s=Subscription_53957610.DisabledMonitoredItemCount,Objects/Objects/Server/ServerDiagnostics/SessionsDiagnosticsSummary/Session1/SubscriptionDiagnosticsArray/53957610
(root),MonitoringQueueOverflowCount,Variable,int,0,ns=1;s=Subscription_53957610.MonitoringQueueOverflowCount,Objects/Objects/Server/ServerDiagnostics/SessionsDiagnosticsSummary/Session1/SubscriptionDiagnosticsArray/53957610
(root),NextSequenceNumber,Variable,int,1,ns=1;s=Subscription_53957610.NextSequenceNumber,Objects/Objects/Server/ServerDiagnostics/SessionsDiagnosticsSummary/Session1/SubscriptionDiagnosticsArray/53957610
(root),EventQueueOverflowCount,Variable,int,0,ns=1;s=Subscription_53957610.EventQueueOverflowCount,Objects/Objects/Server/ServerDiagnostics/SessionsDiagnosticsSummary/Session1/SubscriptionDiagnosticsArray/53957610
(root),SessionId,Variable,string,"NodeId(Identifier=3783273336, NamespaceIndex=1, NodeIdType=<NodeIdType.Numeric: 2>)",ns=1;s=Subscription_53957611.SessionId,Objects/Objects/Server/ServerDiagnostics/SessionsDiagnosticsSummary/Session1/SubscriptionDiagnosticsArray/53957611
(root),SubscriptionId,Variable,int,53957611,ns=1;s=Subscription_53957611.SubscriptionId,Objects/Objects/Server/ServerDiagnostics/SessionsDiagnosticsSummary/Session1/SubscriptionDiagnosticsArray/53957611
(root),Priority,Variable,int,10,ns=1;s=Subscription_53957611.Priority,Objects/Objects/Server/ServerDiagnostics/SessionsDiagnosticsSummary/Session1/SubscriptionDiagnosticsArray/53957611
(root),PublishingInterval,Variable,float,1000.0,ns=1;s=Subscription_53957611.PublishingInterval,Objects/Objects/Server/ServerDiagnostics/SessionsDiagnosticsSummary/Session1/SubscriptionDiagnosticsArray/53957611
(root),MaxKeepAliveCount,Variable,int,30,ns=1;s=Subscription_53957611.MaxKeepAliveCount,Objects/Objects/Server/ServerDiagnostics/SessionsDiagnosticsSummary/Session1/SubscriptionDiagnosticsArray/53957611
(root),MaxLifetimeCount,Variable,int,300,ns=1;s=Subscription_53957611.MaxLifetimeCount,Objects/Objects/Server/ServerDiagnostics/SessionsDiagnosticsSummary/Session1/SubscriptionDiagnosticsArray/53957611
(root),MaxNotificationsPerPublish,Variable,int,100,ns=1;s=Subscription_53957611.MaxNotificationsPerPublish,Objects/Objects/Server/ServerDiagnostics/SessionsDiagnosticsSummary/Session1/SubscriptionDiagnosticsArray/53957611
(root),PublishingEnabled,Variable,bool,True,ns=1;s=Subscription_53957611.PublishingEnabled,Objects/Objects/Server/ServerDiagnostics/SessionsDiagnosticsSummary/Session1/SubscriptionDiagnosticsArray/53957611
(root),ModifyCount,Variable,int,0,ns=1;s=Subscription_53957611.ModifyCount,Objects/Objects/Server/ServerDiagnostics/SessionsDiagnosticsSummary/Session1/SubscriptionDiagnosticsArray/53957611
(root),EnableCount,Variable,int,0,ns=1;s=Subscription_53957611.EnableCount,Objects/Objects/Server/ServerDiagnostics/SessionsDiagnosticsSummary/Session1/SubscriptionDiagnosticsArray/53957611
(root),DisableCount,Variable,int,0,ns=1;s=Subscription_53957611.DisableCount,Objects/Objects/Server/ServerDiagnostics/SessionsDiagnosticsSummary/Session1/SubscriptionDiagnosticsArray/53957611
(root),RepublishRequestCount,Variable,int,0,ns=1;s=Subscription_53957611.RepublishRequestCount,Objects/Objects/Server/ServerDiagnostics/SessionsDiagnosticsSummary/Session1/SubscriptionDiagnosticsArray/53957611
(root),RepublishMessageRequestCount,Variable,int,0,ns=1;s=Subscription_53957611.RepublishMessageRequestCount,Objects/Objects/Server/ServerDiagnostics/SessionsDiagnosticsSummary/Session1/SubscriptionDiagnosticsArray/53957611
(root),RepublishMessageCount,Variable,int,0,ns=1;s=Subscription_53957611.RepublishMessageCount,Objects/Objects/Server/ServerDiagnostics/SessionsDiagnosticsSummary/Session1/SubscriptionDiagnosticsArray/53957611
(root),TransferRequestCount,Variable,int,0,ns=1;s=Subscription_53957611.TransferRequestCount,Objects/Objects/Server/ServerDiagnostics/SessionsDiagnosticsSummary/Session1/SubscriptionDiagnosticsArray/53957611
(root),TransferredToAltClientCount,Variable,int,0,ns=1;s=Subscription_53957611.TransferredToAltClientCount,Objects/Objects/Server/ServerDiagnostics/SessionsDiagnosticsSummary/Session1/SubscriptionDiagnosticsArray/53957611
(root),TransferredToSameClientCount,Variable,int,0,ns=1;s=Subscription_53957611.TransferredToSameClientCount,Objects/Objects/Server/ServerDiagnostics/SessionsDiagnosticsSummary/Session1/SubscriptionDiagnosticsArray/53957611
(root),PublishRequestCount,Variable,int,17,ns=1;s=Subscription_53957611.PublishRequestCount,Objects/Objects/Server/ServerDiagnostics/SessionsDiagnosticsSummary/Session1/SubscriptionDiagnosticsArray/53957611
(root),DataChangeNotificationsCount,Variable,int,9,ns=1;s=Subscription_53957611.DataChangeNotificationsCount,Objects/Objects/Server/ServerDiagnostics/SessionsDiagnosticsSummary/Session1/SubscriptionDiagnosticsArray/53957611
(root),EventNotificationsCount,Variable,int,0,ns=1;s=Subscription_53957611.EventNotificationsCount,Objects/Objects/Server/ServerDiagnostics/SessionsDiagnosticsSummary/Session1/SubscriptionDiagnosticsArray/53957611
(root),NotificationsCount,Variable,int,1,ns=1;s=Subscription_53957611.NotificationsCount,Objects/Objects/Server/ServerDiagnostics/SessionsDiagnosticsSummary/Session1/SubscriptionDiagnosticsArray/53957611
(root),LatePublishRequestCount,Variable,int,0,ns=1;s=Subscription_53957611.LatePublishRequestCount,Objects/Objects/Server/ServerDiagnostics/SessionsDiagnosticsSummary/Session1/SubscriptionDiagnosticsArray/53957611
(root),CurrentKeepAliveCount,Variable,int,29,ns=1;s=Subscription_53957611.CurrentKeepAliveCount,Objects/Objects/Server/ServerDiagnostics/SessionsDiagnosticsSummary/Session1/SubscriptionDiagnosticsArray/53957611
(root),CurrentLifetimeCount,Variable,int,29,ns=1;s=Subscription_53957611.CurrentLifetimeCount,Objects/Objects/Server/ServerDiagnostics/SessionsDiagnosticsSummary/Session1/SubscriptionDiagnosticsArray/53957611
(root),UnacknowledgedMessageCount,Variable,int,0,ns=1;s=Subscription_53957611.UnacknowledgedMessageCount,Objects/Objects/Server/ServerDiagnostics/SessionsDiagnosticsSummary/Session1/SubscriptionDiagnosticsArray/53957611
(root),DiscardedMessageCount,Variable,int,0,ns=1;s=Subscription_53957611.DiscardedMessageCount,Objects/Objects/Server/ServerDiagnostics/SessionsDiagnosticsSummary/Session1/SubscriptionDiagnosticsArray/53957611
(root),MonitoredItemCount,Variable,int,9,ns=1;s=Subscription_53957611.MonitoredItemCount,Objects/Objects/Server/ServerDiagnostics/SessionsDiagnosticsSummary/Session1/SubscriptionDiagnosticsArray/53957611
(root),DisabledMonitoredItemCount,Variable,int,0,ns=1;s=Subscription_53957611.DisabledMonitoredItemCount,Objects/Objects/Server/ServerDiagnostics/SessionsDiagnosticsSummary/Session1/SubscriptionDiagnosticsArray/53957611
(root),MonitoringQueueOverflowCount,Variable,int,0,ns=1;s=Subscription_53957611.MonitoringQueueOverflowCount,Objects/Objects/Server/ServerDiagnostics/SessionsDiagnosticsSummary/Session1/SubscriptionDiagnosticsArray/53957611
(root),NextSequenceNumber,Variable,int,1,ns=1;s=Subscription_53957611.NextSequenceNumber,Objects/Objects/Server/ServerDiagnostics/SessionsDiagnosticsSummary/Session1/SubscriptionDiagnosticsArray/53957611
(root),EventQueueOverflowCount,Variable,int,0,ns=1;s=Subscription_53957611.EventQueueOverflowCount,Objects/Objects/Server/ServerDiagnostics/SessionsDiagnosticsSummary/Session1/SubscriptionDiagnosticsArray/53957611
(root),SessionId,Variable,string,"NodeId(Identifier=3783273336, NamespaceIndex=1, NodeIdType=<NodeIdType.Numeric: 2>)",ns=1;s=Subscription_53957612.SessionId,Objects/Objects/Server/ServerDiagnostics/SessionsDiagnosticsSummary/Session1/SubscriptionDiagnosticsArray/53957612
(root),SubscriptionId,Variable,int,53957612,ns=1;s=Subscription_53957612.SubscriptionId,Objects/Objects/Server/ServerDiagnostics/SessionsDiagnosticsSummary/Session1/SubscriptionDiagnosticsArray/53957612
(root),Priority,Variable,int,10,ns=1;s=Subscription_53957612.Priority,Objects/Objects/Server/ServerDiagnostics/SessionsDiagnosticsSummary/Session1/SubscriptionDiagnosticsArray/53957612
(root),PublishingInterval,Variable,float,1000.0,ns=1;s=Subscription_53957612.PublishingInterval,Objects/Objects/Server/ServerDiagnostics/SessionsDiagnosticsSummary/Session1/SubscriptionDiagnosticsArray/53957612
(root),MaxKeepAliveCount,Variable,int,30,ns=1;s=Subscription_53957612.MaxKeepAliveCount,Objects/Objects/Server/ServerDiagnostics/SessionsDiagnosticsSummary/Session1/SubscriptionDiagnosticsArray/53957612
(root),MaxLifetimeCount,Variable,int,300,ns=1;s=Subscription_53957612.MaxLifetimeCount,Objects/Objects/Server/ServerDiagnostics/SessionsDiagnosticsSummary/Session1/SubscriptionDiagnosticsArray/53957612
(root),MaxNotificationsPerPublish,Variable,int,100,ns=1;s=Subscription_53957612.MaxNotificationsPerPublish,Objects/Objects/Server/ServerDiagnostics/SessionsDiagnosticsSummary/Session1/SubscriptionDiagnosticsArray/53957612
(root),PublishingEnabled,Variable,bool,True,ns=1;s=Subscription_53957612.PublishingEnabled,Objects/Objects/Server/ServerDiagnostics/SessionsDiagnosticsSummary/Session1/SubscriptionDiagnosticsArray/53957612
(root),ModifyCount,Variable,int,0,ns=1;s=Subscription_53957612.ModifyCount,Objects/Objects/Server/ServerDiagnostics/SessionsDiagnosticsSummary/Session1/SubscriptionDiagnosticsArray/53957612
(root),EnableCount,Variable,int,0,ns=1;s=Subscription_53957612.EnableCount,Objects/Objects/Server/ServerDiagnostics/SessionsDiagnosticsSummary/Session1/SubscriptionDiagnosticsArray/53957612
(root),DisableCount,Variable,int,0,ns=1;s=Subscription_53957612.DisableCount,Objects/Objects/Server/ServerDiagnostics/SessionsDiagnosticsSummary/Session1/SubscriptionDiagnosticsArray/53957612
(root),RepublishRequestCount,Variable,int,0,ns=1;s=Subscription_53957612.RepublishRequestCount,Objects/Objects/Server/ServerDiagnostics/SessionsDiagnosticsSummary/Session1/SubscriptionDiagnosticsArray/53957612
(root),RepublishMessageRequestCount,Variable,int,0,ns=1;s=Subscription_53957612.RepublishMessageRequestCount,Objects/Objects/Server/ServerDiagnostics/SessionsDiagnosticsSummary/Session1/SubscriptionDiagnosticsArray/53957612
(root),RepublishMessageCount,Variable,int,0,ns=1;s=Subscription_53957612.RepublishMessageCount,Objects/Objects/Server/ServerDiagnostics/SessionsDiagnosticsSummary/Session1/SubscriptionDiagnosticsArray/53957612
(root),TransferRequestCount,Variable,int,0,ns=1;s=Subscription_53957612.TransferRequestCount,Objects/Objects/Server/ServerDiagnostics/SessionsDiagnosticsSummary/Session1/SubscriptionDiagnosticsArray/53957612
(root),TransferredToAltClientCount,Variable,int,0,ns=1;s=Subscription_53957612.TransferredToAltClientCount,Objects/Objects/Server/ServerDiagnostics/SessionsDiagnosticsSummary/Session1/SubscriptionDiagnosticsArray/53957612
(root),TransferredToSameClientCount,Variable,int,0,ns=1;s=Subscription_53957612.TransferredToSameClientCount,Objects/Objects/Server/ServerDiagnostics/SessionsDiagnosticsSummary/Session1/SubscriptionDiagnosticsArray/53957612
(root),PublishRequestCount,Variable,int,27,ns=1;s=Subscription_53957612.PublishRequestCount,Objects/Objects/Server/ServerDiagnostics/SessionsDiagnosticsSummary/Session1/SubscriptionDiagnosticsArray/53957612
(root),DataChangeNotificationsCount,Variable,int,19,ns=1;s=Subscription_53957612.DataChangeNotificationsCount,Objects/Objects/Server/ServerDiagnostics/SessionsDiagnosticsSummary/Session1/SubscriptionDiagnosticsArray/53957612
(root),EventNotificationsCount,Variable,int,0,ns=1;s=Subscription_53957612.EventNotificationsCount,Objects/Objects/Server/ServerDiagnostics/SessionsDiagnosticsSummary/Session1/SubscriptionDiagnosticsArray/53957612
(root),NotificationsCount,Variable,int,11,ns=1;s=Subscription_53957612.NotificationsCount,Objects/Objects/Server/ServerDiagnostics/SessionsDiagnosticsSummary/Session1/SubscriptionDiagnosticsArray/53957612
(root),LatePublishRequestCount,Variable,int,0,ns=1;s=Subscription_53957612.LatePublishRequestCount,Objects/Objects/Server/ServerDiagnostics/SessionsDiagnosticsSummary/Session1/SubscriptionDiagnosticsArray/53957612
(root),CurrentKeepAliveCount,Variable,int,19,ns=1;s=Subscription_53957612.CurrentKeepAliveCount,Objects/Objects/Server/ServerDiagnostics/SessionsDiagnosticsSummary/Session1/SubscriptionDiagnosticsArray/53957612
(root),CurrentLifetimeCount,Variable,int,19,ns=1;s=Subscription_53957612.CurrentLifetimeCount,Objects/Objects/Server/ServerDiagnostics/SessionsDiagnosticsSummary/Session1/SubscriptionDiagnosticsArray/53957612
(root),UnacknowledgedMessageCount,Variable,int,0,ns=1;s=Subscription_53957612.UnacknowledgedMessageCount,Objects/Objects/Server/ServerDiagnostics/SessionsDiagnosticsSummary/Session1/SubscriptionDiagnosticsArray/53957612
(root),DiscardedMessageCount,Variable,int,0,ns=1;s=Subscription_53957612.DiscardedMessageCount,Objects/Objects/Server/ServerDiagnostics/SessionsDiagnosticsSummary/Session1/SubscriptionDiagnosticsArray/53957612
(root),MonitoredItemCount,Variable,int,6,ns=1;s=Subscription_53957612.MonitoredItemCount,Objects/Objects/Server/ServerDiagnostics/SessionsDiagnosticsSummary/Session1/SubscriptionDiagnosticsArray/53957612
(root),DisabledMonitoredItemCount,Variable,int,0,ns=1;s=Subscription_53957612.DisabledMonitoredItemCount,Objects/Objects/Server/ServerDiagnostics/SessionsDiagnosticsSummary/Session1/SubscriptionDiagnosticsArray/53957612
(root),MonitoringQueueOverflowCount,Variable,int,1,ns=1;s=Subscription_53957612.MonitoringQueueOverflowCount,Objects/Objects/Server/ServerDiagnostics/SessionsDiagnosticsSummary/Session1/SubscriptionDiagnosticsArray/53957612
(root),NextSequenceNumber,Variable,int,11,ns=1;s=Subscription_53957612.NextSequenceNumber,Objects/Objects/Server/ServerDiagnostics/SessionsDiagnosticsSummary/Session1/SubscriptionDiagnosticsArray/53957612
(root),EventQueueOverflowCount,Variable,int,0,ns=1;s=Subscription_53957612.EventQueueOverflowCount,Objects/Objects/Server/ServerDiagnostics/SessionsDiagnosticsSummary/Session1/SubscriptionDiagnosticsArray/53957612
(root),SessionId,Variable,string,"NodeId(Identifier=3783273336, NamespaceIndex=1, NodeIdType=<NodeIdType.Numeric: 2>)",ns=1;s=Subscription_53957613.SessionId,Objects/Objects/Server/ServerDiagnostics/SessionsDiagnosticsSummary/Session1/SubscriptionDiagnosticsArray/53957613
(root),SubscriptionId,Variable,int,53957613,ns=1;s=Subscription_53957613.SubscriptionId,Objects/Objects/Server/ServerDiagnostics/SessionsDiagnosticsSummary/Session1/SubscriptionDiagnosticsArray/53957613
(root),Priority,Variable,int,10,ns=1;s=Subscription_53957613.Priority,Objects/Objects/Server/ServerDiagnostics/SessionsDiagnosticsSummary/Session1/SubscriptionDiagnosticsArray/53957613
(root),PublishingInterval,Variable,float,1500.0,ns=1;s=Subscription_53957613.PublishingInterval,Objects/Objects/Server/ServerDiagnostics/SessionsDiagnosticsSummary/Session1/SubscriptionDiagnosticsArray/53957613
(root),MaxKeepAliveCount,Variable,int,20,ns=1;s=Subscription_53957613.MaxKeepAliveCount,Objects/Objects/Server/ServerDiagnostics/SessionsDiagnosticsSummary/Session1/SubscriptionDiagnosticsArray/53957613
(root),MaxLifetimeCount,Variable,int,200,ns=1;s=Subscription_53957613.MaxLifetimeCount,Objects/Objects/Server/ServerDiagnostics/SessionsDiagnosticsSummary/Session1/SubscriptionDiagnosticsArray/53957613
(root),MaxNotificationsPerPublish,Variable,int,100,ns=1;s=Subscription_53957613.MaxNotificationsPerPublish,Objects/Objects/Server/ServerDiagnostics/SessionsDiagnosticsSummary/Session1/SubscriptionDiagnosticsArray/53957613
(root),PublishingEnabled,Variable,bool,True,ns=1;s=Subscription_53957613.PublishingEnabled,Objects/Objects/Server/ServerDiagnostics/SessionsDiagnosticsSummary/Session1/SubscriptionDiagnosticsArray/53957613
(root),ModifyCount,Variable,int,0,ns=1;s=Subscription_53957613.ModifyCount,Objects/Objects/Server/ServerDiagnostics/SessionsDiagnosticsSummary/Session1/SubscriptionDiagnosticsArray/53957613
(root),EnableCount,Variable,int,0,ns=1;s=Subscription_53957613.EnableCount,Objects/Objects/Server/ServerDiagnostics/SessionsDiagnosticsSummary/Session1/SubscriptionDiagnosticsArray/53957613
(root),DisableCount,Variable,int,0,ns=1;s=Subscription_53957613.DisableCount,Objects/Objects/Server/ServerDiagnostics/SessionsDiagnosticsSummary/Session1/SubscriptionDiagnosticsArray/53957613
(root),RepublishRequestCount,Variable,int,0,ns=1;s=Subscription_53957613.RepublishRequestCount,Objects/Objects/Server/ServerDiagnostics/SessionsDiagnosticsSummary/Session1/SubscriptionDiagnosticsArray/53957613
(root),RepublishMessageRequestCount,Variable,int,0,ns=1;s=Subscription_53957613.RepublishMessageRequestCount,Objects/Objects/Server/ServerDiagnostics/SessionsDiagnosticsSummary/Session1/SubscriptionDiagnosticsArray/53957613
(root),RepublishMessageCount,Variable,int,0,ns=1;s=Subscription_53957613.RepublishMessageCount,Objects/Objects/Server/ServerDiagnostics/SessionsDiagnosticsSummary/Session1/SubscriptionDiagnosticsArray/53957613
(root),TransferRequestCount,Variable,int,0,ns=1;s=Subscription_53957613.TransferRequestCount,Objects/Objects/Server/ServerDiagnostics/SessionsDiagnosticsSummary/Session1/SubscriptionDiagnosticsArray/53957613
(root),TransferredToAltClientCount,Variable,int,0,ns=1;s=Subscription_53957613.TransferredToAltClientCount,Objects/Objects/Server/ServerDiagnostics/SessionsDiagnosticsSummary/Session1/SubscriptionDiagnosticsArray/53957613
(root),TransferredToSameClientCount,Variable,int,0,ns=1;s=Subscription_53957613.TransferredToSameClientCount,Objects/Objects/Server/ServerDiagnostics/SessionsDiagnosticsSummary/Session1/SubscriptionDiagnosticsArray/53957613
(root),PublishRequestCount,Variable,int,17,ns=1;s=Subscription_53957613.PublishRequestCount,Objects/Objects/Server/ServerDiagnostics/SessionsDiagnosticsSummary/Session1/SubscriptionDiagnosticsArray/53957613
(root),DataChangeNotificationsCount,Variable,int,12,ns=1;s=Subscription_53957613.DataChangeNotificationsCount,Objects/Objects/Server/ServerDiagnostics/SessionsDiagnosticsSummary/Session1/SubscriptionDiagnosticsArray/53957613
(root),EventNotificationsCount,Variable,int,0,ns=1;s=Subscription_53957613.EventNotificationsCount,Objects/Objects/Server/ServerDiagnostics/SessionsDiagnosticsSummary/Session1/SubscriptionDiagnosticsArray/53957613
(root),NotificationsCount,Variable,int,1,ns=1;s=Subscription_53957613.NotificationsCount,Objects/Objects/Server/ServerDiagnostics/SessionsDiagnosticsSummary/Session1/SubscriptionDiagnosticsArray/53957613
(root),LatePublishRequestCount,Variable,int,0,ns=1;s=Subscription_53957613.LatePublishRequestCount,Objects/Objects/Server/ServerDiagnostics/SessionsDiagnosticsSummary/Session1/SubscriptionDiagnosticsArray/53957613
(root),CurrentKeepAliveCount,Variable,int,18,ns=1;s=Subscription_53957613.CurrentKeepAliveCount,Objects/Objects/Server/ServerDiagnostics/SessionsDiagnosticsSummary/Session1/SubscriptionDiagnosticsArray/53957613
(root),CurrentLifetimeCount,Variable,int,18,ns=1;s=Subscription_53957613.CurrentLifetimeCount,Objects/Objects/Server/ServerDiagnostics/SessionsDiagnosticsSummary/Session1/SubscriptionDiagnosticsArray/53957613
(root),UnacknowledgedMessageCount,Variable,int,0,ns=1;s=Subscription_53957613.UnacknowledgedMessageCount,Objects/Objects/Server/ServerDiagnostics/SessionsDiagnosticsSummary/Session1/SubscriptionDiagnosticsArray/53957613
(root),DiscardedMessageCount,Variable,int,0,ns=1;s=Subscription_53957613.DiscardedMessageCount,Objects/Objects/Server/ServerDiagnostics/SessionsDiagnosticsSummary/Session1/SubscriptionDiagnosticsArray/53957613
(root),MonitoredItemCount,Variable,int,12,ns=1;s=Subscription_53957613.MonitoredItemCount,Objects/Objects/Server/ServerDiagnostics/SessionsDiagnosticsSummary/Session1/SubscriptionDiagnosticsArray/53957613
(root),DisabledMonitoredItemCount,Variable,int,0,ns=1;s=Subscription_53957613.DisabledMonitoredItemCount,Objects/Objects/Server/ServerDiagnostics/SessionsDiagnosticsSummary/Session1/SubscriptionDiagnosticsArray/53957613
(root),MonitoringQueueOverflowCount,Variable,int,0,ns=1;s=Subscription_53957613.MonitoringQueueOverflowCount,Objects/Objects/Server/ServerDiagnostics/SessionsDiagnosticsSummary/Session1/SubscriptionDiagnosticsArray/53957613
(root),NextSequenceNumber,Variable,int,1,ns=1;s=Subscription_53957613.NextSequenceNumber,Objects/Objects/Server/ServerDiagnostics/SessionsDiagnosticsSummary/Session1/SubscriptionDiagnosticsArray/53957613
(root),EventQueueOverflowCount,Variable,int,0,ns=1;s=Subscription_53957613.EventQueueOverflowCount,Objects/Objects/Server/ServerDiagnostics/SessionsDiagnosticsSummary/Session1/SubscriptionDiagnosticsArray/53957613
(root),SessionDiagnostics,Variable,string,"SessionDiagnosticsDataType(SessionId=NodeId(Identifier=3783273336, NamespaceIndex=1, NodeIdType=<NodeIdType.Numeric: ...",ns=1;s=Session_3783273336.SessionDiagnostics,Objects/Objects/Server/ServerDiagnostics/SessionsDiagnosticsSummary/SessionDiagnosticsArray
(root),SessionDiagnostics,Variable,string,"SessionDiagnosticsDataType(SessionId=NodeId(Identifier=3317533669, NamespaceIndex=1, NodeIdType=<NodeIdType.Numeric: ...",ns=1;s=Session_3317533669.SessionDiagnostics,Objects/Objects/Server/ServerDiagnostics/SessionsDiagnosticsSummary/SessionDiagnosticsArray
(root),SessionDiagnostics,Variable,string,"SessionDiagnosticsDataType(SessionId=NodeId(Identifier=1478913255, NamespaceIndex=1, NodeIdType=<NodeIdType.Numeric: ...",ns=1;s=Session_1478913255.SessionDiagnostics,Objects/Objects/Server/ServerDiagnostics/SessionsDiagnosticsSummary/SessionDiagnosticsArray
(root),SessionId,Variable,string,"NodeId(Identifier=3783273336, NamespaceIndex=1, NodeIdType=<NodeIdType.Numeric: 2>)",ns=1;s=Session_3783273336.SessionDiagnostics.SessionId,Objects/Objects/Server/ServerDiagnostics/SessionsDiagnosticsSummary/SessionDiagnosticsArray/SessionDiagnostics
(root),SessionName,Variable,string,Session1,ns=1;s=Session_3783273336.SessionDiagnostics.SessionName,Objects/Objects/Server/ServerDiagnostics/SessionsDiagnosticsSummary/SessionDiagnosticsArray/SessionDiagnostics
(root),ClientDescription,Variable,string,"ApplicationDescription(ApplicationUri='urn:IOTpi2:Node-OPCUA-Server', ProductUri='NodeOPCUA-Client', ApplicationName=...",ns=1;s=Session_3783273336.SessionDiagnostics.ClientDescription,Objects/Objects/Server/ServerDiagnostics/SessionsDiagnosticsSummary/SessionDiagnosticsArray/SessionDiagnostics
(root),ServerUri,Variable,string,urn:SIMATIC.S7-1500.OPC-UA.Application:PLC,ns=1;s=Session_3783273336.SessionDiagnostics.ServerUri,Objects/Objects/Server/ServerDiagnostics/SessionsDiagnosticsSummary/SessionDiagnosticsArray/SessionDiagnostics
(root),EndpointUrl,Variable,string,opc.tcp://192.168.0.1:4840,ns=1;s=Session_3783273336.SessionDiagnostics.EndpointUrl,Objects/Objects/Server/ServerDiagnostics/SessionsDiagnosticsSummary/SessionDiagnosticsArray/SessionDiagnostics
(root),LocaleIds,Variable,string,[],ns=1;s=Session_3783273336.SessionDiagnostics.LocaleIds,Objects/Objects/Server/ServerDiagnostics/SessionsDiagnosticsSummary/SessionDiagnosticsArray/SessionDiagnostics
(root),MaxResponseMessageSize,Variable,int,800000,ns=1;s=Session_3783273336.SessionDiagnostics.MaxResponseMessageSize,Objects/Objects/Server/ServerDiagnostics/SessionsDiagnosticsSummary/SessionDiagnosticsArray/SessionDiagnostics
(root),ActualSessionTimeout,Variable,float,30000.0,ns=1;s=Session_3783273336.SessionDiagnostics.ActualSessionTimeout,Objects/Objects/Server/ServerDiagnostics/SessionsDiagnosticsSummary/SessionDiagnosticsArray/SessionDiagnostics
(root),ClientConnectionTime,Variable,string,2026-08-14 06:49:36.765279+00:00,ns=1;s=Session_3783273336.SessionDiagnostics.ClientConnectionTime,Objects/Objects/Server/ServerDiagnostics/SessionsDiagnosticsSummary/SessionDiagnosticsArray/SessionDiagnostics
(root),ClientLastContactTime,Variable,string,2026-08-14 06:58:08.799242+00:00,ns=1;s=Session_3783273336.SessionDiagnostics.ClientLastContactTime,Objects/Objects/Server/ServerDiagnostics/SessionsDiagnosticsSummary/SessionDiagnosticsArray/SessionDiagnostics
(root),CurrentSubscriptionsCount,Variable,int,20,ns=1;s=Session_3783273336.SessionDiagnostics.CurrentSubscriptionsCount,Objects/Objects/Server/ServerDiagnostics/SessionsDiagnosticsSummary/SessionDiagnosticsArray/SessionDiagnostics
(root),CurrentMonitoredItemsCount,Variable,int,58,ns=1;s=Session_3783273336.SessionDiagnostics.CurrentMonitoredItemsCount,Objects/Objects/Server/ServerDiagnostics/SessionsDiagnosticsSummary/SessionDiagnosticsArray/SessionDiagnostics
(root),CurrentPublishRequestsInQueue,Variable,int,10,ns=1;s=Session_3783273336.SessionDiagnostics.CurrentPublishRequestsInQueue,Objects/Objects/Server/ServerDiagnostics/SessionsDiagnosticsSummary/SessionDiagnosticsArray/SessionDiagnostics
(root),TotalRequestCount,Variable,string,"ServiceCounterDataType(TotalCount=5561, ErrorCount=5)",ns=1;s=Session_3783273336.SessionDiagnostics.TotalRequestCount,Objects/Objects/Server/ServerDiagnostics/SessionsDiagnosticsSummary/SessionDiagnosticsArray/SessionDiagnostics
(root),UnauthorizedRequestCount,Variable,int,0,ns=1;s=Session_3783273336.SessionDiagnostics.UnauthorizedRequestCount,Objects/Objects/Server/ServerDiagnostics/SessionsDiagnosticsSummary/SessionDiagnosticsArray/SessionDiagnostics
(root),ReadCount,Variable,string,"ServiceCounterDataType(TotalCount=2186, ErrorCount=0)",ns=1;s=Session_3783273336.SessionDiagnostics.ReadCount,Objects/Objects/Server/ServerDiagnostics/SessionsDiagnosticsSummary/SessionDiagnosticsArray/SessionDiagnostics
(root),HistoryReadCount,Variable,string,"ServiceCounterDataType(TotalCount=0, ErrorCount=0)",ns=1;s=Session_3783273336.SessionDiagnostics.HistoryReadCount,Objects/Objects/Server/ServerDiagnostics/SessionsDiagnosticsSummary/SessionDiagnosticsArray/SessionDiagnostics
(root),WriteCount,Variable,string,"ServiceCounterDataType(TotalCount=971, ErrorCount=0)",ns=1;s=Session_3783273336.SessionDiagnostics.WriteCount,Objects/Objects/Server/ServerDiagnostics/SessionsDiagnosticsSummary/SessionDiagnosticsArray/SessionDiagnostics
(root),HistoryUpdateCount,Variable,string,"ServiceCounterDataType(TotalCount=0, ErrorCount=0)",ns=1;s=Session_3783273336.SessionDiagnostics.HistoryUpdateCount,Objects/Objects/Server/ServerDiagnostics/SessionsDiagnosticsSummary/SessionDiagnosticsArray/SessionDiagnostics
(root),CallCount,Variable,string,"ServiceCounterDataType(TotalCount=0, ErrorCount=0)",ns=1;s=Session_3783273336.SessionDiagnostics.CallCount,Objects/Objects/Server/ServerDiagnostics/SessionsDiagnosticsSummary/SessionDiagnosticsArray/SessionDiagnostics
(root),CreateMonitoredItemsCount,Variable,string,"ServiceCounterDataType(TotalCount=58, ErrorCount=0)",ns=1;s=Session_3783273336.SessionDiagnostics.CreateMonitoredItemsCount,Objects/Objects/Server/ServerDiagnostics/SessionsDiagnosticsSummary/SessionDiagnosticsArray/SessionDiagnostics
(root),ModifyMonitoredItemsCount,Variable,string,"ServiceCounterDataType(TotalCount=0, ErrorCount=0)",ns=1;s=Session_3783273336.SessionDiagnostics.ModifyMonitoredItemsCount,Objects/Objects/Server/ServerDiagnostics/SessionsDiagnosticsSummary/SessionDiagnosticsArray/SessionDiagnostics
(root),SetMonitoringModeCount,Variable,string,"ServiceCounterDataType(TotalCount=0, ErrorCount=0)",ns=1;s=Session_3783273336.SessionDiagnostics.SetMonitoringModeCount,Objects/Objects/Server/ServerDiagnostics/SessionsDiagnosticsSummary/SessionDiagnosticsArray/SessionDiagnostics
(root),SetTriggeringCount,Variable,string,"ServiceCounterDataType(TotalCount=0, ErrorCount=0)",ns=1;s=Session_3783273336.SessionDiagnostics.SetTriggeringCount,Objects/Objects/Server/ServerDiagnostics/SessionsDiagnosticsSummary/SessionDiagnosticsArray/SessionDiagnostics
(root),DeleteMonitoredItemsCount,Variable,string,"ServiceCounterDataType(TotalCount=0, ErrorCount=0)",ns=1;s=Session_3783273336.SessionDiagnostics.DeleteMonitoredItemsCount,Objects/Objects/Server/ServerDiagnostics/SessionsDiagnosticsSummary/SessionDiagnosticsArray/SessionDiagnostics
(root),CreateSubscriptionCount,Variable,string,"ServiceCounterDataType(TotalCount=20, ErrorCount=0)",ns=1;s=Session_3783273336.SessionDiagnostics.CreateSubscriptionCount,Objects/Objects/Server/ServerDiagnostics/SessionsDiagnosticsSummary/SessionDiagnosticsArray/SessionDiagnostics
(root),ModifySubscriptionCount,Variable,string,"ServiceCounterDataType(TotalCount=0, ErrorCount=0)",ns=1;s=Session_3783273336.SessionDiagnostics.ModifySubscriptionCount,Objects/Objects/Server/ServerDiagnostics/SessionsDiagnosticsSummary/SessionDiagnosticsArray/SessionDiagnostics
(root),SetPublishingModeCount,Variable,string,"ServiceCounterDataType(TotalCount=0, ErrorCount=0)",ns=1;s=Session_3783273336.SessionDiagnostics.SetPublishingModeCount,Objects/Objects/Server/ServerDiagnostics/SessionsDiagnosticsSummary/SessionDiagnosticsArray/SessionDiagnostics
(root),PublishCount,Variable,string,"ServiceCounterDataType(TotalCount=2326, ErrorCount=5)",ns=1;s=Session_3783273336.SessionDiagnostics.PublishCount,Objects/Objects/Server/ServerDiagnostics/SessionsDiagnosticsSummary/SessionDiagnosticsArray/SessionDiagnostics
(root),RepublishCount,Variable,string,"ServiceCounterDataType(TotalCount=0, ErrorCount=0)",ns=1;s=Session_3783273336.SessionDiagnostics.RepublishCount,Objects/Objects/Server/ServerDiagnostics/SessionsDiagnosticsSummary/SessionDiagnosticsArray/SessionDiagnostics
(root),TransferSubscriptionsCount,Variable,string,"ServiceCounterDataType(TotalCount=0, ErrorCount=0)",ns=1;s=Session_3783273336.SessionDiagnostics.TransferSubscriptionsCount,Objects/Objects/Server/ServerDiagnostics/SessionsDiagnosticsSummary/SessionDiagnosticsArray/SessionDiagnostics
(root),DeleteSubscriptionsCount,Variable,string,"ServiceCounterDataType(TotalCount=0, ErrorCount=0)",ns=1;s=Session_3783273336.SessionDiagnostics.DeleteSubscriptionsCount,Objects/Objects/Server/ServerDiagnostics/SessionsDiagnosticsSummary/SessionDiagnosticsArray/SessionDiagnostics
(root),AddNodesCount,Variable,string,"ServiceCounterDataType(TotalCount=0, ErrorCount=0)",ns=1;s=Session_3783273336.SessionDiagnostics.AddNodesCount,Objects/Objects/Server/ServerDiagnostics/SessionsDiagnosticsSummary/SessionDiagnosticsArray/SessionDiagnostics
(root),AddReferencesCount,Variable,string,"ServiceCounterDataType(TotalCount=0, ErrorCount=0)",ns=1;s=Session_3783273336.SessionDiagnostics.AddReferencesCount,Objects/Objects/Server/ServerDiagnostics/SessionsDiagnosticsSummary/SessionDiagnosticsArray/SessionDiagnostics
(root),DeleteNodesCount,Variable,string,"ServiceCounterDataType(TotalCount=0, ErrorCount=0)",ns=1;s=Session_3783273336.SessionDiagnostics.DeleteNodesCount,Objects/Objects/Server/ServerDiagnostics/SessionsDiagnosticsSummary/SessionDiagnosticsArray/SessionDiagnostics
(root),DeleteReferencesCount,Variable,string,"ServiceCounterDataType(TotalCount=0, ErrorCount=0)",ns=1;s=Session_3783273336.SessionDiagnostics.DeleteReferencesCount,Objects/Objects/Server/ServerDiagnostics/SessionsDiagnosticsSummary/SessionDiagnosticsArray/SessionDiagnostics
(root),BrowseCount,Variable,string,"ServiceCounterDataType(TotalCount=0, ErrorCount=0)",ns=1;s=Session_3783273336.SessionDiagnostics.BrowseCount,Objects/Objects/Server/ServerDiagnostics/SessionsDiagnosticsSummary/SessionDiagnosticsArray/SessionDiagnostics
(root),BrowseNextCount,Variable,string,"ServiceCounterDataType(TotalCount=0, ErrorCount=0)",ns=1;s=Session_3783273336.SessionDiagnostics.BrowseNextCount,Objects/Objects/Server/ServerDiagnostics/SessionsDiagnosticsSummary/SessionDiagnosticsArray/SessionDiagnostics
(root),TranslateBrowsePathsToNodeIdsCount,Variable,string,"ServiceCounterDataType(TotalCount=0, ErrorCount=0)",ns=1;s=Session_3783273336.SessionDiagnostics.TranslateBrowsePathsToNodeIdsCount,Objects/Objects/Server/ServerDiagnostics/SessionsDiagnosticsSummary/SessionDiagnosticsArray/SessionDiagnostics
(root),QueryFirstCount,Variable,string,"ServiceCounterDataType(TotalCount=0, ErrorCount=0)",ns=1;s=Session_3783273336.SessionDiagnostics.QueryFirstCount,Objects/Objects/Server/ServerDiagnostics/SessionsDiagnosticsSummary/SessionDiagnosticsArray/SessionDiagnostics
(root),QueryNextCount,Variable,string,"ServiceCounterDataType(TotalCount=0, ErrorCount=0)",ns=1;s=Session_3783273336.SessionDiagnostics.QueryNextCount,Objects/Objects/Server/ServerDiagnostics/SessionsDiagnosticsSummary/SessionDiagnosticsArray/SessionDiagnostics
(root),RegisterNodesCount,Variable,string,"ServiceCounterDataType(TotalCount=0, ErrorCount=0)",ns=1;s=Session_3783273336.SessionDiagnostics.RegisterNodesCount,Objects/Objects/Server/ServerDiagnostics/SessionsDiagnosticsSummary/SessionDiagnosticsArray/SessionDiagnostics
(root),UnregisterNodesCount,Variable,string,"ServiceCounterDataType(TotalCount=0, ErrorCount=0)",ns=1;s=Session_3783273336.SessionDiagnostics.UnregisterNodesCount,Objects/Objects/Server/ServerDiagnostics/SessionsDiagnosticsSummary/SessionDiagnosticsArray/SessionDiagnostics
(root),SessionId,Variable,string,"NodeId(Identifier=3317533669, NamespaceIndex=1, NodeIdType=<NodeIdType.Numeric: 2>)",ns=1;s=Session_3317533669.SessionDiagnostics.SessionId,Objects/Objects/Server/ServerDiagnostics/SessionsDiagnosticsSummary/SessionDiagnosticsArray/SessionDiagnostics
(root),SessionName,Variable,string,Pure Python Async Client Session1,ns=1;s=Session_3317533669.SessionDiagnostics.SessionName,Objects/Objects/Server/ServerDiagnostics/SessionsDiagnosticsSummary/SessionDiagnosticsArray/SessionDiagnostics
(root),ClientDescription,Variable,string,"ApplicationDescription(ApplicationUri='urn:example.org:FreeOpcUa:opcua-asyncio', ProductUri='urn:freeopcua.github.io:...",ns=1;s=Session_3317533669.SessionDiagnostics.ClientDescription,Objects/Objects/Server/ServerDiagnostics/SessionsDiagnosticsSummary/SessionDiagnosticsArray/SessionDiagnostics
(root),ServerUri,Variable,string,None,ns=1;s=Session_3317533669.SessionDiagnostics.ServerUri,Objects/Objects/Server/ServerDiagnostics/SessionsDiagnosticsSummary/SessionDiagnosticsArray/SessionDiagnostics
(root),EndpointUrl,Variable,string,opc.tcp://192.168.0.1:4840,ns=1;s=Session_3317533669.SessionDiagnostics.EndpointUrl,Objects/Objects/Server/ServerDiagnostics/SessionsDiagnosticsSummary/SessionDiagnosticsArray/SessionDiagnostics
(root),LocaleIds,Variable,string,['en'],ns=1;s=Session_3317533669.SessionDiagnostics.LocaleIds,Objects/Objects/Server/ServerDiagnostics/SessionsDiagnosticsSummary/SessionDiagnosticsArray/SessionDiagnostics
(root),MaxResponseMessageSize,Variable,int,0,ns=1;s=Session_3317533669.SessionDiagnostics.MaxResponseMessageSize,Objects/Objects/Server/ServerDiagnostics/SessionsDiagnosticsSummary/SessionDiagnosticsArray/SessionDiagnostics
(root),ActualSessionTimeout,Variable,float,30000.0,ns=1;s=Session_3317533669.SessionDiagnostics.ActualSessionTimeout,Objects/Objects/Server/ServerDiagnostics/SessionsDiagnosticsSummary/SessionDiagnosticsArray/SessionDiagnostics
(root),ClientConnectionTime,Variable,string,2026-08-14 06:50:34.949860+00:00,ns=1;s=Session_3317533669.SessionDiagnostics.ClientConnectionTime,Objects/Objects/Server/ServerDiagnostics/SessionsDiagnosticsSummary/SessionDiagnosticsArray/SessionDiagnostics
(root),ClientLastContactTime,Variable,string,2026-08-14 06:58:09.564248+00:00,ns=1;s=Session_3317533669.SessionDiagnostics.ClientLastContactTime,Objects/Objects/Server/ServerDiagnostics/SessionsDiagnosticsSummary/SessionDiagnosticsArray/SessionDiagnostics
(root),CurrentSubscriptionsCount,Variable,int,0,ns=1;s=Session_3317533669.SessionDiagnostics.CurrentSubscriptionsCount,Objects/Objects/Server/ServerDiagnostics/SessionsDiagnosticsSummary/SessionDiagnosticsArray/SessionDiagnostics
(root),CurrentMonitoredItemsCount,Variable,int,0,ns=1;s=Session_3317533669.SessionDiagnostics.CurrentMonitoredItemsCount,Objects/Objects/Server/ServerDiagnostics/SessionsDiagnosticsSummary/SessionDiagnosticsArray/SessionDiagnostics
(root),CurrentPublishRequestsInQueue,Variable,int,0,ns=1;s=Session_3317533669.SessionDiagnostics.CurrentPublishRequestsInQueue,Objects/Objects/Server/ServerDiagnostics/SessionsDiagnosticsSummary/SessionDiagnosticsArray/SessionDiagnostics
(root),TotalRequestCount,Variable,string,"ServiceCounterDataType(TotalCount=29216, ErrorCount=0)",ns=1;s=Session_3317533669.SessionDiagnostics.TotalRequestCount,Objects/Objects/Server/ServerDiagnostics/SessionsDiagnosticsSummary/SessionDiagnosticsArray/SessionDiagnostics
(root),UnauthorizedRequestCount,Variable,int,0,ns=1;s=Session_3317533669.SessionDiagnostics.UnauthorizedRequestCount,Objects/Objects/Server/ServerDiagnostics/SessionsDiagnosticsSummary/SessionDiagnosticsArray/SessionDiagnostics
(root),ReadCount,Variable,string,"ServiceCounterDataType(TotalCount=29217, ErrorCount=0)",ns=1;s=Session_3317533669.SessionDiagnostics.ReadCount,Objects/Objects/Server/ServerDiagnostics/SessionsDiagnosticsSummary/SessionDiagnosticsArray/SessionDiagnostics
(root),HistoryReadCount,Variable,string,"ServiceCounterDataType(TotalCount=0, ErrorCount=0)",ns=1;s=Session_3317533669.SessionDiagnostics.HistoryReadCount,Objects/Objects/Server/ServerDiagnostics/SessionsDiagnosticsSummary/SessionDiagnosticsArray/SessionDiagnostics
(root),WriteCount,Variable,string,"ServiceCounterDataType(TotalCount=0, ErrorCount=0)",ns=1;s=Session_3317533669.SessionDiagnostics.WriteCount,Objects/Objects/Server/ServerDiagnostics/SessionsDiagnosticsSummary/SessionDiagnosticsArray/SessionDiagnostics
(root),HistoryUpdateCount,Variable,string,"ServiceCounterDataType(TotalCount=0, ErrorCount=0)",ns=1;s=Session_3317533669.SessionDiagnostics.HistoryUpdateCount,Objects/Objects/Server/ServerDiagnostics/SessionsDiagnosticsSummary/SessionDiagnosticsArray/SessionDiagnostics
(root),CallCount,Variable,string,"ServiceCounterDataType(TotalCount=0, ErrorCount=0)",ns=1;s=Session_3317533669.SessionDiagnostics.CallCount,Objects/Objects/Server/ServerDiagnostics/SessionsDiagnosticsSummary/SessionDiagnosticsArray/SessionDiagnostics
(root),CreateMonitoredItemsCount,Variable,string,"ServiceCounterDataType(TotalCount=0, ErrorCount=0)",ns=1;s=Session_3317533669.SessionDiagnostics.CreateMonitoredItemsCount,Objects/Objects/Server/ServerDiagnostics/SessionsDiagnosticsSummary/SessionDiagnosticsArray/SessionDiagnostics
(root),ModifyMonitoredItemsCount,Variable,string,"ServiceCounterDataType(TotalCount=0, ErrorCount=0)",ns=1;s=Session_3317533669.SessionDiagnostics.ModifyMonitoredItemsCount,Objects/Objects/Server/ServerDiagnostics/SessionsDiagnosticsSummary/SessionDiagnosticsArray/SessionDiagnostics
(root),SetMonitoringModeCount,Variable,string,"ServiceCounterDataType(TotalCount=0, ErrorCount=0)",ns=1;s=Session_3317533669.SessionDiagnostics.SetMonitoringModeCount,Objects/Objects/Server/ServerDiagnostics/SessionsDiagnosticsSummary/SessionDiagnosticsArray/SessionDiagnostics
(root),SetTriggeringCount,Variable,string,"ServiceCounterDataType(TotalCount=0, ErrorCount=0)",ns=1;s=Session_3317533669.SessionDiagnostics.SetTriggeringCount,Objects/Objects/Server/ServerDiagnostics/SessionsDiagnosticsSummary/SessionDiagnosticsArray/SessionDiagnostics
(root),DeleteMonitoredItemsCount,Variable,string,"ServiceCounterDataType(TotalCount=0, ErrorCount=0)",ns=1;s=Session_3317533669.SessionDiagnostics.DeleteMonitoredItemsCount,Objects/Objects/Server/ServerDiagnostics/SessionsDiagnosticsSummary/SessionDiagnosticsArray/SessionDiagnostics
(root),CreateSubscriptionCount,Variable,string,"ServiceCounterDataType(TotalCount=0, ErrorCount=0)",ns=1;s=Session_3317533669.SessionDiagnostics.CreateSubscriptionCount,Objects/Objects/Server/ServerDiagnostics/SessionsDiagnosticsSummary/SessionDiagnosticsArray/SessionDiagnostics
(root),ModifySubscriptionCount,Variable,string,"ServiceCounterDataType(TotalCount=0, ErrorCount=0)",ns=1;s=Session_3317533669.SessionDiagnostics.ModifySubscriptionCount,Objects/Objects/Server/ServerDiagnostics/SessionsDiagnosticsSummary/SessionDiagnosticsArray/SessionDiagnostics
(root),SetPublishingModeCount,Variable,string,"ServiceCounterDataType(TotalCount=0, ErrorCount=0)",ns=1;s=Session_3317533669.SessionDiagnostics.SetPublishingModeCount,Objects/Objects/Server/ServerDiagnostics/SessionsDiagnosticsSummary/SessionDiagnosticsArray/SessionDiagnostics
(root),PublishCount,Variable,string,"ServiceCounterDataType(TotalCount=0, ErrorCount=0)",ns=1;s=Session_3317533669.SessionDiagnostics.PublishCount,Objects/Objects/Server/ServerDiagnostics/SessionsDiagnosticsSummary/SessionDiagnosticsArray/SessionDiagnostics
(root),RepublishCount,Variable,string,"ServiceCounterDataType(TotalCount=0, ErrorCount=0)",ns=1;s=Session_3317533669.SessionDiagnostics.RepublishCount,Objects/Objects/Server/ServerDiagnostics/SessionsDiagnosticsSummary/SessionDiagnosticsArray/SessionDiagnostics
(root),TransferSubscriptionsCount,Variable,string,"ServiceCounterDataType(TotalCount=0, ErrorCount=0)",ns=1;s=Session_3317533669.SessionDiagnostics.TransferSubscriptionsCount,Objects/Objects/Server/ServerDiagnostics/SessionsDiagnosticsSummary/SessionDiagnosticsArray/SessionDiagnostics
(root),DeleteSubscriptionsCount,Variable,string,"ServiceCounterDataType(TotalCount=0, ErrorCount=0)",ns=1;s=Session_3317533669.SessionDiagnostics.DeleteSubscriptionsCount,Objects/Objects/Server/ServerDiagnostics/SessionsDiagnosticsSummary/SessionDiagnosticsArray/SessionDiagnostics
(root),AddNodesCount,Variable,string,"ServiceCounterDataType(TotalCount=0, ErrorCount=0)",ns=1;s=Session_3317533669.SessionDiagnostics.AddNodesCount,Objects/Objects/Server/ServerDiagnostics/SessionsDiagnosticsSummary/SessionDiagnosticsArray/SessionDiagnostics
(root),AddReferencesCount,Variable,string,"ServiceCounterDataType(TotalCount=0, ErrorCount=0)",ns=1;s=Session_3317533669.SessionDiagnostics.AddReferencesCount,Objects/Objects/Server/ServerDiagnostics/SessionsDiagnosticsSummary/SessionDiagnosticsArray/SessionDiagnostics
(root),DeleteNodesCount,Variable,string,"ServiceCounterDataType(TotalCount=0, ErrorCount=0)",ns=1;s=Session_3317533669.SessionDiagnostics.DeleteNodesCount,Objects/Objects/Server/ServerDiagnostics/SessionsDiagnosticsSummary/SessionDiagnosticsArray/SessionDiagnostics
(root),DeleteReferencesCount,Variable,string,"ServiceCounterDataType(TotalCount=0, ErrorCount=0)",ns=1;s=Session_3317533669.SessionDiagnostics.DeleteReferencesCount,Objects/Objects/Server/ServerDiagnostics/SessionsDiagnosticsSummary/SessionDiagnosticsArray/SessionDiagnostics
(root),BrowseCount,Variable,string,"ServiceCounterDataType(TotalCount=0, ErrorCount=0)",ns=1;s=Session_3317533669.SessionDiagnostics.BrowseCount,Objects/Objects/Server/ServerDiagnostics/SessionsDiagnosticsSummary/SessionDiagnosticsArray/SessionDiagnostics
(root),BrowseNextCount,Variable,string,"ServiceCounterDataType(TotalCount=0, ErrorCount=0)",ns=1;s=Session_3317533669.SessionDiagnostics.BrowseNextCount,Objects/Objects/Server/ServerDiagnostics/SessionsDiagnosticsSummary/SessionDiagnosticsArray/SessionDiagnostics
(root),TranslateBrowsePathsToNodeIdsCount,Variable,string,"ServiceCounterDataType(TotalCount=0, ErrorCount=0)",ns=1;s=Session_3317533669.SessionDiagnostics.TranslateBrowsePathsToNodeIdsCount,Objects/Objects/Server/ServerDiagnostics/SessionsDiagnosticsSummary/SessionDiagnosticsArray/SessionDiagnostics
(root),QueryFirstCount,Variable,string,"ServiceCounterDataType(TotalCount=0, ErrorCount=0)",ns=1;s=Session_3317533669.SessionDiagnostics.QueryFirstCount,Objects/Objects/Server/ServerDiagnostics/SessionsDiagnosticsSummary/SessionDiagnosticsArray/SessionDiagnostics
(root),QueryNextCount,Variable,string,"ServiceCounterDataType(TotalCount=0, ErrorCount=0)",ns=1;s=Session_3317533669.SessionDiagnostics.QueryNextCount,Objects/Objects/Server/ServerDiagnostics/SessionsDiagnosticsSummary/SessionDiagnosticsArray/SessionDiagnostics
(root),RegisterNodesCount,Variable,string,"ServiceCounterDataType(TotalCount=0, ErrorCount=0)",ns=1;s=Session_3317533669.SessionDiagnostics.RegisterNodesCount,Objects/Objects/Server/ServerDiagnostics/SessionsDiagnosticsSummary/SessionDiagnosticsArray/SessionDiagnostics
(root),UnregisterNodesCount,Variable,string,"ServiceCounterDataType(TotalCount=0, ErrorCount=0)",ns=1;s=Session_3317533669.SessionDiagnostics.UnregisterNodesCount,Objects/Objects/Server/ServerDiagnostics/SessionsDiagnosticsSummary/SessionDiagnosticsArray/SessionDiagnostics
(root),SessionId,Variable,string,"NodeId(Identifier=1478913255, NamespaceIndex=1, NodeIdType=<NodeIdType.Numeric: 2>)",ns=1;s=Session_1478913255.SessionDiagnostics.SessionId,Objects/Objects/Server/ServerDiagnostics/SessionsDiagnosticsSummary/SessionDiagnosticsArray/SessionDiagnostics
(root),SessionName,Variable,string,Pure Python Async Client Session1,ns=1;s=Session_1478913255.SessionDiagnostics.SessionName,Objects/Objects/Server/ServerDiagnostics/SessionsDiagnosticsSummary/SessionDiagnosticsArray/SessionDiagnostics
(root),ClientDescription,Variable,string,"ApplicationDescription(ApplicationUri='urn:example.org:FreeOpcUa:opcua-asyncio', ProductUri='urn:freeopcua.github.io:...",ns=1;s=Session_1478913255.SessionDiagnostics.ClientDescription,Objects/Objects/Server/ServerDiagnostics/SessionsDiagnosticsSummary/SessionDiagnosticsArray/SessionDiagnostics
(root),ServerUri,Variable,string,None,ns=1;s=Session_1478913255.SessionDiagnostics.ServerUri,Objects/Objects/Server/ServerDiagnostics/SessionsDiagnosticsSummary/SessionDiagnosticsArray/SessionDiagnostics
(root),EndpointUrl,Variable,string,opc.tcp://192.168.0.1:4840,ns=1;s=Session_1478913255.SessionDiagnostics.EndpointUrl,Objects/Objects/Server/ServerDiagnostics/SessionsDiagnosticsSummary/SessionDiagnosticsArray/SessionDiagnostics
(root),LocaleIds,Variable,string,['en'],ns=1;s=Session_1478913255.SessionDiagnostics.LocaleIds,Objects/Objects/Server/ServerDiagnostics/SessionsDiagnosticsSummary/SessionDiagnosticsArray/SessionDiagnostics
(root),MaxResponseMessageSize,Variable,int,0,ns=1;s=Session_1478913255.SessionDiagnostics.MaxResponseMessageSize,Objects/Objects/Server/ServerDiagnostics/SessionsDiagnosticsSummary/SessionDiagnosticsArray/SessionDiagnostics
(root),ActualSessionTimeout,Variable,float,30000.0,ns=1;s=Session_1478913255.SessionDiagnostics.ActualSessionTimeout,Objects/Objects/Server/ServerDiagnostics/SessionsDiagnosticsSummary/SessionDiagnosticsArray/SessionDiagnostics
(root),ClientConnectionTime,Variable,string,2026-08-14 06:58:08.251344+00:00,ns=1;s=Session_1478913255.SessionDiagnostics.ClientConnectionTime,Objects/Objects/Server/ServerDiagnostics/SessionsDiagnosticsSummary/SessionDiagnosticsArray/SessionDiagnostics
(root),ClientLastContactTime,Variable,string,2026-08-14 06:58:10.151768+00:00,ns=1;s=Session_1478913255.SessionDiagnostics.ClientLastContactTime,Objects/Objects/Server/ServerDiagnostics/SessionsDiagnosticsSummary/SessionDiagnosticsArray/SessionDiagnostics
(root),CurrentSubscriptionsCount,Variable,int,0,ns=1;s=Session_1478913255.SessionDiagnostics.CurrentSubscriptionsCount,Objects/Objects/Server/ServerDiagnostics/SessionsDiagnosticsSummary/SessionDiagnosticsArray/SessionDiagnostics
(root),CurrentMonitoredItemsCount,Variable,int,0,ns=1;s=Session_1478913255.SessionDiagnostics.CurrentMonitoredItemsCount,Objects/Objects/Server/ServerDiagnostics/SessionsDiagnosticsSummary/SessionDiagnosticsArray/SessionDiagnostics
(root),CurrentPublishRequestsInQueue,Variable,int,0,ns=1;s=Session_1478913255.SessionDiagnostics.CurrentPublishRequestsInQueue,Objects/Objects/Server/ServerDiagnostics/SessionsDiagnosticsSummary/SessionDiagnosticsArray/SessionDiagnostics
(root),TotalRequestCount,Variable,string,"ServiceCounterDataType(TotalCount=771, ErrorCount=0)",ns=1;s=Session_1478913255.SessionDiagnostics.TotalRequestCount,Objects/Objects/Server/ServerDiagnostics/SessionsDiagnosticsSummary/SessionDiagnosticsArray/SessionDiagnostics
(root),UnauthorizedRequestCount,Variable,int,0,ns=1;s=Session_1478913255.SessionDiagnostics.UnauthorizedRequestCount,Objects/Objects/Server/ServerDiagnostics/SessionsDiagnosticsSummary/SessionDiagnosticsArray/SessionDiagnostics
(root),ReadCount,Variable,string,"ServiceCounterDataType(TotalCount=580, ErrorCount=0)",ns=1;s=Session_1478913255.SessionDiagnostics.ReadCount,Objects/Objects/Server/ServerDiagnostics/SessionsDiagnosticsSummary/SessionDiagnosticsArray/SessionDiagnostics
(root),HistoryReadCount,Variable,string,"ServiceCounterDataType(TotalCount=0, ErrorCount=0)",ns=1;s=Session_1478913255.SessionDiagnostics.HistoryReadCount,Objects/Objects/Server/ServerDiagnostics/SessionsDiagnosticsSummary/SessionDiagnosticsArray/SessionDiagnostics
(root),WriteCount,Variable,string,"ServiceCounterDataType(TotalCount=0, ErrorCount=0)",ns=1;s=Session_1478913255.SessionDiagnostics.WriteCount,Objects/Objects/Server/ServerDiagnostics/SessionsDiagnosticsSummary/SessionDiagnosticsArray/SessionDiagnostics
(root),HistoryUpdateCount,Variable,string,"ServiceCounterDataType(TotalCount=0, ErrorCount=0)",ns=1;s=Session_1478913255.SessionDiagnostics.HistoryUpdateCount,Objects/Objects/Server/ServerDiagnostics/SessionsDiagnosticsSummary/SessionDiagnosticsArray/SessionDiagnostics
(root),CallCount,Variable,string,"ServiceCounterDataType(TotalCount=0, ErrorCount=0)",ns=1;s=Session_1478913255.SessionDiagnostics.CallCount,Objects/Objects/Server/ServerDiagnostics/SessionsDiagnosticsSummary/SessionDiagnosticsArray/SessionDiagnostics
(root),CreateMonitoredItemsCount,Variable,string,"ServiceCounterDataType(TotalCount=0, ErrorCount=0)",ns=1;s=Session_1478913255.SessionDiagnostics.CreateMonitoredItemsCount,Objects/Objects/Server/ServerDiagnostics/SessionsDiagnosticsSummary/SessionDiagnosticsArray/SessionDiagnostics
(root),ModifyMonitoredItemsCount,Variable,string,"ServiceCounterDataType(TotalCount=0, ErrorCount=0)",ns=1;s=Session_1478913255.SessionDiagnostics.ModifyMonitoredItemsCount,Objects/Objects/Server/ServerDiagnostics/SessionsDiagnosticsSummary/SessionDiagnosticsArray/SessionDiagnostics
(root),SetMonitoringModeCount,Variable,string,"ServiceCounterDataType(TotalCount=0, ErrorCount=0)",ns=1;s=Session_1478913255.SessionDiagnostics.SetMonitoringModeCount,Objects/Objects/Server/ServerDiagnostics/SessionsDiagnosticsSummary/SessionDiagnosticsArray/SessionDiagnostics
(root),SetTriggeringCount,Variable,string,"ServiceCounterDataType(TotalCount=0, ErrorCount=0)",ns=1;s=Session_1478913255.SessionDiagnostics.SetTriggeringCount,Objects/Objects/Server/ServerDiagnostics/SessionsDiagnosticsSummary/SessionDiagnosticsArray/SessionDiagnostics
(root),DeleteMonitoredItemsCount,Variable,string,"ServiceCounterDataType(TotalCount=0, ErrorCount=0)",ns=1;s=Session_1478913255.SessionDiagnostics.DeleteMonitoredItemsCount,Objects/Objects/Server/ServerDiagnostics/SessionsDiagnosticsSummary/SessionDiagnosticsArray/SessionDiagnostics
(root),CreateSubscriptionCount,Variable,string,"ServiceCounterDataType(TotalCount=0, ErrorCount=0)",ns=1;s=Session_1478913255.SessionDiagnostics.CreateSubscriptionCount,Objects/Objects/Server/ServerDiagnostics/SessionsDiagnosticsSummary/SessionDiagnosticsArray/SessionDiagnostics
(root),ModifySubscriptionCount,Variable,string,"ServiceCounterDataType(TotalCount=0, ErrorCount=0)",ns=1;s=Session_1478913255.SessionDiagnostics.ModifySubscriptionCount,Objects/Objects/Server/ServerDiagnostics/SessionsDiagnosticsSummary/SessionDiagnosticsArray/SessionDiagnostics
(root),SetPublishingModeCount,Variable,string,"ServiceCounterDataType(TotalCount=0, ErrorCount=0)",ns=1;s=Session_1478913255.SessionDiagnostics.SetPublishingModeCount,Objects/Objects/Server/ServerDiagnostics/SessionsDiagnosticsSummary/SessionDiagnosticsArray/SessionDiagnostics
(root),PublishCount,Variable,string,"ServiceCounterDataType(TotalCount=0, ErrorCount=0)",ns=1;s=Session_1478913255.SessionDiagnostics.PublishCount,Objects/Objects/Server/ServerDiagnostics/SessionsDiagnosticsSummary/SessionDiagnosticsArray/SessionDiagnostics
(root),RepublishCount,Variable,string,"ServiceCounterDataType(TotalCount=0, ErrorCount=0)",ns=1;s=Session_1478913255.SessionDiagnostics.RepublishCount,Objects/Objects/Server/ServerDiagnostics/SessionsDiagnosticsSummary/SessionDiagnosticsArray/SessionDiagnostics
(root),TransferSubscriptionsCount,Variable,string,"ServiceCounterDataType(TotalCount=0, ErrorCount=0)",ns=1;s=Session_1478913255.SessionDiagnostics.TransferSubscriptionsCount,Objects/Objects/Server/ServerDiagnostics/SessionsDiagnosticsSummary/SessionDiagnosticsArray/SessionDiagnostics
(root),DeleteSubscriptionsCount,Variable,string,"ServiceCounterDataType(TotalCount=0, ErrorCount=0)",ns=1;s=Session_1478913255.SessionDiagnostics.DeleteSubscriptionsCount,Objects/Objects/Server/ServerDiagnostics/SessionsDiagnosticsSummary/SessionDiagnosticsArray/SessionDiagnostics
(root),AddNodesCount,Variable,string,"ServiceCounterDataType(TotalCount=0, ErrorCount=0)",ns=1;s=Session_1478913255.SessionDiagnostics.AddNodesCount,Objects/Objects/Server/ServerDiagnostics/SessionsDiagnosticsSummary/SessionDiagnosticsArray/SessionDiagnostics
(root),AddReferencesCount,Variable,string,"ServiceCounterDataType(TotalCount=0, ErrorCount=0)",ns=1;s=Session_1478913255.SessionDiagnostics.AddReferencesCount,Objects/Objects/Server/ServerDiagnostics/SessionsDiagnosticsSummary/SessionDiagnosticsArray/SessionDiagnostics
(root),DeleteNodesCount,Variable,string,"ServiceCounterDataType(TotalCount=0, ErrorCount=0)",ns=1;s=Session_1478913255.SessionDiagnostics.DeleteNodesCount,Objects/Objects/Server/ServerDiagnostics/SessionsDiagnosticsSummary/SessionDiagnosticsArray/SessionDiagnostics
(root),DeleteReferencesCount,Variable,string,"ServiceCounterDataType(TotalCount=0, ErrorCount=0)",ns=1;s=Session_1478913255.SessionDiagnostics.DeleteReferencesCount,Objects/Objects/Server/ServerDiagnostics/SessionsDiagnosticsSummary/SessionDiagnosticsArray/SessionDiagnostics
(root),BrowseCount,Variable,string,"ServiceCounterDataType(TotalCount=220, ErrorCount=0)",ns=1;s=Session_1478913255.SessionDiagnostics.BrowseCount,Objects/Objects/Server/ServerDiagnostics/SessionsDiagnosticsSummary/SessionDiagnosticsArray/SessionDiagnostics
(root),BrowseNextCount,Variable,string,"ServiceCounterDataType(TotalCount=0, ErrorCount=0)",ns=1;s=Session_1478913255.SessionDiagnostics.BrowseNextCount,Objects/Objects/Server/ServerDiagnostics/SessionsDiagnosticsSummary/SessionDiagnosticsArray/SessionDiagnostics
(root),TranslateBrowsePathsToNodeIdsCount,Variable,string,"ServiceCounterDataType(TotalCount=0, ErrorCount=0)",ns=1;s=Session_1478913255.SessionDiagnostics.TranslateBrowsePathsToNodeIdsCount,Objects/Objects/Server/ServerDiagnostics/SessionsDiagnosticsSummary/SessionDiagnosticsArray/SessionDiagnostics
(root),QueryFirstCount,Variable,string,"ServiceCounterDataType(TotalCount=0, ErrorCount=0)",ns=1;s=Session_1478913255.SessionDiagnostics.QueryFirstCount,Objects/Objects/Server/ServerDiagnostics/SessionsDiagnosticsSummary/SessionDiagnosticsArray/SessionDiagnostics
(root),QueryNextCount,Variable,string,"ServiceCounterDataType(TotalCount=0, ErrorCount=0)",ns=1;s=Session_1478913255.SessionDiagnostics.QueryNextCount,Objects/Objects/Server/ServerDiagnostics/SessionsDiagnosticsSummary/SessionDiagnosticsArray/SessionDiagnostics
(root),RegisterNodesCount,Variable,string,"ServiceCounterDataType(TotalCount=0, ErrorCount=0)",ns=1;s=Session_1478913255.SessionDiagnostics.RegisterNodesCount,Objects/Objects/Server/ServerDiagnostics/SessionsDiagnosticsSummary/SessionDiagnosticsArray/SessionDiagnostics
(root),UnregisterNodesCount,Variable,string,"ServiceCounterDataType(TotalCount=0, ErrorCount=0)",ns=1;s=Session_1478913255.SessionDiagnostics.UnregisterNodesCount,Objects/Objects/Server/ServerDiagnostics/SessionsDiagnosticsSummary/SessionDiagnosticsArray/SessionDiagnostics
(root),RedundancySupport,Variable,int,0,i=3709,Objects/Objects/Server/ServerRedundancy
(root),BuildInfo,Variable,string,"BuildInfo(ProductUri='https://www.siemens.com/s7-1500', ManufacturerName='SIEMENS AG', ProductName='SIMATIC S7-1500 O...",i=2260,Objects/Objects/Server/ServerStatus
(root),CurrentTime,Variable,string,2026-08-14 06:58:17.971231+00:00,i=2258,Objects/Objects/Server/ServerStatus
(root),SecondsTillShutdown,Variable,int,0,i=2992,Objects/Objects/Server/ServerStatus
(root),ShutdownReason,Variable,string,"LocalizedText(Locale=None, Text=None)",i=2993,Objects/Objects/Server/ServerStatus
(root),StartTime,Variable,string,2026-08-14 06:49:11.510869+00:00,i=2257,Objects/Objects/Server/ServerStatus
(root),State,Variable,int,0,i=2259,Objects/Objects/Server/ServerStatus
(root),BuildDate,Variable,string,2024-11-21 15:10:00+00:00,i=2266,Objects/Objects/Server/ServerStatus/BuildInfo
(root),BuildNumber,Variable,string,00,i=2265,Objects/Objects/Server/ServerStatus/BuildInfo
(root),ManufacturerName,Variable,string,SIEMENS AG,i=2263,Objects/Objects/Server/ServerStatus/BuildInfo
(root),ProductName,Variable,string,SIMATIC S7-1500 OPC UA,i=2261,Objects/Objects/Server/ServerStatus/BuildInfo
(root),ProductUri,Variable,string,https://www.siemens.com/s7-1500,i=2262,Objects/Objects/Server/ServerStatus/BuildInfo
(root),SoftwareVersion,Variable,string,V04.00.00,i=2264,Objects/Objects/Server/ServerStatus/BuildInfo
HBW,gtyp_HBW,Object,,,"ns=3;s=""gtyp_HBW""",Objects/Objects/DeviceSet/PLC/DataBlocksGlobal
HBW,x_Start_Park_Position,Variable,bool,False,"ns=3;s=""gtyp_HBW"".""x_Start_Park_Position""",Objects/Objects/DeviceSet/PLC/DataBlocksGlobal/gtyp_HBW
HBW,x_Park_Position_Reached,Variable,bool,False,"ns=3;s=""gtyp_HBW"".""x_Park_Position_Reached""",Objects/Objects/DeviceSet/PLC/DataBlocksGlobal/gtyp_HBW
HBW,x_HBW_PickedUp_Accepted,Variable,bool,False,"ns=3;s=""gtyp_HBW"".""x_HBW_PickedUp_Accepted""",Objects/Objects/DeviceSet/PLC/DataBlocksGlobal/gtyp_HBW
HBW,x_HBW_Discards_Accepted,Variable,bool,False,"ns=3;s=""gtyp_HBW"".""x_HBW_Discards_Accepted""",Objects/Objects/DeviceSet/PLC/DataBlocksGlobal/gtyp_HBW
HBW,x_HBW_PickUp_Ready,Variable,bool,False,"ns=3;s=""gtyp_HBW"".""x_HBW_PickUp_Ready""",Objects/Objects/DeviceSet/PLC/DataBlocksGlobal/gtyp_HBW
HBW,x_HBW_Container_Available,Variable,bool,False,"ns=3;s=""gtyp_HBW"".""x_HBW_Container_Available""",Objects/Objects/DeviceSet/PLC/DataBlocksGlobal/gtyp_HBW
HBW,x_Error,Variable,bool,False,"ns=3;s=""gtyp_HBW"".""x_Error""",Objects/Objects/DeviceSet/PLC/DataBlocksGlobal/gtyp_HBW
HBW,di_PosBelt_Horizontal,Variable,int,16,"ns=3;s=""gtyp_HBW"".""di_PosBelt_Horizontal""",Objects/Objects/DeviceSet/PLC/DataBlocksGlobal/gtyp_HBW
HBW,di_PosBelt_Vertical,Variable,int,2800,"ns=3;s=""gtyp_HBW"".""di_PosBelt_Vertical""",Objects/Objects/DeviceSet/PLC/DataBlocksGlobal/gtyp_HBW
HBW,di_Offset_Pos_Belt_Vertical,Variable,int,370,"ns=3;s=""gtyp_HBW"".""di_Offset_Pos_Belt_Vertical""",Objects/Objects/DeviceSet/PLC/DataBlocksGlobal/gtyp_HBW
HBW,di_PosRack_A1_Horizontal,Variable,int,2918,"ns=3;s=""gtyp_HBW"".""di_PosRack_A1_Horizontal""",Objects/Objects/DeviceSet/PLC/DataBlocksGlobal/gtyp_HBW
HBW,di_PosRack_A1_Vertical,Variable,int,400,"ns=3;s=""gtyp_HBW"".""di_PosRack_A1_Vertical""",Objects/Objects/DeviceSet/PLC/DataBlocksGlobal/gtyp_HBW
HBW,di_PosRack_B2_Horizontal,Variable,int,5255,"ns=3;s=""gtyp_HBW"".""di_PosRack_B2_Horizontal""",Objects/Objects/DeviceSet/PLC/DataBlocksGlobal/gtyp_HBW
HBW,di_PosRack_B2_Vertical,Variable,int,1750,"ns=3;s=""gtyp_HBW"".""di_PosRack_B2_Vertical""",Objects/Objects/DeviceSet/PLC/DataBlocksGlobal/gtyp_HBW
HBW,di_PosRack_C3_Horizontal,Variable,int,7586,"ns=3;s=""gtyp_HBW"".""di_PosRack_C3_Horizontal""",Objects/Objects/DeviceSet/PLC/DataBlocksGlobal/gtyp_HBW
HBW,di_PosRack_C3_Vertical,Variable,int,3250,"ns=3;s=""gtyp_HBW"".""di_PosRack_C3_Vertical""",Objects/Objects/DeviceSet/PLC/DataBlocksGlobal/gtyp_HBW
HBW,di_Offset_Pos_Rack_Vertical,Variable,int,370,"ns=3;s=""gtyp_HBW"".""di_Offset_Pos_Rack_Vertical""",Objects/Objects/DeviceSet/PLC/DataBlocksGlobal/gtyp_HBW
HBW,di_Pos_Park_Horizontal,Variable,int,600,"ns=3;s=""gtyp_HBW"".""di_Pos_Park_Horizontal""",Objects/Objects/DeviceSet/PLC/DataBlocksGlobal/gtyp_HBW
HBW,di_Pos_Park_Vertical,Variable,int,3200,"ns=3;s=""gtyp_HBW"".""di_Pos_Park_Vertical""",Objects/Objects/DeviceSet/PLC/DataBlocksGlobal/gtyp_HBW
HBW,i_PWM_ConveyorBelt,Variable,int,800,"ns=3;s=""gtyp_HBW"".""i_PWM_ConveyorBelt""",Objects/Objects/DeviceSet/PLC/DataBlocksGlobal/gtyp_HBW
HBW,i_PWM_Cantilever,Variable,int,1000,"ns=3;s=""gtyp_HBW"".""i_PWM_Cantilever""",Objects/Objects/DeviceSet/PLC/DataBlocksGlobal/gtyp_HBW
HBW,Workpiece,Variable,string,"ExtensionObject(TypeId=NodeId(Identifier='TE_""typ_Workpiece""', NamespaceIndex=3, NodeIdType=<NodeIdType.String: 3>), ...","ns=3;s=""gtyp_HBW"".""Workpiece""",Objects/Objects/DeviceSet/PLC/DataBlocksGlobal/gtyp_HBW
HBW,History,Variable,string,"[ExtensionObject(TypeId=NodeId(Identifier='TE_""typ_History""', NamespaceIndex=3, NodeIdType=<NodeIdType.String: 3>), B...","ns=3;s=""gtyp_HBW"".""History""",Objects/Objects/DeviceSet/PLC/DataBlocksGlobal/gtyp_HBW
HBW,Rack_Pos,Variable,string,"[[ExtensionObject(TypeId=NodeId(Identifier='TE_""typ_Rack_Pos""', NamespaceIndex=3, NodeIdType=<NodeIdType.String: 3>),...","ns=3;s=""gtyp_HBW"".""Rack_Pos""",Objects/Objects/DeviceSet/PLC/DataBlocksGlobal/gtyp_HBW
HBW,Rack_Workpiece,Variable,string,"[[ExtensionObject(TypeId=NodeId(Identifier='TE_""typ_Workpiece""', NamespaceIndex=3, NodeIdType=<NodeIdType.String: 3>)...","ns=3;s=""gtyp_HBW"".""Rack_Workpiece""",Objects/Objects/DeviceSet/PLC/DataBlocksGlobal/gtyp_HBW
HBW,Rack_History,Variable,string,"[[ExtensionObject(TypeId=NodeId(Identifier='TE_""typ_Rack_History""', NamespaceIndex=3, NodeIdType=<NodeIdType.String: ...","ns=3;s=""gtyp_HBW"".""Rack_History""",Objects/Objects/DeviceSet/PLC/DataBlocksGlobal/gtyp_HBW
HBW,Horizontal_Axis,Variable,string,"ExtensionObject(TypeId=NodeId(Identifier='TE_""typ_Axis""', NamespaceIndex=3, NodeIdType=<NodeIdType.String: 3>), Body=...","ns=3;s=""gtyp_HBW"".""Horizontal_Axis""",Objects/Objects/DeviceSet/PLC/DataBlocksGlobal/gtyp_HBW
HBW,Vertical_Axis,Variable,string,"ExtensionObject(TypeId=NodeId(Identifier='TE_""typ_Axis""', NamespaceIndex=3, NodeIdType=<NodeIdType.String: 3>), Body=...","ns=3;s=""gtyp_HBW"".""Vertical_Axis""",Objects/Objects/DeviceSet/PLC/DataBlocksGlobal/gtyp_HBW
HBW,0,Variable,string,"ExtensionObject(TypeId=NodeId(Identifier='TE_""typ_History""', NamespaceIndex=3, NodeIdType=<NodeIdType.String: 3>), Bo...","ns=3;s=""gtyp_HBW"".""History""[0]",Objects/Objects/DeviceSet/PLC/DataBlocksGlobal/gtyp_HBW/History
HBW,1,Variable,string,"ExtensionObject(TypeId=NodeId(Identifier='TE_""typ_History""', NamespaceIndex=3, NodeIdType=<NodeIdType.String: 3>), Bo...","ns=3;s=""gtyp_HBW"".""History""[1]",Objects/Objects/DeviceSet/PLC/DataBlocksGlobal/gtyp_HBW/History
HBW,2,Variable,string,"ExtensionObject(TypeId=NodeId(Identifier='TE_""typ_History""', NamespaceIndex=3, NodeIdType=<NodeIdType.String: 3>), Bo...","ns=3;s=""gtyp_HBW"".""History""[2]",Objects/Objects/DeviceSet/PLC/DataBlocksGlobal/gtyp_HBW/History
HBW,3,Variable,string,"ExtensionObject(TypeId=NodeId(Identifier='TE_""typ_History""', NamespaceIndex=3, NodeIdType=<NodeIdType.String: 3>), Bo...","ns=3;s=""gtyp_HBW"".""History""[3]",Objects/Objects/DeviceSet/PLC/DataBlocksGlobal/gtyp_HBW/History
HBW,4,Variable,string,"ExtensionObject(TypeId=NodeId(Identifier='TE_""typ_History""', NamespaceIndex=3, NodeIdType=<NodeIdType.String: 3>), Bo...","ns=3;s=""gtyp_HBW"".""History""[4]",Objects/Objects/DeviceSet/PLC/DataBlocksGlobal/gtyp_HBW/History
HBW,5,Variable,string,"ExtensionObject(TypeId=NodeId(Identifier='TE_""typ_History""', NamespaceIndex=3, NodeIdType=<NodeIdType.String: 3>), Bo...","ns=3;s=""gtyp_HBW"".""History""[5]",Objects/Objects/DeviceSet/PLC/DataBlocksGlobal/gtyp_HBW/History
HBW,6,Variable,string,"ExtensionObject(TypeId=NodeId(Identifier='TE_""typ_History""', NamespaceIndex=3, NodeIdType=<NodeIdType.String: 3>), Bo...","ns=3;s=""gtyp_HBW"".""History""[6]",Objects/Objects/DeviceSet/PLC/DataBlocksGlobal/gtyp_HBW/History
HBW,7,Variable,string,"ExtensionObject(TypeId=NodeId(Identifier='TE_""typ_History""', NamespaceIndex=3, NodeIdType=<NodeIdType.String: 3>), Bo...","ns=3;s=""gtyp_HBW"".""History""[7]",Objects/Objects/DeviceSet/PLC/DataBlocksGlobal/gtyp_HBW/History
HBW,8,Variable,string,"ExtensionObject(TypeId=NodeId(Identifier='TE_""typ_History""', NamespaceIndex=3, NodeIdType=<NodeIdType.String: 3>), Bo...","ns=3;s=""gtyp_HBW"".""History""[8]",Objects/Objects/DeviceSet/PLC/DataBlocksGlobal/gtyp_HBW/History
HBW,9,Variable,string,"ExtensionObject(TypeId=NodeId(Identifier='TE_""typ_History""', NamespaceIndex=3, NodeIdType=<NodeIdType.String: 3>), Bo...","ns=3;s=""gtyp_HBW"".""History""[9]",Objects/Objects/DeviceSet/PLC/DataBlocksGlobal/gtyp_HBW/History
HBW,10,Variable,string,"ExtensionObject(TypeId=NodeId(Identifier='TE_""typ_History""', NamespaceIndex=3, NodeIdType=<NodeIdType.String: 3>), Bo...","ns=3;s=""gtyp_HBW"".""History""[10]",Objects/Objects/DeviceSet/PLC/DataBlocksGlobal/gtyp_HBW/History
HBW,11,Variable,string,"ExtensionObject(TypeId=NodeId(Identifier='TE_""typ_History""', NamespaceIndex=3, NodeIdType=<NodeIdType.String: 3>), Bo...","ns=3;s=""gtyp_HBW"".""History""[11]",Objects/Objects/DeviceSet/PLC/DataBlocksGlobal/gtyp_HBW/History
HBW,12,Variable,string,"ExtensionObject(TypeId=NodeId(Identifier='TE_""typ_History""', NamespaceIndex=3, NodeIdType=<NodeIdType.String: 3>), Bo...","ns=3;s=""gtyp_HBW"".""History""[12]",Objects/Objects/DeviceSet/PLC/DataBlocksGlobal/gtyp_HBW/History
HBW,13,Variable,string,"ExtensionObject(TypeId=NodeId(Identifier='TE_""typ_History""', NamespaceIndex=3, NodeIdType=<NodeIdType.String: 3>), Bo...","ns=3;s=""gtyp_HBW"".""History""[13]",Objects/Objects/DeviceSet/PLC/DataBlocksGlobal/gtyp_HBW/History
HBW,14,Variable,string,"ExtensionObject(TypeId=NodeId(Identifier='TE_""typ_History""', NamespaceIndex=3, NodeIdType=<NodeIdType.String: 3>), Bo...","ns=3;s=""gtyp_HBW"".""History""[14]",Objects/Objects/DeviceSet/PLC/DataBlocksGlobal/gtyp_HBW/History
HBW,15,Variable,string,"ExtensionObject(TypeId=NodeId(Identifier='TE_""typ_History""', NamespaceIndex=3, NodeIdType=<NodeIdType.String: 3>), Bo...","ns=3;s=""gtyp_HBW"".""History""[15]",Objects/Objects/DeviceSet/PLC/DataBlocksGlobal/gtyp_HBW/History
HBW,16,Variable,string,"ExtensionObject(TypeId=NodeId(Identifier='TE_""typ_History""', NamespaceIndex=3, NodeIdType=<NodeIdType.String: 3>), Bo...","ns=3;s=""gtyp_HBW"".""History""[16]",Objects/Objects/DeviceSet/PLC/DataBlocksGlobal/gtyp_HBW/History
HBW,17,Variable,string,"ExtensionObject(TypeId=NodeId(Identifier='TE_""typ_History""', NamespaceIndex=3, NodeIdType=<NodeIdType.String: 3>), Bo...","ns=3;s=""gtyp_HBW"".""History""[17]",Objects/Objects/DeviceSet/PLC/DataBlocksGlobal/gtyp_HBW/History
HBW,18,Variable,string,"ExtensionObject(TypeId=NodeId(Identifier='TE_""typ_History""', NamespaceIndex=3, NodeIdType=<NodeIdType.String: 3>), Bo...","ns=3;s=""gtyp_HBW"".""History""[18]",Objects/Objects/DeviceSet/PLC/DataBlocksGlobal/gtyp_HBW/History
HBW,19,Variable,string,"ExtensionObject(TypeId=NodeId(Identifier='TE_""typ_History""', NamespaceIndex=3, NodeIdType=<NodeIdType.String: 3>), Bo...","ns=3;s=""gtyp_HBW"".""History""[19]",Objects/Objects/DeviceSet/PLC/DataBlocksGlobal/gtyp_HBW/History
HBW,ldt_ts,Variable,string,1990-01-01 00:00:00+00:00,"ns=3;s=""gtyp_HBW"".""History""[0].""ldt_ts""",Objects/Objects/DeviceSet/PLC/DataBlocksGlobal/gtyp_HBW/History/0
HBW,i_code,Variable,int,0,"ns=3;s=""gtyp_HBW"".""History""[0].""i_code""",Objects/Objects/DeviceSet/PLC/DataBlocksGlobal/gtyp_HBW/History/0
HBW,ldt_ts,Variable,string,1990-01-01 00:00:00+00:00,"ns=3;s=""gtyp_HBW"".""History""[1].""ldt_ts""",Objects/Objects/DeviceSet/PLC/DataBlocksGlobal/gtyp_HBW/History/1
HBW,i_code,Variable,int,0,"ns=3;s=""gtyp_HBW"".""History""[1].""i_code""",Objects/Objects/DeviceSet/PLC/DataBlocksGlobal/gtyp_HBW/History/1
HBW,ldt_ts,Variable,string,1601-01-01 00:00:00+00:00,"ns=3;s=""gtyp_HBW"".""History""[10].""ldt_ts""",Objects/Objects/DeviceSet/PLC/DataBlocksGlobal/gtyp_HBW/History/10
HBW,i_code,Variable,int,0,"ns=3;s=""gtyp_HBW"".""History""[10].""i_code""",Objects/Objects/DeviceSet/PLC/DataBlocksGlobal/gtyp_HBW/History/10
HBW,ldt_ts,Variable,string,1601-01-01 00:00:00+00:00,"ns=3;s=""gtyp_HBW"".""History""[11].""ldt_ts""",Objects/Objects/DeviceSet/PLC/DataBlocksGlobal/gtyp_HBW/History/11
HBW,i_code,Variable,int,0,"ns=3;s=""gtyp_HBW"".""History""[11].""i_code""",Objects/Objects/DeviceSet/PLC/DataBlocksGlobal/gtyp_HBW/History/11
HBW,ldt_ts,Variable,string,1601-01-01 00:00:00+00:00,"ns=3;s=""gtyp_HBW"".""History""[12].""ldt_ts""",Objects/Objects/DeviceSet/PLC/DataBlocksGlobal/gtyp_HBW/History/12
HBW,i_code,Variable,int,0,"ns=3;s=""gtyp_HBW"".""History""[12].""i_code""",Objects/Objects/DeviceSet/PLC/DataBlocksGlobal/gtyp_HBW/History/12
HBW,ldt_ts,Variable,string,1601-01-01 00:00:00+00:00,"ns=3;s=""gtyp_HBW"".""History""[13].""ldt_ts""",Objects/Objects/DeviceSet/PLC/DataBlocksGlobal/gtyp_HBW/History/13
HBW,i_code,Variable,int,0,"ns=3;s=""gtyp_HBW"".""History""[13].""i_code""",Objects/Objects/DeviceSet/PLC/DataBlocksGlobal/gtyp_HBW/History/13
HBW,ldt_ts,Variable,string,1601-01-01 00:00:00+00:00,"ns=3;s=""gtyp_HBW"".""History""[14].""ldt_ts""",Objects/Objects/DeviceSet/PLC/DataBlocksGlobal/gtyp_HBW/History/14
HBW,i_code,Variable,int,0,"ns=3;s=""gtyp_HBW"".""History""[14].""i_code""",Objects/Objects/DeviceSet/PLC/DataBlocksGlobal/gtyp_HBW/History/14
HBW,ldt_ts,Variable,string,1601-01-01 00:00:00+00:00,"ns=3;s=""gtyp_HBW"".""History""[15].""ldt_ts""",Objects/Objects/DeviceSet/PLC/DataBlocksGlobal/gtyp_HBW/History/15
HBW,i_code,Variable,int,0,"ns=3;s=""gtyp_HBW"".""History""[15].""i_code""",Objects/Objects/DeviceSet/PLC/DataBlocksGlobal/gtyp_HBW/History/15
HBW,ldt_ts,Variable,string,1601-01-01 00:00:00+00:00,"ns=3;s=""gtyp_HBW"".""History""[16].""ldt_ts""",Objects/Objects/DeviceSet/PLC/DataBlocksGlobal/gtyp_HBW/History/16
HBW,i_code,Variable,int,0,"ns=3;s=""gtyp_HBW"".""History""[16].""i_code""",Objects/Objects/DeviceSet/PLC/DataBlocksGlobal/gtyp_HBW/History/16
HBW,ldt_ts,Variable,string,1601-01-01 00:00:00+00:00,"ns=3;s=""gtyp_HBW"".""History""[17].""ldt_ts""",Objects/Objects/DeviceSet/PLC/DataBlocksGlobal/gtyp_HBW/History/17
HBW,i_code,Variable,int,0,"ns=3;s=""gtyp_HBW"".""History""[17].""i_code""",Objects/Objects/DeviceSet/PLC/DataBlocksGlobal/gtyp_HBW/History/17
HBW,ldt_ts,Variable,string,1601-01-01 00:00:00+00:00,"ns=3;s=""gtyp_HBW"".""History""[18].""ldt_ts""",Objects/Objects/DeviceSet/PLC/DataBlocksGlobal/gtyp_HBW/History/18
HBW,i_code,Variable,int,0,"ns=3;s=""gtyp_HBW"".""History""[18].""i_code""",Objects/Objects/DeviceSet/PLC/DataBlocksGlobal/gtyp_HBW/History/18
HBW,ldt_ts,Variable,string,1601-01-01 00:00:00+00:00,"ns=3;s=""gtyp_HBW"".""History""[19].""ldt_ts""",Objects/Objects/DeviceSet/PLC/DataBlocksGlobal/gtyp_HBW/History/19
HBW,i_code,Variable,int,0,"ns=3;s=""gtyp_HBW"".""History""[19].""i_code""",Objects/Objects/DeviceSet/PLC/DataBlocksGlobal/gtyp_HBW/History/19
HBW,ldt_ts,Variable,string,1990-01-01 00:00:00+00:00,"ns=3;s=""gtyp_HBW"".""History""[2].""ldt_ts""",Objects/Objects/DeviceSet/PLC/DataBlocksGlobal/gtyp_HBW/History/2
HBW,i_code,Variable,int,0,"ns=3;s=""gtyp_HBW"".""History""[2].""i_code""",Objects/Objects/DeviceSet/PLC/DataBlocksGlobal/gtyp_HBW/History/2
HBW,ldt_ts,Variable,string,1990-01-01 00:00:00+00:00,"ns=3;s=""gtyp_HBW"".""History""[3].""ldt_ts""",Objects/Objects/DeviceSet/PLC/DataBlocksGlobal/gtyp_HBW/History/3
HBW,i_code,Variable,int,0,"ns=3;s=""gtyp_HBW"".""History""[3].""i_code""",Objects/Objects/DeviceSet/PLC/DataBlocksGlobal/gtyp_HBW/History/3
HBW,ldt_ts,Variable,string,1990-01-01 00:00:00+00:00,"ns=3;s=""gtyp_HBW"".""History""[4].""ldt_ts""",Objects/Objects/DeviceSet/PLC/DataBlocksGlobal/gtyp_HBW/History/4
HBW,i_code,Variable,int,0,"ns=3;s=""gtyp_HBW"".""History""[4].""i_code""",Objects/Objects/DeviceSet/PLC/DataBlocksGlobal/gtyp_HBW/History/4
HBW,ldt_ts,Variable,string,1990-01-01 00:00:00+00:00,"ns=3;s=""gtyp_HBW"".""History""[5].""ldt_ts""",Objects/Objects/DeviceSet/PLC/DataBlocksGlobal/gtyp_HBW/History/5
HBW,i_code,Variable,int,0,"ns=3;s=""gtyp_HBW"".""History""[5].""i_code""",Objects/Objects/DeviceSet/PLC/DataBlocksGlobal/gtyp_HBW/History/5
HBW,ldt_ts,Variable,string,1990-01-01 00:00:00+00:00,"ns=3;s=""gtyp_HBW"".""History""[6].""ldt_ts""",Objects/Objects/DeviceSet/PLC/DataBlocksGlobal/gtyp_HBW/History/6
HBW,i_code,Variable,int,0,"ns=3;s=""gtyp_HBW"".""History""[6].""i_code""",Objects/Objects/DeviceSet/PLC/DataBlocksGlobal/gtyp_HBW/History/6
HBW,ldt_ts,Variable,string,1990-01-01 00:00:00+00:00,"ns=3;s=""gtyp_HBW"".""History""[7].""ldt_ts""",Objects/Objects/DeviceSet/PLC/DataBlocksGlobal/gtyp_HBW/History/7
HBW,i_code,Variable,int,0,"ns=3;s=""gtyp_HBW"".""History""[7].""i_code""",Objects/Objects/DeviceSet/PLC/DataBlocksGlobal/gtyp_HBW/History/7
HBW,ldt_ts,Variable,string,1601-01-01 00:00:00+00:00,"ns=3;s=""gtyp_HBW"".""History""[8].""ldt_ts""",Objects/Objects/DeviceSet/PLC/DataBlocksGlobal/gtyp_HBW/History/8
HBW,i_code,Variable,int,0,"ns=3;s=""gtyp_HBW"".""History""[8].""i_code""",Objects/Objects/DeviceSet/PLC/DataBlocksGlobal/gtyp_HBW/History/8
HBW,ldt_ts,Variable,string,1601-01-01 00:00:00+00:00,"ns=3;s=""gtyp_HBW"".""History""[9].""ldt_ts""",Objects/Objects/DeviceSet/PLC/DataBlocksGlobal/gtyp_HBW/History/9
HBW,i_code,Variable,int,0,"ns=3;s=""gtyp_HBW"".""History""[9].""i_code""",Objects/Objects/DeviceSet/PLC/DataBlocksGlobal/gtyp_HBW/History/9
HBW,x_Start_Positioning,Variable,bool,False,"ns=3;s=""gtyp_HBW"".""Horizontal_Axis"".""x_Start_Positioning""",Objects/Objects/DeviceSet/PLC/DataBlocksGlobal/gtyp_HBW/Horizontal_Axis
HBW,x_Reference,Variable,bool,False,"ns=3;s=""gtyp_HBW"".""Horizontal_Axis"".""x_Reference""",Objects/Objects/DeviceSet/PLC/DataBlocksGlobal/gtyp_HBW/Horizontal_Axis
HBW,x_Referenced,Variable,bool,True,"ns=3;s=""gtyp_HBW"".""Horizontal_Axis"".""x_Referenced""",Objects/Objects/DeviceSet/PLC/DataBlocksGlobal/gtyp_HBW/Horizontal_Axis
HBW,x_Position_Reached,Variable,bool,False,"ns=3;s=""gtyp_HBW"".""Horizontal_Axis"".""x_Position_Reached""",Objects/Objects/DeviceSet/PLC/DataBlocksGlobal/gtyp_HBW/Horizontal_Axis
HBW,di_Target_Position,Variable,int,2918,"ns=3;s=""gtyp_HBW"".""Horizontal_Axis"".""di_Target_Position""",Objects/Objects/DeviceSet/PLC/DataBlocksGlobal/gtyp_HBW/Horizontal_Axis
HBW,di_Increment,Variable,int,0,"ns=3;s=""gtyp_HBW"".""Horizontal_Axis"".""di_Increment""",Objects/Objects/DeviceSet/PLC/DataBlocksGlobal/gtyp_HBW/Horizontal_Axis
HBW,di_Actual_Position,Variable,int,0,"ns=3;s=""gtyp_HBW"".""Horizontal_Axis"".""di_Actual_Position""",Objects/Objects/DeviceSet/PLC/DataBlocksGlobal/gtyp_HBW/Horizontal_Axis
HBW,i_PWM,Variable,int,700,"ns=3;s=""gtyp_HBW"".""Horizontal_Axis"".""i_PWM""",Objects/Objects/DeviceSet/PLC/DataBlocksGlobal/gtyp_HBW/Horizontal_Axis
HBW,Config,Variable,string,"ExtensionObject(TypeId=NodeId(Identifier='TE_""typ_Axis_Data""', NamespaceIndex=3, NodeIdType=<NodeIdType.String: 3>), ...","ns=3;s=""gtyp_HBW"".""Horizontal_Axis"".""Config""",Objects/Objects/DeviceSet/PLC/DataBlocksGlobal/gtyp_HBW/Horizontal_Axis
HBW,di_Pos_Soft_Switch,Variable,int,7900,"ns=3;s=""gtyp_HBW"".""Horizontal_Axis"".""Config"".""di_Pos_Soft_Switch""",Objects/Objects/DeviceSet/PLC/DataBlocksGlobal/gtyp_HBW/Horizontal_Axis/Config
HBW,di_Neg_Soft_Switch,Variable,int,0,"ns=3;s=""gtyp_HBW"".""Horizontal_Axis"".""Config"".""di_Neg_Soft_Switch""",Objects/Objects/DeviceSet/PLC/DataBlocksGlobal/gtyp_HBW/Horizontal_Axis/Config
HBW,di_Ref_Pos,Variable,int,0,"ns=3;s=""gtyp_HBW"".""Horizontal_Axis"".""Config"".""di_Ref_Pos""",Objects/Objects/DeviceSet/PLC/DataBlocksGlobal/gtyp_HBW/Horizontal_Axis/Config
HBW,di_Loop_Value,Variable,int,0,"ns=3;s=""gtyp_HBW"".""Horizontal_Axis"".""Config"".""di_Loop_Value""",Objects/Objects/DeviceSet/PLC/DataBlocksGlobal/gtyp_HBW/Horizontal_Axis/Config
HBW,di_Pos_Window,Variable,int,15,"ns=3;s=""gtyp_HBW"".""Horizontal_Axis"".""Config"".""di_Pos_Window""",Objects/Objects/DeviceSet/PLC/DataBlocksGlobal/gtyp_HBW/Horizontal_Axis/Config
HBW,"0,0",Variable,string,"ExtensionObject(TypeId=NodeId(Identifier='TE_""typ_Rack_History""', NamespaceIndex=3, NodeIdType=<NodeIdType.String: 3>...","ns=3;s=""gtyp_HBW"".""Rack_History""[0,0]",Objects/Objects/DeviceSet/PLC/DataBlocksGlobal/gtyp_HBW/Rack_History
HBW,"0,1",Variable,string,"ExtensionObject(TypeId=NodeId(Identifier='TE_""typ_Rack_History""', NamespaceIndex=3, NodeIdType=<NodeIdType.String: 3>...","ns=3;s=""gtyp_HBW"".""Rack_History""[0,1]",Objects/Objects/DeviceSet/PLC/DataBlocksGlobal/gtyp_HBW/Rack_History
HBW,"0,2",Variable,string,"ExtensionObject(TypeId=NodeId(Identifier='TE_""typ_Rack_History""', NamespaceIndex=3, NodeIdType=<NodeIdType.String: 3>...","ns=3;s=""gtyp_HBW"".""Rack_History""[0,2]",Objects/Objects/DeviceSet/PLC/DataBlocksGlobal/gtyp_HBW/Rack_History
HBW,"1,0",Variable,string,"ExtensionObject(TypeId=NodeId(Identifier='TE_""typ_Rack_History""', NamespaceIndex=3, NodeIdType=<NodeIdType.String: 3>...","ns=3;s=""gtyp_HBW"".""Rack_History""[1,0]",Objects/Objects/DeviceSet/PLC/DataBlocksGlobal/gtyp_HBW/Rack_History
HBW,"1,1",Variable,string,"ExtensionObject(TypeId=NodeId(Identifier='TE_""typ_Rack_History""', NamespaceIndex=3, NodeIdType=<NodeIdType.String: 3>...","ns=3;s=""gtyp_HBW"".""Rack_History""[1,1]",Objects/Objects/DeviceSet/PLC/DataBlocksGlobal/gtyp_HBW/Rack_History
HBW,"1,2",Variable,string,"ExtensionObject(TypeId=NodeId(Identifier='TE_""typ_Rack_History""', NamespaceIndex=3, NodeIdType=<NodeIdType.String: 3>...","ns=3;s=""gtyp_HBW"".""Rack_History""[1,2]",Objects/Objects/DeviceSet/PLC/DataBlocksGlobal/gtyp_HBW/Rack_History
HBW,"2,0",Variable,string,"ExtensionObject(TypeId=NodeId(Identifier='TE_""typ_Rack_History""', NamespaceIndex=3, NodeIdType=<NodeIdType.String: 3>...","ns=3;s=""gtyp_HBW"".""Rack_History""[2,0]",Objects/Objects/DeviceSet/PLC/DataBlocksGlobal/gtyp_HBW/Rack_History
HBW,"2,1",Variable,string,"ExtensionObject(TypeId=NodeId(Identifier='TE_""typ_Rack_History""', NamespaceIndex=3, NodeIdType=<NodeIdType.String: 3>...","ns=3;s=""gtyp_HBW"".""Rack_History""[2,1]",Objects/Objects/DeviceSet/PLC/DataBlocksGlobal/gtyp_HBW/Rack_History
HBW,"2,2",Variable,string,"ExtensionObject(TypeId=NodeId(Identifier='TE_""typ_Rack_History""', NamespaceIndex=3, NodeIdType=<NodeIdType.String: 3>...","ns=3;s=""gtyp_HBW"".""Rack_History""[2,2]",Objects/Objects/DeviceSet/PLC/DataBlocksGlobal/gtyp_HBW/Rack_History
HBW,History,Variable,string,"[ExtensionObject(TypeId=NodeId(Identifier='TE_""typ_History""', NamespaceIndex=3, NodeIdType=<NodeIdType.String: 3>), B...","ns=3;s=""gtyp_HBW"".""Rack_History""[0,0].""History""","Objects/Objects/DeviceSet/PLC/DataBlocksGlobal/gtyp_HBW/Rack_History/0,0"
HBW,0,Variable,string,"ExtensionObject(TypeId=NodeId(Identifier='TE_""typ_History""', NamespaceIndex=3, NodeIdType=<NodeIdType.String: 3>), Bo...","ns=3;s=""gtyp_HBW"".""Rack_History""[0,0].""History""[0]","Objects/Objects/DeviceSet/PLC/DataBlocksGlobal/gtyp_HBW/Rack_History/0,0/History"
HBW,1,Variable,string,"ExtensionObject(TypeId=NodeId(Identifier='TE_""typ_History""', NamespaceIndex=3, NodeIdType=<NodeIdType.String: 3>), Bo...","ns=3;s=""gtyp_HBW"".""Rack_History""[0,0].""History""[1]","Objects/Objects/DeviceSet/PLC/DataBlocksGlobal/gtyp_HBW/Rack_History/0,0/History"
HBW,2,Variable,string,"ExtensionObject(TypeId=NodeId(Identifier='TE_""typ_History""', NamespaceIndex=3, NodeIdType=<NodeIdType.String: 3>), Bo...","ns=3;s=""gtyp_HBW"".""Rack_History""[0,0].""History""[2]","Objects/Objects/DeviceSet/PLC/DataBlocksGlobal/gtyp_HBW/Rack_History/0,0/History"
HBW,3,Variable,string,"ExtensionObject(TypeId=NodeId(Identifier='TE_""typ_History""', NamespaceIndex=3, NodeIdType=<NodeIdType.String: 3>), Bo...","ns=3;s=""gtyp_HBW"".""Rack_History""[0,0].""History""[3]","Objects/Objects/DeviceSet/PLC/DataBlocksGlobal/gtyp_HBW/Rack_History/0,0/History"
HBW,4,Variable,string,"ExtensionObject(TypeId=NodeId(Identifier='TE_""typ_History""', NamespaceIndex=3, NodeIdType=<NodeIdType.String: 3>), Bo...","ns=3;s=""gtyp_HBW"".""Rack_History""[0,0].""History""[4]","Objects/Objects/DeviceSet/PLC/DataBlocksGlobal/gtyp_HBW/Rack_History/0,0/History"
HBW,5,Variable,string,"ExtensionObject(TypeId=NodeId(Identifier='TE_""typ_History""', NamespaceIndex=3, NodeIdType=<NodeIdType.String: 3>), Bo...","ns=3;s=""gtyp_HBW"".""Rack_History""[0,0].""History""[5]","Objects/Objects/DeviceSet/PLC/DataBlocksGlobal/gtyp_HBW/Rack_History/0,0/History"
HBW,6,Variable,string,"ExtensionObject(TypeId=NodeId(Identifier='TE_""typ_History""', NamespaceIndex=3, NodeIdType=<NodeIdType.String: 3>), Bo...","ns=3;s=""gtyp_HBW"".""Rack_History""[0,0].""History""[6]","Objects/Objects/DeviceSet/PLC/DataBlocksGlobal/gtyp_HBW/Rack_History/0,0/History"
HBW,7,Variable,string,"ExtensionObject(TypeId=NodeId(Identifier='TE_""typ_History""', NamespaceIndex=3, NodeIdType=<NodeIdType.String: 3>), Bo...","ns=3;s=""gtyp_HBW"".""Rack_History""[0,0].""History""[7]","Objects/Objects/DeviceSet/PLC/DataBlocksGlobal/gtyp_HBW/Rack_History/0,0/History"
HBW,8,Variable,string,"ExtensionObject(TypeId=NodeId(Identifier='TE_""typ_History""', NamespaceIndex=3, NodeIdType=<NodeIdType.String: 3>), Bo...","ns=3;s=""gtyp_HBW"".""Rack_History""[0,0].""History""[8]","Objects/Objects/DeviceSet/PLC/DataBlocksGlobal/gtyp_HBW/Rack_History/0,0/History"
HBW,9,Variable,string,"ExtensionObject(TypeId=NodeId(Identifier='TE_""typ_History""', NamespaceIndex=3, NodeIdType=<NodeIdType.String: 3>), Bo...","ns=3;s=""gtyp_HBW"".""Rack_History""[0,0].""History""[9]","Objects/Objects/DeviceSet/PLC/DataBlocksGlobal/gtyp_HBW/Rack_History/0,0/History"
HBW,10,Variable,string,"ExtensionObject(TypeId=NodeId(Identifier='TE_""typ_History""', NamespaceIndex=3, NodeIdType=<NodeIdType.String: 3>), Bo...","ns=3;s=""gtyp_HBW"".""Rack_History""[0,0].""History""[10]","Objects/Objects/DeviceSet/PLC/DataBlocksGlobal/gtyp_HBW/Rack_History/0,0/History"
HBW,11,Variable,string,"ExtensionObject(TypeId=NodeId(Identifier='TE_""typ_History""', NamespaceIndex=3, NodeIdType=<NodeIdType.String: 3>), Bo...","ns=3;s=""gtyp_HBW"".""Rack_History""[0,0].""History""[11]","Objects/Objects/DeviceSet/PLC/DataBlocksGlobal/gtyp_HBW/Rack_History/0,0/History"
HBW,12,Variable,string,"ExtensionObject(TypeId=NodeId(Identifier='TE_""typ_History""', NamespaceIndex=3, NodeIdType=<NodeIdType.String: 3>), Bo...","ns=3;s=""gtyp_HBW"".""Rack_History""[0,0].""History""[12]","Objects/Objects/DeviceSet/PLC/DataBlocksGlobal/gtyp_HBW/Rack_History/0,0/History"
HBW,13,Variable,string,"ExtensionObject(TypeId=NodeId(Identifier='TE_""typ_History""', NamespaceIndex=3, NodeIdType=<NodeIdType.String: 3>), Bo...","ns=3;s=""gtyp_HBW"".""Rack_History""[0,0].""History""[13]","Objects/Objects/DeviceSet/PLC/DataBlocksGlobal/gtyp_HBW/Rack_History/0,0/History"
HBW,14,Variable,string,"ExtensionObject(TypeId=NodeId(Identifier='TE_""typ_History""', NamespaceIndex=3, NodeIdType=<NodeIdType.String: 3>), Bo...","ns=3;s=""gtyp_HBW"".""Rack_History""[0,0].""History""[14]","Objects/Objects/DeviceSet/PLC/DataBlocksGlobal/gtyp_HBW/Rack_History/0,0/History"
HBW,15,Variable,string,"ExtensionObject(TypeId=NodeId(Identifier='TE_""typ_History""', NamespaceIndex=3, NodeIdType=<NodeIdType.String: 3>), Bo...","ns=3;s=""gtyp_HBW"".""Rack_History""[0,0].""History""[15]","Objects/Objects/DeviceSet/PLC/DataBlocksGlobal/gtyp_HBW/Rack_History/0,0/History"
HBW,16,Variable,string,"ExtensionObject(TypeId=NodeId(Identifier='TE_""typ_History""', NamespaceIndex=3, NodeIdType=<NodeIdType.String: 3>), Bo...","ns=3;s=""gtyp_HBW"".""Rack_History""[0,0].""History""[16]","Objects/Objects/DeviceSet/PLC/DataBlocksGlobal/gtyp_HBW/Rack_History/0,0/History"
HBW,17,Variable,string,"ExtensionObject(TypeId=NodeId(Identifier='TE_""typ_History""', NamespaceIndex=3, NodeIdType=<NodeIdType.String: 3>), Bo...","ns=3;s=""gtyp_HBW"".""Rack_History""[0,0].""History""[17]","Objects/Objects/DeviceSet/PLC/DataBlocksGlobal/gtyp_HBW/Rack_History/0,0/History"
HBW,18,Variable,string,"ExtensionObject(TypeId=NodeId(Identifier='TE_""typ_History""', NamespaceIndex=3, NodeIdType=<NodeIdType.String: 3>), Bo...","ns=3;s=""gtyp_HBW"".""Rack_History""[0,0].""History""[18]","Objects/Objects/DeviceSet/PLC/DataBlocksGlobal/gtyp_HBW/Rack_History/0,0/History"
HBW,19,Variable,string,"ExtensionObject(TypeId=NodeId(Identifier='TE_""typ_History""', NamespaceIndex=3, NodeIdType=<NodeIdType.String: 3>), Bo...","ns=3;s=""gtyp_HBW"".""Rack_History""[0,0].""History""[19]","Objects/Objects/DeviceSet/PLC/DataBlocksGlobal/gtyp_HBW/Rack_History/0,0/History"
HBW,ldt_ts,Variable,string,1990-01-01 00:00:00+00:00,"ns=3;s=""gtyp_HBW"".""Rack_History""[0,0].""History""[0].""ldt_ts""","Objects/Objects/DeviceSet/PLC/DataBlocksGlobal/gtyp_HBW/Rack_History/0,0/History/0"
HBW,i_code,Variable,int,0,"ns=3;s=""gtyp_HBW"".""Rack_History""[0,0].""History""[0].""i_code""","Objects/Objects/DeviceSet/PLC/DataBlocksGlobal/gtyp_HBW/Rack_History/0,0/History/0"
HBW,ldt_ts,Variable,string,1990-01-01 00:00:00+00:00,"ns=3;s=""gtyp_HBW"".""Rack_History""[0,0].""History""[1].""ldt_ts""","Objects/Objects/DeviceSet/PLC/DataBlocksGlobal/gtyp_HBW/Rack_History/0,0/History/1"
HBW,i_code,Variable,int,0,"ns=3;s=""gtyp_HBW"".""Rack_History""[0,0].""History""[1].""i_code""","Objects/Objects/DeviceSet/PLC/DataBlocksGlobal/gtyp_HBW/Rack_History/0,0/History/1"
HBW,ldt_ts,Variable,string,1601-01-01 00:00:00+00:00,"ns=3;s=""gtyp_HBW"".""Rack_History""[0,0].""History""[10].""ldt_ts""","Objects/Objects/DeviceSet/PLC/DataBlocksGlobal/gtyp_HBW/Rack_History/0,0/History/10"
HBW,i_code,Variable,int,0,"ns=3;s=""gtyp_HBW"".""Rack_History""[0,0].""History""[10].""i_code""","Objects/Objects/DeviceSet/PLC/DataBlocksGlobal/gtyp_HBW/Rack_History/0,0/History/10"
HBW,ldt_ts,Variable,string,1601-01-01 00:00:00+00:00,"ns=3;s=""gtyp_HBW"".""Rack_History""[0,0].""History""[11].""ldt_ts""","Objects/Objects/DeviceSet/PLC/DataBlocksGlobal/gtyp_HBW/Rack_History/0,0/History/11"
HBW,i_code,Variable,int,0,"ns=3;s=""gtyp_HBW"".""Rack_History""[0,0].""History""[11].""i_code""","Objects/Objects/DeviceSet/PLC/DataBlocksGlobal/gtyp_HBW/Rack_History/0,0/History/11"
HBW,ldt_ts,Variable,string,1601-01-01 00:00:00+00:00,"ns=3;s=""gtyp_HBW"".""Rack_History""[0,0].""History""[12].""ldt_ts""","Objects/Objects/DeviceSet/PLC/DataBlocksGlobal/gtyp_HBW/Rack_History/0,0/History/12"
HBW,i_code,Variable,int,0,"ns=3;s=""gtyp_HBW"".""Rack_History""[0,0].""History""[12].""i_code""","Objects/Objects/DeviceSet/PLC/DataBlocksGlobal/gtyp_HBW/Rack_History/0,0/History/12"
HBW,ldt_ts,Variable,string,1601-01-01 00:00:00+00:00,"ns=3;s=""gtyp_HBW"".""Rack_History""[0,0].""History""[13].""ldt_ts""","Objects/Objects/DeviceSet/PLC/DataBlocksGlobal/gtyp_HBW/Rack_History/0,0/History/13"
HBW,i_code,Variable,int,0,"ns=3;s=""gtyp_HBW"".""Rack_History""[0,0].""History""[13].""i_code""","Objects/Objects/DeviceSet/PLC/DataBlocksGlobal/gtyp_HBW/Rack_History/0,0/History/13"
HBW,ldt_ts,Variable,string,1601-01-01 00:00:00+00:00,"ns=3;s=""gtyp_HBW"".""Rack_History""[0,0].""History""[14].""ldt_ts""","Objects/Objects/DeviceSet/PLC/DataBlocksGlobal/gtyp_HBW/Rack_History/0,0/History/14"
HBW,i_code,Variable,int,0,"ns=3;s=""gtyp_HBW"".""Rack_History""[0,0].""History""[14].""i_code""","Objects/Objects/DeviceSet/PLC/DataBlocksGlobal/gtyp_HBW/Rack_History/0,0/History/14"
HBW,ldt_ts,Variable,string,1601-01-01 00:00:00+00:00,"ns=3;s=""gtyp_HBW"".""Rack_History""[0,0].""History""[15].""ldt_ts""","Objects/Objects/DeviceSet/PLC/DataBlocksGlobal/gtyp_HBW/Rack_History/0,0/History/15"
HBW,i_code,Variable,int,0,"ns=3;s=""gtyp_HBW"".""Rack_History""[0,0].""History""[15].""i_code""","Objects/Objects/DeviceSet/PLC/DataBlocksGlobal/gtyp_HBW/Rack_History/0,0/History/15"
HBW,ldt_ts,Variable,string,1601-01-01 00:00:00+00:00,"ns=3;s=""gtyp_HBW"".""Rack_History""[0,0].""History""[16].""ldt_ts""","Objects/Objects/DeviceSet/PLC/DataBlocksGlobal/gtyp_HBW/Rack_History/0,0/History/16"
HBW,i_code,Variable,int,0,"ns=3;s=""gtyp_HBW"".""Rack_History""[0,0].""History""[16].""i_code""","Objects/Objects/DeviceSet/PLC/DataBlocksGlobal/gtyp_HBW/Rack_History/0,0/History/16"
HBW,ldt_ts,Variable,string,1601-01-01 00:00:00+00:00,"ns=3;s=""gtyp_HBW"".""Rack_History""[0,0].""History""[17].""ldt_ts""","Objects/Objects/DeviceSet/PLC/DataBlocksGlobal/gtyp_HBW/Rack_History/0,0/History/17"
HBW,i_code,Variable,int,0,"ns=3;s=""gtyp_HBW"".""Rack_History""[0,0].""History""[17].""i_code""","Objects/Objects/DeviceSet/PLC/DataBlocksGlobal/gtyp_HBW/Rack_History/0,0/History/17"
HBW,ldt_ts,Variable,string,1601-01-01 00:00:00+00:00,"ns=3;s=""gtyp_HBW"".""Rack_History""[0,0].""History""[18].""ldt_ts""","Objects/Objects/DeviceSet/PLC/DataBlocksGlobal/gtyp_HBW/Rack_History/0,0/History/18"
HBW,i_code,Variable,int,0,"ns=3;s=""gtyp_HBW"".""Rack_History""[0,0].""History""[18].""i_code""","Objects/Objects/DeviceSet/PLC/DataBlocksGlobal/gtyp_HBW/Rack_History/0,0/History/18"
HBW,ldt_ts,Variable,string,1601-01-01 00:00:00+00:00,"ns=3;s=""gtyp_HBW"".""Rack_History""[0,0].""History""[19].""ldt_ts""","Objects/Objects/DeviceSet/PLC/DataBlocksGlobal/gtyp_HBW/Rack_History/0,0/History/19"
HBW,i_code,Variable,int,0,"ns=3;s=""gtyp_HBW"".""Rack_History""[0,0].""History""[19].""i_code""","Objects/Objects/DeviceSet/PLC/DataBlocksGlobal/gtyp_HBW/Rack_History/0,0/History/19"
HBW,ldt_ts,Variable,string,1990-01-01 00:00:00+00:00,"ns=3;s=""gtyp_HBW"".""Rack_History""[0,0].""History""[2].""ldt_ts""","Objects/Objects/DeviceSet/PLC/DataBlocksGlobal/gtyp_HBW/Rack_History/0,0/History/2"
HBW,i_code,Variable,int,0,"ns=3;s=""gtyp_HBW"".""Rack_History""[0,0].""History""[2].""i_code""","Objects/Objects/DeviceSet/PLC/DataBlocksGlobal/gtyp_HBW/Rack_History/0,0/History/2"
HBW,ldt_ts,Variable,string,1990-01-01 00:00:00+00:00,"ns=3;s=""gtyp_HBW"".""Rack_History""[0,0].""History""[3].""ldt_ts""","Objects/Objects/DeviceSet/PLC/DataBlocksGlobal/gtyp_HBW/Rack_History/0,0/History/3"
HBW,i_code,Variable,int,0,"ns=3;s=""gtyp_HBW"".""Rack_History""[0,0].""History""[3].""i_code""","Objects/Objects/DeviceSet/PLC/DataBlocksGlobal/gtyp_HBW/Rack_History/0,0/History/3"
HBW,ldt_ts,Variable,string,1990-01-01 00:00:00+00:00,"ns=3;s=""gtyp_HBW"".""Rack_History""[0,0].""History""[4].""ldt_ts""","Objects/Objects/DeviceSet/PLC/DataBlocksGlobal/gtyp_HBW/Rack_History/0,0/History/4"
HBW,i_code,Variable,int,0,"ns=3;s=""gtyp_HBW"".""Rack_History""[0,0].""History""[4].""i_code""","Objects/Objects/DeviceSet/PLC/DataBlocksGlobal/gtyp_HBW/Rack_History/0,0/History/4"
HBW,ldt_ts,Variable,string,1990-01-01 00:00:00+00:00,"ns=3;s=""gtyp_HBW"".""Rack_History""[0,0].""History""[5].""ldt_ts""","Objects/Objects/DeviceSet/PLC/DataBlocksGlobal/gtyp_HBW/Rack_History/0,0/History/5"
HBW,i_code,Variable,int,0,"ns=3;s=""gtyp_HBW"".""Rack_History""[0,0].""History""[5].""i_code""","Objects/Objects/DeviceSet/PLC/DataBlocksGlobal/gtyp_HBW/Rack_History/0,0/History/5"
HBW,ldt_ts,Variable,string,1990-01-01 00:00:00+00:00,"ns=3;s=""gtyp_HBW"".""Rack_History""[0,0].""History""[6].""ldt_ts""","Objects/Objects/DeviceSet/PLC/DataBlocksGlobal/gtyp_HBW/Rack_History/0,0/History/6"
HBW,i_code,Variable,int,0,"ns=3;s=""gtyp_HBW"".""Rack_History""[0,0].""History""[6].""i_code""","Objects/Objects/DeviceSet/PLC/DataBlocksGlobal/gtyp_HBW/Rack_History/0,0/History/6"
HBW,ldt_ts,Variable,string,1990-01-01 00:00:00+00:00,"ns=3;s=""gtyp_HBW"".""Rack_History""[0,0].""History""[7].""ldt_ts""","Objects/Objects/DeviceSet/PLC/DataBlocksGlobal/gtyp_HBW/Rack_History/0,0/History/7"
HBW,i_code,Variable,int,0,"ns=3;s=""gtyp_HBW"".""Rack_History""[0,0].""History""[7].""i_code""","Objects/Objects/DeviceSet/PLC/DataBlocksGlobal/gtyp_HBW/Rack_History/0,0/History/7"
HBW,ldt_ts,Variable,string,1601-01-01 00:00:00+00:00,"ns=3;s=""gtyp_HBW"".""Rack_History""[0,0].""History""[8].""ldt_ts""","Objects/Objects/DeviceSet/PLC/DataBlocksGlobal/gtyp_HBW/Rack_History/0,0/History/8"
HBW,i_code,Variable,int,0,"ns=3;s=""gtyp_HBW"".""Rack_History""[0,0].""History""[8].""i_code""","Objects/Objects/DeviceSet/PLC/DataBlocksGlobal/gtyp_HBW/Rack_History/0,0/History/8"
HBW,ldt_ts,Variable,string,1601-01-01 00:00:00+00:00,"ns=3;s=""gtyp_HBW"".""Rack_History""[0,0].""History""[9].""ldt_ts""","Objects/Objects/DeviceSet/PLC/DataBlocksGlobal/gtyp_HBW/Rack_History/0,0/History/9"
HBW,i_code,Variable,int,0,"ns=3;s=""gtyp_HBW"".""Rack_History""[0,0].""History""[9].""i_code""","Objects/Objects/DeviceSet/PLC/DataBlocksGlobal/gtyp_HBW/Rack_History/0,0/History/9"
HBW,History,Variable,string,"[ExtensionObject(TypeId=NodeId(Identifier='TE_""typ_History""', NamespaceIndex=3, NodeIdType=<NodeIdType.String: 3>), B...","ns=3;s=""gtyp_HBW"".""Rack_History""[0,1].""History""","Objects/Objects/DeviceSet/PLC/DataBlocksGlobal/gtyp_HBW/Rack_History/0,1"
HBW,0,Variable,string,"ExtensionObject(TypeId=NodeId(Identifier='TE_""typ_History""', NamespaceIndex=3, NodeIdType=<NodeIdType.String: 3>), Bo...","ns=3;s=""gtyp_HBW"".""Rack_History""[0,1].""History""[0]","Objects/Objects/DeviceSet/PLC/DataBlocksGlobal/gtyp_HBW/Rack_History/0,1/History"
HBW,1,Variable,string,"ExtensionObject(TypeId=NodeId(Identifier='TE_""typ_History""', NamespaceIndex=3, NodeIdType=<NodeIdType.String: 3>), Bo...","ns=3;s=""gtyp_HBW"".""Rack_History""[0,1].""History""[1]","Objects/Objects/DeviceSet/PLC/DataBlocksGlobal/gtyp_HBW/Rack_History/0,1/History"
HBW,2,Variable,string,"ExtensionObject(TypeId=NodeId(Identifier='TE_""typ_History""', NamespaceIndex=3, NodeIdType=<NodeIdType.String: 3>), Bo...","ns=3;s=""gtyp_HBW"".""Rack_History""[0,1].""History""[2]","Objects/Objects/DeviceSet/PLC/DataBlocksGlobal/gtyp_HBW/Rack_History/0,1/History"
HBW,3,Variable,string,"ExtensionObject(TypeId=NodeId(Identifier='TE_""typ_History""', NamespaceIndex=3, NodeIdType=<NodeIdType.String: 3>), Bo...","ns=3;s=""gtyp_HBW"".""Rack_History""[0,1].""History""[3]","Objects/Objects/DeviceSet/PLC/DataBlocksGlobal/gtyp_HBW/Rack_History/0,1/History"
HBW,4,Variable,string,"ExtensionObject(TypeId=NodeId(Identifier='TE_""typ_History""', NamespaceIndex=3, NodeIdType=<NodeIdType.String: 3>), Bo...","ns=3;s=""gtyp_HBW"".""Rack_History""[0,1].""History""[4]","Objects/Objects/DeviceSet/PLC/DataBlocksGlobal/gtyp_HBW/Rack_History/0,1/History"
HBW,5,Variable,string,"ExtensionObject(TypeId=NodeId(Identifier='TE_""typ_History""', NamespaceIndex=3, NodeIdType=<NodeIdType.String: 3>), Bo...","ns=3;s=""gtyp_HBW"".""Rack_History""[0,1].""History""[5]","Objects/Objects/DeviceSet/PLC/DataBlocksGlobal/gtyp_HBW/Rack_History/0,1/History"
HBW,6,Variable,string,"ExtensionObject(TypeId=NodeId(Identifier='TE_""typ_History""', NamespaceIndex=3, NodeIdType=<NodeIdType.String: 3>), Bo...","ns=3;s=""gtyp_HBW"".""Rack_History""[0,1].""History""[6]","Objects/Objects/DeviceSet/PLC/DataBlocksGlobal/gtyp_HBW/Rack_History/0,1/History"
HBW,7,Variable,string,"ExtensionObject(TypeId=NodeId(Identifier='TE_""typ_History""', NamespaceIndex=3, NodeIdType=<NodeIdType.String: 3>), Bo...","ns=3;s=""gtyp_HBW"".""Rack_History""[0,1].""History""[7]","Objects/Objects/DeviceSet/PLC/DataBlocksGlobal/gtyp_HBW/Rack_History/0,1/History"
HBW,8,Variable,string,"ExtensionObject(TypeId=NodeId(Identifier='TE_""typ_History""', NamespaceIndex=3, NodeIdType=<NodeIdType.String: 3>), Bo...","ns=3;s=""gtyp_HBW"".""Rack_History""[0,1].""History""[8]","Objects/Objects/DeviceSet/PLC/DataBlocksGlobal/gtyp_HBW/Rack_History/0,1/History"
HBW,9,Variable,string,"ExtensionObject(TypeId=NodeId(Identifier='TE_""typ_History""', NamespaceIndex=3, NodeIdType=<NodeIdType.String: 3>), Bo...","ns=3;s=""gtyp_HBW"".""Rack_History""[0,1].""History""[9]","Objects/Objects/DeviceSet/PLC/DataBlocksGlobal/gtyp_HBW/Rack_History/0,1/History"
HBW,10,Variable,string,"ExtensionObject(TypeId=NodeId(Identifier='TE_""typ_History""', NamespaceIndex=3, NodeIdType=<NodeIdType.String: 3>), Bo...","ns=3;s=""gtyp_HBW"".""Rack_History""[0,1].""History""[10]","Objects/Objects/DeviceSet/PLC/DataBlocksGlobal/gtyp_HBW/Rack_History/0,1/History"
HBW,11,Variable,string,"ExtensionObject(TypeId=NodeId(Identifier='TE_""typ_History""', NamespaceIndex=3, NodeIdType=<NodeIdType.String: 3>), Bo...","ns=3;s=""gtyp_HBW"".""Rack_History""[0,1].""History""[11]","Objects/Objects/DeviceSet/PLC/DataBlocksGlobal/gtyp_HBW/Rack_History/0,1/History"
HBW,12,Variable,string,"ExtensionObject(TypeId=NodeId(Identifier='TE_""typ_History""', NamespaceIndex=3, NodeIdType=<NodeIdType.String: 3>), Bo...","ns=3;s=""gtyp_HBW"".""Rack_History""[0,1].""History""[12]","Objects/Objects/DeviceSet/PLC/DataBlocksGlobal/gtyp_HBW/Rack_History/0,1/History"
HBW,13,Variable,string,"ExtensionObject(TypeId=NodeId(Identifier='TE_""typ_History""', NamespaceIndex=3, NodeIdType=<NodeIdType.String: 3>), Bo...","ns=3;s=""gtyp_HBW"".""Rack_History""[0,1].""History""[13]","Objects/Objects/DeviceSet/PLC/DataBlocksGlobal/gtyp_HBW/Rack_History/0,1/History"
HBW,14,Variable,string,"ExtensionObject(TypeId=NodeId(Identifier='TE_""typ_History""', NamespaceIndex=3, NodeIdType=<NodeIdType.String: 3>), Bo...","ns=3;s=""gtyp_HBW"".""Rack_History""[0,1].""History""[14]","Objects/Objects/DeviceSet/PLC/DataBlocksGlobal/gtyp_HBW/Rack_History/0,1/History"
HBW,15,Variable,string,"ExtensionObject(TypeId=NodeId(Identifier='TE_""typ_History""', NamespaceIndex=3, NodeIdType=<NodeIdType.String: 3>), Bo...","ns=3;s=""gtyp_HBW"".""Rack_History""[0,1].""History""[15]","Objects/Objects/DeviceSet/PLC/DataBlocksGlobal/gtyp_HBW/Rack_History/0,1/History"
HBW,16,Variable,string,"ExtensionObject(TypeId=NodeId(Identifier='TE_""typ_History""', NamespaceIndex=3, NodeIdType=<NodeIdType.String: 3>), Bo...","ns=3;s=""gtyp_HBW"".""Rack_History""[0,1].""History""[16]","Objects/Objects/DeviceSet/PLC/DataBlocksGlobal/gtyp_HBW/Rack_History/0,1/History"
HBW,17,Variable,string,"ExtensionObject(TypeId=NodeId(Identifier='TE_""typ_History""', NamespaceIndex=3, NodeIdType=<NodeIdType.String: 3>), Bo...","ns=3;s=""gtyp_HBW"".""Rack_History""[0,1].""History""[17]","Objects/Objects/DeviceSet/PLC/DataBlocksGlobal/gtyp_HBW/Rack_History/0,1/History"
HBW,18,Variable,string,"ExtensionObject(TypeId=NodeId(Identifier='TE_""typ_History""', NamespaceIndex=3, NodeIdType=<NodeIdType.String: 3>), Bo...","ns=3;s=""gtyp_HBW"".""Rack_History""[0,1].""History""[18]","Objects/Objects/DeviceSet/PLC/DataBlocksGlobal/gtyp_HBW/Rack_History/0,1/History"
HBW,19,Variable,string,"ExtensionObject(TypeId=NodeId(Identifier='TE_""typ_History""', NamespaceIndex=3, NodeIdType=<NodeIdType.String: 3>), Bo...","ns=3;s=""gtyp_HBW"".""Rack_History""[0,1].""History""[19]","Objects/Objects/DeviceSet/PLC/DataBlocksGlobal/gtyp_HBW/Rack_History/0,1/History"
HBW,ldt_ts,Variable,string,1990-01-01 00:00:00+00:00,"ns=3;s=""gtyp_HBW"".""Rack_History""[0,1].""History""[0].""ldt_ts""","Objects/Objects/DeviceSet/PLC/DataBlocksGlobal/gtyp_HBW/Rack_History/0,1/History/0"
HBW,i_code,Variable,int,0,"ns=3;s=""gtyp_HBW"".""Rack_History""[0,1].""History""[0].""i_code""","Objects/Objects/DeviceSet/PLC/DataBlocksGlobal/gtyp_HBW/Rack_History/0,1/History/0"
HBW,ldt_ts,Variable,string,1990-01-01 00:00:00+00:00,"ns=3;s=""gtyp_HBW"".""Rack_History""[0,1].""History""[1].""ldt_ts""","Objects/Objects/DeviceSet/PLC/DataBlocksGlobal/gtyp_HBW/Rack_History/0,1/History/1"
HBW,i_code,Variable,int,0,"ns=3;s=""gtyp_HBW"".""Rack_History""[0,1].""History""[1].""i_code""","Objects/Objects/DeviceSet/PLC/DataBlocksGlobal/gtyp_HBW/Rack_History/0,1/History/1"
HBW,ldt_ts,Variable,string,1601-01-01 00:00:00+00:00,"ns=3;s=""gtyp_HBW"".""Rack_History""[0,1].""History""[10].""ldt_ts""","Objects/Objects/DeviceSet/PLC/DataBlocksGlobal/gtyp_HBW/Rack_History/0,1/History/10"
HBW,i_code,Variable,int,0,"ns=3;s=""gtyp_HBW"".""Rack_History""[0,1].""History""[10].""i_code""","Objects/Objects/DeviceSet/PLC/DataBlocksGlobal/gtyp_HBW/Rack_History/0,1/History/10"
HBW,ldt_ts,Variable,string,1601-01-01 00:00:00+00:00,"ns=3;s=""gtyp_HBW"".""Rack_History""[0,1].""History""[11].""ldt_ts""","Objects/Objects/DeviceSet/PLC/DataBlocksGlobal/gtyp_HBW/Rack_History/0,1/History/11"
HBW,i_code,Variable,int,0,"ns=3;s=""gtyp_HBW"".""Rack_History""[0,1].""History""[11].""i_code""","Objects/Objects/DeviceSet/PLC/DataBlocksGlobal/gtyp_HBW/Rack_History/0,1/History/11"
HBW,ldt_ts,Variable,string,1601-01-01 00:00:00+00:00,"ns=3;s=""gtyp_HBW"".""Rack_History""[0,1].""History""[12].""ldt_ts""","Objects/Objects/DeviceSet/PLC/DataBlocksGlobal/gtyp_HBW/Rack_History/0,1/History/12"
HBW,i_code,Variable,int,0,"ns=3;s=""gtyp_HBW"".""Rack_History""[0,1].""History""[12].""i_code""","Objects/Objects/DeviceSet/PLC/DataBlocksGlobal/gtyp_HBW/Rack_History/0,1/History/12"
HBW,ldt_ts,Variable,string,1601-01-01 00:00:00+00:00,"ns=3;s=""gtyp_HBW"".""Rack_History""[0,1].""History""[13].""ldt_ts""","Objects/Objects/DeviceSet/PLC/DataBlocksGlobal/gtyp_HBW/Rack_History/0,1/History/13"
HBW,i_code,Variable,int,0,"ns=3;s=""gtyp_HBW"".""Rack_History""[0,1].""History""[13].""i_code""","Objects/Objects/DeviceSet/PLC/DataBlocksGlobal/gtyp_HBW/Rack_History/0,1/History/13"
HBW,ldt_ts,Variable,string,1601-01-01 00:00:00+00:00,"ns=3;s=""gtyp_HBW"".""Rack_History""[0,1].""History""[14].""ldt_ts""","Objects/Objects/DeviceSet/PLC/DataBlocksGlobal/gtyp_HBW/Rack_History/0,1/History/14"
HBW,i_code,Variable,int,0,"ns=3;s=""gtyp_HBW"".""Rack_History""[0,1].""History""[14].""i_code""","Objects/Objects/DeviceSet/PLC/DataBlocksGlobal/gtyp_HBW/Rack_History/0,1/History/14"
HBW,ldt_ts,Variable,string,1601-01-01 00:00:00+00:00,"ns=3;s=""gtyp_HBW"".""Rack_History""[0,1].""History""[15].""ldt_ts""","Objects/Objects/DeviceSet/PLC/DataBlocksGlobal/gtyp_HBW/Rack_History/0,1/History/15"
HBW,i_code,Variable,int,0,"ns=3;s=""gtyp_HBW"".""Rack_History""[0,1].""History""[15].""i_code""","Objects/Objects/DeviceSet/PLC/DataBlocksGlobal/gtyp_HBW/Rack_History/0,1/History/15"
HBW,ldt_ts,Variable,string,1601-01-01 00:00:00+00:00,"ns=3;s=""gtyp_HBW"".""Rack_History""[0,1].""History""[16].""ldt_ts""","Objects/Objects/DeviceSet/PLC/DataBlocksGlobal/gtyp_HBW/Rack_History/0,1/History/16"
HBW,i_code,Variable,int,0,"ns=3;s=""gtyp_HBW"".""Rack_History""[0,1].""History""[16].""i_code""","Objects/Objects/DeviceSet/PLC/DataBlocksGlobal/gtyp_HBW/Rack_History/0,1/History/16"
HBW,ldt_ts,Variable,string,1601-01-01 00:00:00+00:00,"ns=3;s=""gtyp_HBW"".""Rack_History""[0,1].""History""[17].""ldt_ts""","Objects/Objects/DeviceSet/PLC/DataBlocksGlobal/gtyp_HBW/Rack_History/0,1/History/17"
HBW,i_code,Variable,int,0,"ns=3;s=""gtyp_HBW"".""Rack_History""[0,1].""History""[17].""i_code""","Objects/Objects/DeviceSet/PLC/DataBlocksGlobal/gtyp_HBW/Rack_History/0,1/History/17"
HBW,ldt_ts,Variable,string,1601-01-01 00:00:00+00:00,"ns=3;s=""gtyp_HBW"".""Rack_History""[0,1].""History""[18].""ldt_ts""","Objects/Objects/DeviceSet/PLC/DataBlocksGlobal/gtyp_HBW/Rack_History/0,1/History/18"
HBW,i_code,Variable,int,0,"ns=3;s=""gtyp_HBW"".""Rack_History""[0,1].""History""[18].""i_code""","Objects/Objects/DeviceSet/PLC/DataBlocksGlobal/gtyp_HBW/Rack_History/0,1/History/18"
HBW,ldt_ts,Variable,string,1601-01-01 00:00:00+00:00,"ns=3;s=""gtyp_HBW"".""Rack_History""[0,1].""History""[19].""ldt_ts""","Objects/Objects/DeviceSet/PLC/DataBlocksGlobal/gtyp_HBW/Rack_History/0,1/History/19"
HBW,i_code,Variable,int,0,"ns=3;s=""gtyp_HBW"".""Rack_History""[0,1].""History""[19].""i_code""","Objects/Objects/DeviceSet/PLC/DataBlocksGlobal/gtyp_HBW/Rack_History/0,1/History/19"
HBW,ldt_ts,Variable,string,1990-01-01 00:00:00+00:00,"ns=3;s=""gtyp_HBW"".""Rack_History""[0,1].""History""[2].""ldt_ts""","Objects/Objects/DeviceSet/PLC/DataBlocksGlobal/gtyp_HBW/Rack_History/0,1/History/2"
HBW,i_code,Variable,int,0,"ns=3;s=""gtyp_HBW"".""Rack_History""[0,1].""History""[2].""i_code""","Objects/Objects/DeviceSet/PLC/DataBlocksGlobal/gtyp_HBW/Rack_History/0,1/History/2"
HBW,ldt_ts,Variable,string,1990-01-01 00:00:00+00:00,"ns=3;s=""gtyp_HBW"".""Rack_History""[0,1].""History""[3].""ldt_ts""","Objects/Objects/DeviceSet/PLC/DataBlocksGlobal/gtyp_HBW/Rack_History/0,1/History/3"
HBW,i_code,Variable,int,0,"ns=3;s=""gtyp_HBW"".""Rack_History""[0,1].""History""[3].""i_code""","Objects/Objects/DeviceSet/PLC/DataBlocksGlobal/gtyp_HBW/Rack_History/0,1/History/3"
HBW,ldt_ts,Variable,string,1990-01-01 00:00:00+00:00,"ns=3;s=""gtyp_HBW"".""Rack_History""[0,1].""History""[4].""ldt_ts""","Objects/Objects/DeviceSet/PLC/DataBlocksGlobal/gtyp_HBW/Rack_History/0,1/History/4"
HBW,i_code,Variable,int,0,"ns=3;s=""gtyp_HBW"".""Rack_History""[0,1].""History""[4].""i_code""","Objects/Objects/DeviceSet/PLC/DataBlocksGlobal/gtyp_HBW/Rack_History/0,1/History/4"
HBW,ldt_ts,Variable,string,1990-01-01 00:00:00+00:00,"ns=3;s=""gtyp_HBW"".""Rack_History""[0,1].""History""[5].""ldt_ts""","Objects/Objects/DeviceSet/PLC/DataBlocksGlobal/gtyp_HBW/Rack_History/0,1/History/5"
HBW,i_code,Variable,int,0,"ns=3;s=""gtyp_HBW"".""Rack_History""[0,1].""History""[5].""i_code""","Objects/Objects/DeviceSet/PLC/DataBlocksGlobal/gtyp_HBW/Rack_History/0,1/History/5"
HBW,ldt_ts,Variable,string,1990-01-01 00:00:00+00:00,"ns=3;s=""gtyp_HBW"".""Rack_History""[0,1].""History""[6].""ldt_ts""","Objects/Objects/DeviceSet/PLC/DataBlocksGlobal/gtyp_HBW/Rack_History/0,1/History/6"
HBW,i_code,Variable,int,0,"ns=3;s=""gtyp_HBW"".""Rack_History""[0,1].""History""[6].""i_code""","Objects/Objects/DeviceSet/PLC/DataBlocksGlobal/gtyp_HBW/Rack_History/0,1/History/6"
HBW,ldt_ts,Variable,string,1990-01-01 00:00:00+00:00,"ns=3;s=""gtyp_HBW"".""Rack_History""[0,1].""History""[7].""ldt_ts""","Objects/Objects/DeviceSet/PLC/DataBlocksGlobal/gtyp_HBW/Rack_History/0,1/History/7"
HBW,i_code,Variable,int,0,"ns=3;s=""gtyp_HBW"".""Rack_History""[0,1].""History""[7].""i_code""","Objects/Objects/DeviceSet/PLC/DataBlocksGlobal/gtyp_HBW/Rack_History/0,1/History/7"
HBW,ldt_ts,Variable,string,1601-01-01 00:00:00+00:00,"ns=3;s=""gtyp_HBW"".""Rack_History""[0,1].""History""[8].""ldt_ts""","Objects/Objects/DeviceSet/PLC/DataBlocksGlobal/gtyp_HBW/Rack_History/0,1/History/8"
HBW,i_code,Variable,int,0,"ns=3;s=""gtyp_HBW"".""Rack_History""[0,1].""History""[8].""i_code""","Objects/Objects/DeviceSet/PLC/DataBlocksGlobal/gtyp_HBW/Rack_History/0,1/History/8"
HBW,ldt_ts,Variable,string,1601-01-01 00:00:00+00:00,"ns=3;s=""gtyp_HBW"".""Rack_History""[0,1].""History""[9].""ldt_ts""","Objects/Objects/DeviceSet/PLC/DataBlocksGlobal/gtyp_HBW/Rack_History/0,1/History/9"
HBW,i_code,Variable,int,0,"ns=3;s=""gtyp_HBW"".""Rack_History""[0,1].""History""[9].""i_code""","Objects/Objects/DeviceSet/PLC/DataBlocksGlobal/gtyp_HBW/Rack_History/0,1/History/9"
HBW,History,Variable,string,"[ExtensionObject(TypeId=NodeId(Identifier='TE_""typ_History""', NamespaceIndex=3, NodeIdType=<NodeIdType.String: 3>), B...","ns=3;s=""gtyp_HBW"".""Rack_History""[0,2].""History""","Objects/Objects/DeviceSet/PLC/DataBlocksGlobal/gtyp_HBW/Rack_History/0,2"
HBW,0,Variable,string,"ExtensionObject(TypeId=NodeId(Identifier='TE_""typ_History""', NamespaceIndex=3, NodeIdType=<NodeIdType.String: 3>), Bo...","ns=3;s=""gtyp_HBW"".""Rack_History""[0,2].""History""[0]","Objects/Objects/DeviceSet/PLC/DataBlocksGlobal/gtyp_HBW/Rack_History/0,2/History"
HBW,1,Variable,string,"ExtensionObject(TypeId=NodeId(Identifier='TE_""typ_History""', NamespaceIndex=3, NodeIdType=<NodeIdType.String: 3>), Bo...","ns=3;s=""gtyp_HBW"".""Rack_History""[0,2].""History""[1]","Objects/Objects/DeviceSet/PLC/DataBlocksGlobal/gtyp_HBW/Rack_History/0,2/History"
HBW,2,Variable,string,"ExtensionObject(TypeId=NodeId(Identifier='TE_""typ_History""', NamespaceIndex=3, NodeIdType=<NodeIdType.String: 3>), Bo...","ns=3;s=""gtyp_HBW"".""Rack_History""[0,2].""History""[2]","Objects/Objects/DeviceSet/PLC/DataBlocksGlobal/gtyp_HBW/Rack_History/0,2/History"
HBW,3,Variable,string,"ExtensionObject(TypeId=NodeId(Identifier='TE_""typ_History""', NamespaceIndex=3, NodeIdType=<NodeIdType.String: 3>), Bo...","ns=3;s=""gtyp_HBW"".""Rack_History""[0,2].""History""[3]","Objects/Objects/DeviceSet/PLC/DataBlocksGlobal/gtyp_HBW/Rack_History/0,2/History"
HBW,4,Variable,string,"ExtensionObject(TypeId=NodeId(Identifier='TE_""typ_History""', NamespaceIndex=3, NodeIdType=<NodeIdType.String: 3>), Bo...","ns=3;s=""gtyp_HBW"".""Rack_History""[0,2].""History""[4]","Objects/Objects/DeviceSet/PLC/DataBlocksGlobal/gtyp_HBW/Rack_History/0,2/History"
HBW,5,Variable,string,"ExtensionObject(TypeId=NodeId(Identifier='TE_""typ_History""', NamespaceIndex=3, NodeIdType=<NodeIdType.String: 3>), Bo...","ns=3;s=""gtyp_HBW"".""Rack_History""[0,2].""History""[5]","Objects/Objects/DeviceSet/PLC/DataBlocksGlobal/gtyp_HBW/Rack_History/0,2/History"
HBW,6,Variable,string,"ExtensionObject(TypeId=NodeId(Identifier='TE_""typ_History""', NamespaceIndex=3, NodeIdType=<NodeIdType.String: 3>), Bo...","ns=3;s=""gtyp_HBW"".""Rack_History""[0,2].""History""[6]","Objects/Objects/DeviceSet/PLC/DataBlocksGlobal/gtyp_HBW/Rack_History/0,2/History"
HBW,7,Variable,string,"ExtensionObject(TypeId=NodeId(Identifier='TE_""typ_History""', NamespaceIndex=3, NodeIdType=<NodeIdType.String: 3>), Bo...","ns=3;s=""gtyp_HBW"".""Rack_History""[0,2].""History""[7]","Objects/Objects/DeviceSet/PLC/DataBlocksGlobal/gtyp_HBW/Rack_History/0,2/History"
HBW,8,Variable,string,"ExtensionObject(TypeId=NodeId(Identifier='TE_""typ_History""', NamespaceIndex=3, NodeIdType=<NodeIdType.String: 3>), Bo...","ns=3;s=""gtyp_HBW"".""Rack_History""[0,2].""History""[8]","Objects/Objects/DeviceSet/PLC/DataBlocksGlobal/gtyp_HBW/Rack_History/0,2/History"
HBW,9,Variable,string,"ExtensionObject(TypeId=NodeId(Identifier='TE_""typ_History""', NamespaceIndex=3, NodeIdType=<NodeIdType.String: 3>), Bo...","ns=3;s=""gtyp_HBW"".""Rack_History""[0,2].""History""[9]","Objects/Objects/DeviceSet/PLC/DataBlocksGlobal/gtyp_HBW/Rack_History/0,2/History"
HBW,10,Variable,string,"ExtensionObject(TypeId=NodeId(Identifier='TE_""typ_History""', NamespaceIndex=3, NodeIdType=<NodeIdType.String: 3>), Bo...","ns=3;s=""gtyp_HBW"".""Rack_History""[0,2].""History""[10]","Objects/Objects/DeviceSet/PLC/DataBlocksGlobal/gtyp_HBW/Rack_History/0,2/History"
HBW,11,Variable,string,"ExtensionObject(TypeId=NodeId(Identifier='TE_""typ_History""', NamespaceIndex=3, NodeIdType=<NodeIdType.String: 3>), Bo...","ns=3;s=""gtyp_HBW"".""Rack_History""[0,2].""History""[11]","Objects/Objects/DeviceSet/PLC/DataBlocksGlobal/gtyp_HBW/Rack_History/0,2/History"
HBW,12,Variable,string,"ExtensionObject(TypeId=NodeId(Identifier='TE_""typ_History""', NamespaceIndex=3, NodeIdType=<NodeIdType.String: 3>), Bo...","ns=3;s=""gtyp_HBW"".""Rack_History""[0,2].""History""[12]","Objects/Objects/DeviceSet/PLC/DataBlocksGlobal/gtyp_HBW/Rack_History/0,2/History"
HBW,13,Variable,string,"ExtensionObject(TypeId=NodeId(Identifier='TE_""typ_History""', NamespaceIndex=3, NodeIdType=<NodeIdType.String: 3>), Bo...","ns=3;s=""gtyp_HBW"".""Rack_History""[0,2].""History""[13]","Objects/Objects/DeviceSet/PLC/DataBlocksGlobal/gtyp_HBW/Rack_History/0,2/History"
HBW,14,Variable,string,"ExtensionObject(TypeId=NodeId(Identifier='TE_""typ_History""', NamespaceIndex=3, NodeIdType=<NodeIdType.String: 3>), Bo...","ns=3;s=""gtyp_HBW"".""Rack_History""[0,2].""History""[14]","Objects/Objects/DeviceSet/PLC/DataBlocksGlobal/gtyp_HBW/Rack_History/0,2/History"
HBW,15,Variable,string,"ExtensionObject(TypeId=NodeId(Identifier='TE_""typ_History""', NamespaceIndex=3, NodeIdType=<NodeIdType.String: 3>), Bo...","ns=3;s=""gtyp_HBW"".""Rack_History""[0,2].""History""[15]","Objects/Objects/DeviceSet/PLC/DataBlocksGlobal/gtyp_HBW/Rack_History/0,2/History"
HBW,16,Variable,string,"ExtensionObject(TypeId=NodeId(Identifier='TE_""typ_History""', NamespaceIndex=3, NodeIdType=<NodeIdType.String: 3>), Bo...","ns=3;s=""gtyp_HBW"".""Rack_History""[0,2].""History""[16]","Objects/Objects/DeviceSet/PLC/DataBlocksGlobal/gtyp_HBW/Rack_History/0,2/History"
HBW,17,Variable,string,"ExtensionObject(TypeId=NodeId(Identifier='TE_""typ_History""', NamespaceIndex=3, NodeIdType=<NodeIdType.String: 3>), Bo...","ns=3;s=""gtyp_HBW"".""Rack_History""[0,2].""History""[17]","Objects/Objects/DeviceSet/PLC/DataBlocksGlobal/gtyp_HBW/Rack_History/0,2/History"
HBW,18,Variable,string,"ExtensionObject(TypeId=NodeId(Identifier='TE_""typ_History""', NamespaceIndex=3, NodeIdType=<NodeIdType.String: 3>), Bo...","ns=3;s=""gtyp_HBW"".""Rack_History""[0,2].""History""[18]","Objects/Objects/DeviceSet/PLC/DataBlocksGlobal/gtyp_HBW/Rack_History/0,2/History"
HBW,19,Variable,string,"ExtensionObject(TypeId=NodeId(Identifier='TE_""typ_History""', NamespaceIndex=3, NodeIdType=<NodeIdType.String: 3>), Bo...","ns=3;s=""gtyp_HBW"".""Rack_History""[0,2].""History""[19]","Objects/Objects/DeviceSet/PLC/DataBlocksGlobal/gtyp_HBW/Rack_History/0,2/History"
HBW,ldt_ts,Variable,string,1990-01-01 00:00:00+00:00,"ns=3;s=""gtyp_HBW"".""Rack_History""[0,2].""History""[0].""ldt_ts""","Objects/Objects/DeviceSet/PLC/DataBlocksGlobal/gtyp_HBW/Rack_History/0,2/History/0"
HBW,i_code,Variable,int,0,"ns=3;s=""gtyp_HBW"".""Rack_History""[0,2].""History""[0].""i_code""","Objects/Objects/DeviceSet/PLC/DataBlocksGlobal/gtyp_HBW/Rack_History/0,2/History/0"
HBW,ldt_ts,Variable,string,1990-01-01 00:00:00+00:00,"ns=3;s=""gtyp_HBW"".""Rack_History""[0,2].""History""[1].""ldt_ts""","Objects/Objects/DeviceSet/PLC/DataBlocksGlobal/gtyp_HBW/Rack_History/0,2/History/1"
HBW,i_code,Variable,int,0,"ns=3;s=""gtyp_HBW"".""Rack_History""[0,2].""History""[1].""i_code""","Objects/Objects/DeviceSet/PLC/DataBlocksGlobal/gtyp_HBW/Rack_History/0,2/History/1"
HBW,ldt_ts,Variable,string,1601-01-01 00:00:00+00:00,"ns=3;s=""gtyp_HBW"".""Rack_History""[0,2].""History""[10].""ldt_ts""","Objects/Objects/DeviceSet/PLC/DataBlocksGlobal/gtyp_HBW/Rack_History/0,2/History/10"
HBW,i_code,Variable,int,0,"ns=3;s=""gtyp_HBW"".""Rack_History""[0,2].""History""[10].""i_code""","Objects/Objects/DeviceSet/PLC/DataBlocksGlobal/gtyp_HBW/Rack_History/0,2/History/10"
HBW,ldt_ts,Variable,string,1601-01-01 00:00:00+00:00,"ns=3;s=""gtyp_HBW"".""Rack_History""[0,2].""History""[11].""ldt_ts""","Objects/Objects/DeviceSet/PLC/DataBlocksGlobal/gtyp_HBW/Rack_History/0,2/History/11"
HBW,i_code,Variable,int,0,"ns=3;s=""gtyp_HBW"".""Rack_History""[0,2].""History""[11].""i_code""","Objects/Objects/DeviceSet/PLC/DataBlocksGlobal/gtyp_HBW/Rack_History/0,2/History/11"
HBW,ldt_ts,Variable,string,1601-01-01 00:00:00+00:00,"ns=3;s=""gtyp_HBW"".""Rack_History""[0,2].""History""[12].""ldt_ts""","Objects/Objects/DeviceSet/PLC/DataBlocksGlobal/gtyp_HBW/Rack_History/0,2/History/12"
HBW,i_code,Variable,int,0,"ns=3;s=""gtyp_HBW"".""Rack_History""[0,2].""History""[12].""i_code""","Objects/Objects/DeviceSet/PLC/DataBlocksGlobal/gtyp_HBW/Rack_History/0,2/History/12"
HBW,ldt_ts,Variable,string,1601-01-01 00:00:00+00:00,"ns=3;s=""gtyp_HBW"".""Rack_History""[0,2].""History""[13].""ldt_ts""","Objects/Objects/DeviceSet/PLC/DataBlocksGlobal/gtyp_HBW/Rack_History/0,2/History/13"
HBW,i_code,Variable,int,0,"ns=3;s=""gtyp_HBW"".""Rack_History""[0,2].""History""[13].""i_code""","Objects/Objects/DeviceSet/PLC/DataBlocksGlobal/gtyp_HBW/Rack_History/0,2/History/13"
HBW,ldt_ts,Variable,string,1601-01-01 00:00:00+00:00,"ns=3;s=""gtyp_HBW"".""Rack_History""[0,2].""History""[14].""ldt_ts""","Objects/Objects/DeviceSet/PLC/DataBlocksGlobal/gtyp_HBW/Rack_History/0,2/History/14"
HBW,i_code,Variable,int,0,"ns=3;s=""gtyp_HBW"".""Rack_History""[0,2].""History""[14].""i_code""","Objects/Objects/DeviceSet/PLC/DataBlocksGlobal/gtyp_HBW/Rack_History/0,2/History/14"
HBW,ldt_ts,Variable,string,1601-01-01 00:00:00+00:00,"ns=3;s=""gtyp_HBW"".""Rack_History""[0,2].""History""[15].""ldt_ts""","Objects/Objects/DeviceSet/PLC/DataBlocksGlobal/gtyp_HBW/Rack_History/0,2/History/15"
HBW,i_code,Variable,int,0,"ns=3;s=""gtyp_HBW"".""Rack_History""[0,2].""History""[15].""i_code""","Objects/Objects/DeviceSet/PLC/DataBlocksGlobal/gtyp_HBW/Rack_History/0,2/History/15"
HBW,ldt_ts,Variable,string,1601-01-01 00:00:00+00:00,"ns=3;s=""gtyp_HBW"".""Rack_History""[0,2].""History""[16].""ldt_ts""","Objects/Objects/DeviceSet/PLC/DataBlocksGlobal/gtyp_HBW/Rack_History/0,2/History/16"
HBW,i_code,Variable,int,0,"ns=3;s=""gtyp_HBW"".""Rack_History""[0,2].""History""[16].""i_code""","Objects/Objects/DeviceSet/PLC/DataBlocksGlobal/gtyp_HBW/Rack_History/0,2/History/16"
HBW,ldt_ts,Variable,string,1601-01-01 00:00:00+00:00,"ns=3;s=""gtyp_HBW"".""Rack_History""[0,2].""History""[17].""ldt_ts""","Objects/Objects/DeviceSet/PLC/DataBlocksGlobal/gtyp_HBW/Rack_History/0,2/History/17"
HBW,i_code,Variable,int,0,"ns=3;s=""gtyp_HBW"".""Rack_History""[0,2].""History""[17].""i_code""","Objects/Objects/DeviceSet/PLC/DataBlocksGlobal/gtyp_HBW/Rack_History/0,2/History/17"
HBW,ldt_ts,Variable,string,1601-01-01 00:00:00+00:00,"ns=3;s=""gtyp_HBW"".""Rack_History""[0,2].""History""[18].""ldt_ts""","Objects/Objects/DeviceSet/PLC/DataBlocksGlobal/gtyp_HBW/Rack_History/0,2/History/18"
HBW,i_code,Variable,int,0,"ns=3;s=""gtyp_HBW"".""Rack_History""[0,2].""History""[18].""i_code""","Objects/Objects/DeviceSet/PLC/DataBlocksGlobal/gtyp_HBW/Rack_History/0,2/History/18"
HBW,ldt_ts,Variable,string,1601-01-01 00:00:00+00:00,"ns=3;s=""gtyp_HBW"".""Rack_History""[0,2].""History""[19].""ldt_ts""","Objects/Objects/DeviceSet/PLC/DataBlocksGlobal/gtyp_HBW/Rack_History/0,2/History/19"
HBW,i_code,Variable,int,0,"ns=3;s=""gtyp_HBW"".""Rack_History""[0,2].""History""[19].""i_code""","Objects/Objects/DeviceSet/PLC/DataBlocksGlobal/gtyp_HBW/Rack_History/0,2/History/19"
HBW,ldt_ts,Variable,string,1990-01-01 00:00:00+00:00,"ns=3;s=""gtyp_HBW"".""Rack_History""[0,2].""History""[2].""ldt_ts""","Objects/Objects/DeviceSet/PLC/DataBlocksGlobal/gtyp_HBW/Rack_History/0,2/History/2"
HBW,i_code,Variable,int,0,"ns=3;s=""gtyp_HBW"".""Rack_History""[0,2].""History""[2].""i_code""","Objects/Objects/DeviceSet/PLC/DataBlocksGlobal/gtyp_HBW/Rack_History/0,2/History/2"
HBW,ldt_ts,Variable,string,1990-01-01 00:00:00+00:00,"ns=3;s=""gtyp_HBW"".""Rack_History""[0,2].""History""[3].""ldt_ts""","Objects/Objects/DeviceSet/PLC/DataBlocksGlobal/gtyp_HBW/Rack_History/0,2/History/3"
HBW,i_code,Variable,int,0,"ns=3;s=""gtyp_HBW"".""Rack_History""[0,2].""History""[3].""i_code""","Objects/Objects/DeviceSet/PLC/DataBlocksGlobal/gtyp_HBW/Rack_History/0,2/History/3"
HBW,ldt_ts,Variable,string,1990-01-01 00:00:00+00:00,"ns=3;s=""gtyp_HBW"".""Rack_History""[0,2].""History""[4].""ldt_ts""","Objects/Objects/DeviceSet/PLC/DataBlocksGlobal/gtyp_HBW/Rack_History/0,2/History/4"
HBW,i_code,Variable,int,0,"ns=3;s=""gtyp_HBW"".""Rack_History""[0,2].""History""[4].""i_code""","Objects/Objects/DeviceSet/PLC/DataBlocksGlobal/gtyp_HBW/Rack_History/0,2/History/4"
HBW,ldt_ts,Variable,string,1990-01-01 00:00:00+00:00,"ns=3;s=""gtyp_HBW"".""Rack_History""[0,2].""History""[5].""ldt_ts""","Objects/Objects/DeviceSet/PLC/DataBlocksGlobal/gtyp_HBW/Rack_History/0,2/History/5"
HBW,i_code,Variable,int,0,"ns=3;s=""gtyp_HBW"".""Rack_History""[0,2].""History""[5].""i_code""","Objects/Objects/DeviceSet/PLC/DataBlocksGlobal/gtyp_HBW/Rack_History/0,2/History/5"
HBW,ldt_ts,Variable,string,1990-01-01 00:00:00+00:00,"ns=3;s=""gtyp_HBW"".""Rack_History""[0,2].""History""[6].""ldt_ts""","Objects/Objects/DeviceSet/PLC/DataBlocksGlobal/gtyp_HBW/Rack_History/0,2/History/6"
HBW,i_code,Variable,int,0,"ns=3;s=""gtyp_HBW"".""Rack_History""[0,2].""History""[6].""i_code""","Objects/Objects/DeviceSet/PLC/DataBlocksGlobal/gtyp_HBW/Rack_History/0,2/History/6"
HBW,ldt_ts,Variable,string,1990-01-01 00:00:00+00:00,"ns=3;s=""gtyp_HBW"".""Rack_History""[0,2].""History""[7].""ldt_ts""","Objects/Objects/DeviceSet/PLC/DataBlocksGlobal/gtyp_HBW/Rack_History/0,2/History/7"
HBW,i_code,Variable,int,0,"ns=3;s=""gtyp_HBW"".""Rack_History""[0,2].""History""[7].""i_code""","Objects/Objects/DeviceSet/PLC/DataBlocksGlobal/gtyp_HBW/Rack_History/0,2/History/7"
HBW,ldt_ts,Variable,string,1601-01-01 00:00:00+00:00,"ns=3;s=""gtyp_HBW"".""Rack_History""[0,2].""History""[8].""ldt_ts""","Objects/Objects/DeviceSet/PLC/DataBlocksGlobal/gtyp_HBW/Rack_History/0,2/History/8"
HBW,i_code,Variable,int,0,"ns=3;s=""gtyp_HBW"".""Rack_History""[0,2].""History""[8].""i_code""","Objects/Objects/DeviceSet/PLC/DataBlocksGlobal/gtyp_HBW/Rack_History/0,2/History/8"
HBW,ldt_ts,Variable,string,1601-01-01 00:00:00+00:00,"ns=3;s=""gtyp_HBW"".""Rack_History""[0,2].""History""[9].""ldt_ts""","Objects/Objects/DeviceSet/PLC/DataBlocksGlobal/gtyp_HBW/Rack_History/0,2/History/9"
HBW,i_code,Variable,int,0,"ns=3;s=""gtyp_HBW"".""Rack_History""[0,2].""History""[9].""i_code""","Objects/Objects/DeviceSet/PLC/DataBlocksGlobal/gtyp_HBW/Rack_History/0,2/History/9"
HBW,History,Variable,string,"[ExtensionObject(TypeId=NodeId(Identifier='TE_""typ_History""', NamespaceIndex=3, NodeIdType=<NodeIdType.String: 3>), B...","ns=3;s=""gtyp_HBW"".""Rack_History""[1,0].""History""","Objects/Objects/DeviceSet/PLC/DataBlocksGlobal/gtyp_HBW/Rack_History/1,0"
HBW,0,Variable,string,"ExtensionObject(TypeId=NodeId(Identifier='TE_""typ_History""', NamespaceIndex=3, NodeIdType=<NodeIdType.String: 3>), Bo...","ns=3;s=""gtyp_HBW"".""Rack_History""[1,0].""History""[0]","Objects/Objects/DeviceSet/PLC/DataBlocksGlobal/gtyp_HBW/Rack_History/1,0/History"
HBW,1,Variable,string,"ExtensionObject(TypeId=NodeId(Identifier='TE_""typ_History""', NamespaceIndex=3, NodeIdType=<NodeIdType.String: 3>), Bo...","ns=3;s=""gtyp_HBW"".""Rack_History""[1,0].""History""[1]","Objects/Objects/DeviceSet/PLC/DataBlocksGlobal/gtyp_HBW/Rack_History/1,0/History"
HBW,2,Variable,string,"ExtensionObject(TypeId=NodeId(Identifier='TE_""typ_History""', NamespaceIndex=3, NodeIdType=<NodeIdType.String: 3>), Bo...","ns=3;s=""gtyp_HBW"".""Rack_History""[1,0].""History""[2]","Objects/Objects/DeviceSet/PLC/DataBlocksGlobal/gtyp_HBW/Rack_History/1,0/History"
HBW,3,Variable,string,"ExtensionObject(TypeId=NodeId(Identifier='TE_""typ_History""', NamespaceIndex=3, NodeIdType=<NodeIdType.String: 3>), Bo...","ns=3;s=""gtyp_HBW"".""Rack_History""[1,0].""History""[3]","Objects/Objects/DeviceSet/PLC/DataBlocksGlobal/gtyp_HBW/Rack_History/1,0/History"
HBW,4,Variable,string,"ExtensionObject(TypeId=NodeId(Identifier='TE_""typ_History""', NamespaceIndex=3, NodeIdType=<NodeIdType.String: 3>), Bo...","ns=3;s=""gtyp_HBW"".""Rack_History""[1,0].""History""[4]","Objects/Objects/DeviceSet/PLC/DataBlocksGlobal/gtyp_HBW/Rack_History/1,0/History"
HBW,5,Variable,string,"ExtensionObject(TypeId=NodeId(Identifier='TE_""typ_History""', NamespaceIndex=3, NodeIdType=<NodeIdType.String: 3>), Bo...","ns=3;s=""gtyp_HBW"".""Rack_History""[1,0].""History""[5]","Objects/Objects/DeviceSet/PLC/DataBlocksGlobal/gtyp_HBW/Rack_History/1,0/History"
HBW,6,Variable,string,"ExtensionObject(TypeId=NodeId(Identifier='TE_""typ_History""', NamespaceIndex=3, NodeIdType=<NodeIdType.String: 3>), Bo...","ns=3;s=""gtyp_HBW"".""Rack_History""[1,0].""History""[6]","Objects/Objects/DeviceSet/PLC/DataBlocksGlobal/gtyp_HBW/Rack_History/1,0/History"
HBW,7,Variable,string,"ExtensionObject(TypeId=NodeId(Identifier='TE_""typ_History""', NamespaceIndex=3, NodeIdType=<NodeIdType.String: 3>), Bo...","ns=3;s=""gtyp_HBW"".""Rack_History""[1,0].""History""[7]","Objects/Objects/DeviceSet/PLC/DataBlocksGlobal/gtyp_HBW/Rack_History/1,0/History"
HBW,8,Variable,string,"ExtensionObject(TypeId=NodeId(Identifier='TE_""typ_History""', NamespaceIndex=3, NodeIdType=<NodeIdType.String: 3>), Bo...","ns=3;s=""gtyp_HBW"".""Rack_History""[1,0].""History""[8]","Objects/Objects/DeviceSet/PLC/DataBlocksGlobal/gtyp_HBW/Rack_History/1,0/History"
HBW,9,Variable,string,"ExtensionObject(TypeId=NodeId(Identifier='TE_""typ_History""', NamespaceIndex=3, NodeIdType=<NodeIdType.String: 3>), Bo...","ns=3;s=""gtyp_HBW"".""Rack_History""[1,0].""History""[9]","Objects/Objects/DeviceSet/PLC/DataBlocksGlobal/gtyp_HBW/Rack_History/1,0/History"
HBW,10,Variable,string,"ExtensionObject(TypeId=NodeId(Identifier='TE_""typ_History""', NamespaceIndex=3, NodeIdType=<NodeIdType.String: 3>), Bo...","ns=3;s=""gtyp_HBW"".""Rack_History""[1,0].""History""[10]","Objects/Objects/DeviceSet/PLC/DataBlocksGlobal/gtyp_HBW/Rack_History/1,0/History"
HBW,11,Variable,string,"ExtensionObject(TypeId=NodeId(Identifier='TE_""typ_History""', NamespaceIndex=3, NodeIdType=<NodeIdType.String: 3>), Bo...","ns=3;s=""gtyp_HBW"".""Rack_History""[1,0].""History""[11]","Objects/Objects/DeviceSet/PLC/DataBlocksGlobal/gtyp_HBW/Rack_History/1,0/History"
HBW,12,Variable,string,"ExtensionObject(TypeId=NodeId(Identifier='TE_""typ_History""', NamespaceIndex=3, NodeIdType=<NodeIdType.String: 3>), Bo...","ns=3;s=""gtyp_HBW"".""Rack_History""[1,0].""History""[12]","Objects/Objects/DeviceSet/PLC/DataBlocksGlobal/gtyp_HBW/Rack_History/1,0/History"
HBW,13,Variable,string,"ExtensionObject(TypeId=NodeId(Identifier='TE_""typ_History""', NamespaceIndex=3, NodeIdType=<NodeIdType.String: 3>), Bo...","ns=3;s=""gtyp_HBW"".""Rack_History""[1,0].""History""[13]","Objects/Objects/DeviceSet/PLC/DataBlocksGlobal/gtyp_HBW/Rack_History/1,0/History"
HBW,14,Variable,string,"ExtensionObject(TypeId=NodeId(Identifier='TE_""typ_History""', NamespaceIndex=3, NodeIdType=<NodeIdType.String: 3>), Bo...","ns=3;s=""gtyp_HBW"".""Rack_History""[1,0].""History""[14]","Objects/Objects/DeviceSet/PLC/DataBlocksGlobal/gtyp_HBW/Rack_History/1,0/History"
HBW,15,Variable,string,"ExtensionObject(TypeId=NodeId(Identifier='TE_""typ_History""', NamespaceIndex=3, NodeIdType=<NodeIdType.String: 3>), Bo...","ns=3;s=""gtyp_HBW"".""Rack_History""[1,0].""History""[15]","Objects/Objects/DeviceSet/PLC/DataBlocksGlobal/gtyp_HBW/Rack_History/1,0/History"
HBW,16,Variable,string,"ExtensionObject(TypeId=NodeId(Identifier='TE_""typ_History""', NamespaceIndex=3, NodeIdType=<NodeIdType.String: 3>), Bo...","ns=3;s=""gtyp_HBW"".""Rack_History""[1,0].""History""[16]","Objects/Objects/DeviceSet/PLC/DataBlocksGlobal/gtyp_HBW/Rack_History/1,0/History"
HBW,17,Variable,string,"ExtensionObject(TypeId=NodeId(Identifier='TE_""typ_History""', NamespaceIndex=3, NodeIdType=<NodeIdType.String: 3>), Bo...","ns=3;s=""gtyp_HBW"".""Rack_History""[1,0].""History""[17]","Objects/Objects/DeviceSet/PLC/DataBlocksGlobal/gtyp_HBW/Rack_History/1,0/History"
HBW,18,Variable,string,"ExtensionObject(TypeId=NodeId(Identifier='TE_""typ_History""', NamespaceIndex=3, NodeIdType=<NodeIdType.String: 3>), Bo...","ns=3;s=""gtyp_HBW"".""Rack_History""[1,0].""History""[18]","Objects/Objects/DeviceSet/PLC/DataBlocksGlobal/gtyp_HBW/Rack_History/1,0/History"
HBW,19,Variable,string,"ExtensionObject(TypeId=NodeId(Identifier='TE_""typ_History""', NamespaceIndex=3, NodeIdType=<NodeIdType.String: 3>), Bo...","ns=3;s=""gtyp_HBW"".""Rack_History""[1,0].""History""[19]","Objects/Objects/DeviceSet/PLC/DataBlocksGlobal/gtyp_HBW/Rack_History/1,0/History"
HBW,ldt_ts,Variable,string,1990-01-01 00:00:00+00:00,"ns=3;s=""gtyp_HBW"".""Rack_History""[1,0].""History""[0].""ldt_ts""","Objects/Objects/DeviceSet/PLC/DataBlocksGlobal/gtyp_HBW/Rack_History/1,0/History/0"
HBW,i_code,Variable,int,0,"ns=3;s=""gtyp_HBW"".""Rack_History""[1,0].""History""[0].""i_code""","Objects/Objects/DeviceSet/PLC/DataBlocksGlobal/gtyp_HBW/Rack_History/1,0/History/0"
HBW,ldt_ts,Variable,string,1990-01-01 00:00:00+00:00,"ns=3;s=""gtyp_HBW"".""Rack_History""[1,0].""History""[1].""ldt_ts""","Objects/Objects/DeviceSet/PLC/DataBlocksGlobal/gtyp_HBW/Rack_History/1,0/History/1"
HBW,i_code,Variable,int,0,"ns=3;s=""gtyp_HBW"".""Rack_History""[1,0].""History""[1].""i_code""","Objects/Objects/DeviceSet/PLC/DataBlocksGlobal/gtyp_HBW/Rack_History/1,0/History/1"
HBW,ldt_ts,Variable,string,1601-01-01 00:00:00+00:00,"ns=3;s=""gtyp_HBW"".""Rack_History""[1,0].""History""[10].""ldt_ts""","Objects/Objects/DeviceSet/PLC/DataBlocksGlobal/gtyp_HBW/Rack_History/1,0/History/10"
HBW,i_code,Variable,int,0,"ns=3;s=""gtyp_HBW"".""Rack_History""[1,0].""History""[10].""i_code""","Objects/Objects/DeviceSet/PLC/DataBlocksGlobal/gtyp_HBW/Rack_History/1,0/History/10"
HBW,ldt_ts,Variable,string,1601-01-01 00:00:00+00:00,"ns=3;s=""gtyp_HBW"".""Rack_History""[1,0].""History""[11].""ldt_ts""","Objects/Objects/DeviceSet/PLC/DataBlocksGlobal/gtyp_HBW/Rack_History/1,0/History/11"
HBW,i_code,Variable,int,0,"ns=3;s=""gtyp_HBW"".""Rack_History""[1,0].""History""[11].""i_code""","Objects/Objects/DeviceSet/PLC/DataBlocksGlobal/gtyp_HBW/Rack_History/1,0/History/11"
HBW,ldt_ts,Variable,string,1601-01-01 00:00:00+00:00,"ns=3;s=""gtyp_HBW"".""Rack_History""[1,0].""History""[12].""ldt_ts""","Objects/Objects/DeviceSet/PLC/DataBlocksGlobal/gtyp_HBW/Rack_History/1,0/History/12"
HBW,i_code,Variable,int,0,"ns=3;s=""gtyp_HBW"".""Rack_History""[1,0].""History""[12].""i_code""","Objects/Objects/DeviceSet/PLC/DataBlocksGlobal/gtyp_HBW/Rack_History/1,0/History/12"
HBW,ldt_ts,Variable,string,1601-01-01 00:00:00+00:00,"ns=3;s=""gtyp_HBW"".""Rack_History""[1,0].""History""[13].""ldt_ts""","Objects/Objects/DeviceSet/PLC/DataBlocksGlobal/gtyp_HBW/Rack_History/1,0/History/13"
HBW,i_code,Variable,int,0,"ns=3;s=""gtyp_HBW"".""Rack_History""[1,0].""History""[13].""i_code""","Objects/Objects/DeviceSet/PLC/DataBlocksGlobal/gtyp_HBW/Rack_History/1,0/History/13"
HBW,ldt_ts,Variable,string,1601-01-01 00:00:00+00:00,"ns=3;s=""gtyp_HBW"".""Rack_History""[1,0].""History""[14].""ldt_ts""","Objects/Objects/DeviceSet/PLC/DataBlocksGlobal/gtyp_HBW/Rack_History/1,0/History/14"
HBW,i_code,Variable,int,0,"ns=3;s=""gtyp_HBW"".""Rack_History""[1,0].""History""[14].""i_code""","Objects/Objects/DeviceSet/PLC/DataBlocksGlobal/gtyp_HBW/Rack_History/1,0/History/14"
HBW,ldt_ts,Variable,string,1601-01-01 00:00:00+00:00,"ns=3;s=""gtyp_HBW"".""Rack_History""[1,0].""History""[15].""ldt_ts""","Objects/Objects/DeviceSet/PLC/DataBlocksGlobal/gtyp_HBW/Rack_History/1,0/History/15"
HBW,i_code,Variable,int,0,"ns=3;s=""gtyp_HBW"".""Rack_History""[1,0].""History""[15].""i_code""","Objects/Objects/DeviceSet/PLC/DataBlocksGlobal/gtyp_HBW/Rack_History/1,0/History/15"
HBW,ldt_ts,Variable,string,1601-01-01 00:00:00+00:00,"ns=3;s=""gtyp_HBW"".""Rack_History""[1,0].""History""[16].""ldt_ts""","Objects/Objects/DeviceSet/PLC/DataBlocksGlobal/gtyp_HBW/Rack_History/1,0/History/16"
HBW,i_code,Variable,int,0,"ns=3;s=""gtyp_HBW"".""Rack_History""[1,0].""History""[16].""i_code""","Objects/Objects/DeviceSet/PLC/DataBlocksGlobal/gtyp_HBW/Rack_History/1,0/History/16"
HBW,ldt_ts,Variable,string,1601-01-01 00:00:00+00:00,"ns=3;s=""gtyp_HBW"".""Rack_History""[1,0].""History""[17].""ldt_ts""","Objects/Objects/DeviceSet/PLC/DataBlocksGlobal/gtyp_HBW/Rack_History/1,0/History/17"
HBW,i_code,Variable,int,0,"ns=3;s=""gtyp_HBW"".""Rack_History""[1,0].""History""[17].""i_code""","Objects/Objects/DeviceSet/PLC/DataBlocksGlobal/gtyp_HBW/Rack_History/1,0/History/17"
HBW,ldt_ts,Variable,string,1601-01-01 00:00:00+00:00,"ns=3;s=""gtyp_HBW"".""Rack_History""[1,0].""History""[18].""ldt_ts""","Objects/Objects/DeviceSet/PLC/DataBlocksGlobal/gtyp_HBW/Rack_History/1,0/History/18"
HBW,i_code,Variable,int,0,"ns=3;s=""gtyp_HBW"".""Rack_History""[1,0].""History""[18].""i_code""","Objects/Objects/DeviceSet/PLC/DataBlocksGlobal/gtyp_HBW/Rack_History/1,0/History/18"
HBW,ldt_ts,Variable,string,1601-01-01 00:00:00+00:00,"ns=3;s=""gtyp_HBW"".""Rack_History""[1,0].""History""[19].""ldt_ts""","Objects/Objects/DeviceSet/PLC/DataBlocksGlobal/gtyp_HBW/Rack_History/1,0/History/19"
HBW,i_code,Variable,int,0,"ns=3;s=""gtyp_HBW"".""Rack_History""[1,0].""History""[19].""i_code""","Objects/Objects/DeviceSet/PLC/DataBlocksGlobal/gtyp_HBW/Rack_History/1,0/History/19"
HBW,ldt_ts,Variable,string,1990-01-01 00:00:00+00:00,"ns=3;s=""gtyp_HBW"".""Rack_History""[1,0].""History""[2].""ldt_ts""","Objects/Objects/DeviceSet/PLC/DataBlocksGlobal/gtyp_HBW/Rack_History/1,0/History/2"
HBW,i_code,Variable,int,0,"ns=3;s=""gtyp_HBW"".""Rack_History""[1,0].""History""[2].""i_code""","Objects/Objects/DeviceSet/PLC/DataBlocksGlobal/gtyp_HBW/Rack_History/1,0/History/2"
HBW,ldt_ts,Variable,string,1990-01-01 00:00:00+00:00,"ns=3;s=""gtyp_HBW"".""Rack_History""[1,0].""History""[3].""ldt_ts""","Objects/Objects/DeviceSet/PLC/DataBlocksGlobal/gtyp_HBW/Rack_History/1,0/History/3"
HBW,i_code,Variable,int,0,"ns=3;s=""gtyp_HBW"".""Rack_History""[1,0].""History""[3].""i_code""","Objects/Objects/DeviceSet/PLC/DataBlocksGlobal/gtyp_HBW/Rack_History/1,0/History/3"
HBW,ldt_ts,Variable,string,1990-01-01 00:00:00+00:00,"ns=3;s=""gtyp_HBW"".""Rack_History""[1,0].""History""[4].""ldt_ts""","Objects/Objects/DeviceSet/PLC/DataBlocksGlobal/gtyp_HBW/Rack_History/1,0/History/4"
HBW,i_code,Variable,int,0,"ns=3;s=""gtyp_HBW"".""Rack_History""[1,0].""History""[4].""i_code""","Objects/Objects/DeviceSet/PLC/DataBlocksGlobal/gtyp_HBW/Rack_History/1,0/History/4"
HBW,ldt_ts,Variable,string,1990-01-01 00:00:00+00:00,"ns=3;s=""gtyp_HBW"".""Rack_History""[1,0].""History""[5].""ldt_ts""","Objects/Objects/DeviceSet/PLC/DataBlocksGlobal/gtyp_HBW/Rack_History/1,0/History/5"
HBW,i_code,Variable,int,0,"ns=3;s=""gtyp_HBW"".""Rack_History""[1,0].""History""[5].""i_code""","Objects/Objects/DeviceSet/PLC/DataBlocksGlobal/gtyp_HBW/Rack_History/1,0/History/5"
HBW,ldt_ts,Variable,string,1990-01-01 00:00:00+00:00,"ns=3;s=""gtyp_HBW"".""Rack_History""[1,0].""History""[6].""ldt_ts""","Objects/Objects/DeviceSet/PLC/DataBlocksGlobal/gtyp_HBW/Rack_History/1,0/History/6"
HBW,i_code,Variable,int,0,"ns=3;s=""gtyp_HBW"".""Rack_History""[1,0].""History""[6].""i_code""","Objects/Objects/DeviceSet/PLC/DataBlocksGlobal/gtyp_HBW/Rack_History/1,0/History/6"
HBW,ldt_ts,Variable,string,1990-01-01 00:00:00+00:00,"ns=3;s=""gtyp_HBW"".""Rack_History""[1,0].""History""[7].""ldt_ts""","Objects/Objects/DeviceSet/PLC/DataBlocksGlobal/gtyp_HBW/Rack_History/1,0/History/7"
HBW,i_code,Variable,int,0,"ns=3;s=""gtyp_HBW"".""Rack_History""[1,0].""History""[7].""i_code""","Objects/Objects/DeviceSet/PLC/DataBlocksGlobal/gtyp_HBW/Rack_History/1,0/History/7"
HBW,ldt_ts,Variable,string,1601-01-01 00:00:00+00:00,"ns=3;s=""gtyp_HBW"".""Rack_History""[1,0].""History""[8].""ldt_ts""","Objects/Objects/DeviceSet/PLC/DataBlocksGlobal/gtyp_HBW/Rack_History/1,0/History/8"
HBW,i_code,Variable,int,0,"ns=3;s=""gtyp_HBW"".""Rack_History""[1,0].""History""[8].""i_code""","Objects/Objects/DeviceSet/PLC/DataBlocksGlobal/gtyp_HBW/Rack_History/1,0/History/8"
HBW,ldt_ts,Variable,string,1601-01-01 00:00:00+00:00,"ns=3;s=""gtyp_HBW"".""Rack_History""[1,0].""History""[9].""ldt_ts""","Objects/Objects/DeviceSet/PLC/DataBlocksGlobal/gtyp_HBW/Rack_History/1,0/History/9"
HBW,i_code,Variable,int,0,"ns=3;s=""gtyp_HBW"".""Rack_History""[1,0].""History""[9].""i_code""","Objects/Objects/DeviceSet/PLC/DataBlocksGlobal/gtyp_HBW/Rack_History/1,0/History/9"
HBW,History,Variable,string,"[ExtensionObject(TypeId=NodeId(Identifier='TE_""typ_History""', NamespaceIndex=3, NodeIdType=<NodeIdType.String: 3>), B...","ns=3;s=""gtyp_HBW"".""Rack_History""[1,1].""History""","Objects/Objects/DeviceSet/PLC/DataBlocksGlobal/gtyp_HBW/Rack_History/1,1"
HBW,0,Variable,string,"ExtensionObject(TypeId=NodeId(Identifier='TE_""typ_History""', NamespaceIndex=3, NodeIdType=<NodeIdType.String: 3>), Bo...","ns=3;s=""gtyp_HBW"".""Rack_History""[1,1].""History""[0]","Objects/Objects/DeviceSet/PLC/DataBlocksGlobal/gtyp_HBW/Rack_History/1,1/History"
HBW,1,Variable,string,"ExtensionObject(TypeId=NodeId(Identifier='TE_""typ_History""', NamespaceIndex=3, NodeIdType=<NodeIdType.String: 3>), Bo...","ns=3;s=""gtyp_HBW"".""Rack_History""[1,1].""History""[1]","Objects/Objects/DeviceSet/PLC/DataBlocksGlobal/gtyp_HBW/Rack_History/1,1/History"
HBW,2,Variable,string,"ExtensionObject(TypeId=NodeId(Identifier='TE_""typ_History""', NamespaceIndex=3, NodeIdType=<NodeIdType.String: 3>), Bo...","ns=3;s=""gtyp_HBW"".""Rack_History""[1,1].""History""[2]","Objects/Objects/DeviceSet/PLC/DataBlocksGlobal/gtyp_HBW/Rack_History/1,1/History"
HBW,3,Variable,string,"ExtensionObject(TypeId=NodeId(Identifier='TE_""typ_History""', NamespaceIndex=3, NodeIdType=<NodeIdType.String: 3>), Bo...","ns=3;s=""gtyp_HBW"".""Rack_History""[1,1].""History""[3]","Objects/Objects/DeviceSet/PLC/DataBlocksGlobal/gtyp_HBW/Rack_History/1,1/History"
HBW,4,Variable,string,"ExtensionObject(TypeId=NodeId(Identifier='TE_""typ_History""', NamespaceIndex=3, NodeIdType=<NodeIdType.String: 3>), Bo...","ns=3;s=""gtyp_HBW"".""Rack_History""[1,1].""History""[4]","Objects/Objects/DeviceSet/PLC/DataBlocksGlobal/gtyp_HBW/Rack_History/1,1/History"
HBW,5,Variable,string,"ExtensionObject(TypeId=NodeId(Identifier='TE_""typ_History""', NamespaceIndex=3, NodeIdType=<NodeIdType.String: 3>), Bo...","ns=3;s=""gtyp_HBW"".""Rack_History""[1,1].""History""[5]","Objects/Objects/DeviceSet/PLC/DataBlocksGlobal/gtyp_HBW/Rack_History/1,1/History"
HBW,6,Variable,string,"ExtensionObject(TypeId=NodeId(Identifier='TE_""typ_History""', NamespaceIndex=3, NodeIdType=<NodeIdType.String: 3>), Bo...","ns=3;s=""gtyp_HBW"".""Rack_History""[1,1].""History""[6]","Objects/Objects/DeviceSet/PLC/DataBlocksGlobal/gtyp_HBW/Rack_History/1,1/History"
HBW,7,Variable,string,"ExtensionObject(TypeId=NodeId(Identifier='TE_""typ_History""', NamespaceIndex=3, NodeIdType=<NodeIdType.String: 3>), Bo...","ns=3;s=""gtyp_HBW"".""Rack_History""[1,1].""History""[7]","Objects/Objects/DeviceSet/PLC/DataBlocksGlobal/gtyp_HBW/Rack_History/1,1/History"
HBW,8,Variable,string,"ExtensionObject(TypeId=NodeId(Identifier='TE_""typ_History""', NamespaceIndex=3, NodeIdType=<NodeIdType.String: 3>), Bo...","ns=3;s=""gtyp_HBW"".""Rack_History""[1,1].""History""[8]","Objects/Objects/DeviceSet/PLC/DataBlocksGlobal/gtyp_HBW/Rack_History/1,1/History"
HBW,9,Variable,string,"ExtensionObject(TypeId=NodeId(Identifier='TE_""typ_History""', NamespaceIndex=3, NodeIdType=<NodeIdType.String: 3>), Bo...","ns=3;s=""gtyp_HBW"".""Rack_History""[1,1].""History""[9]","Objects/Objects/DeviceSet/PLC/DataBlocksGlobal/gtyp_HBW/Rack_History/1,1/History"
HBW,10,Variable,string,"ExtensionObject(TypeId=NodeId(Identifier='TE_""typ_History""', NamespaceIndex=3, NodeIdType=<NodeIdType.String: 3>), Bo...","ns=3;s=""gtyp_HBW"".""Rack_History""[1,1].""History""[10]","Objects/Objects/DeviceSet/PLC/DataBlocksGlobal/gtyp_HBW/Rack_History/1,1/History"
HBW,11,Variable,string,"ExtensionObject(TypeId=NodeId(Identifier='TE_""typ_History""', NamespaceIndex=3, NodeIdType=<NodeIdType.String: 3>), Bo...","ns=3;s=""gtyp_HBW"".""Rack_History""[1,1].""History""[11]","Objects/Objects/DeviceSet/PLC/DataBlocksGlobal/gtyp_HBW/Rack_History/1,1/History"
HBW,12,Variable,string,"ExtensionObject(TypeId=NodeId(Identifier='TE_""typ_History""', NamespaceIndex=3, NodeIdType=<NodeIdType.String: 3>), Bo...","ns=3;s=""gtyp_HBW"".""Rack_History""[1,1].""History""[12]","Objects/Objects/DeviceSet/PLC/DataBlocksGlobal/gtyp_HBW/Rack_History/1,1/History"
HBW,13,Variable,string,"ExtensionObject(TypeId=NodeId(Identifier='TE_""typ_History""', NamespaceIndex=3, NodeIdType=<NodeIdType.String: 3>), Bo...","ns=3;s=""gtyp_HBW"".""Rack_History""[1,1].""History""[13]","Objects/Objects/DeviceSet/PLC/DataBlocksGlobal/gtyp_HBW/Rack_History/1,1/History"
HBW,14,Variable,string,"ExtensionObject(TypeId=NodeId(Identifier='TE_""typ_History""', NamespaceIndex=3, NodeIdType=<NodeIdType.String: 3>), Bo...","ns=3;s=""gtyp_HBW"".""Rack_History""[1,1].""History""[14]","Objects/Objects/DeviceSet/PLC/DataBlocksGlobal/gtyp_HBW/Rack_History/1,1/History"
HBW,15,Variable,string,"ExtensionObject(TypeId=NodeId(Identifier='TE_""typ_History""', NamespaceIndex=3, NodeIdType=<NodeIdType.String: 3>), Bo...","ns=3;s=""gtyp_HBW"".""Rack_History""[1,1].""History""[15]","Objects/Objects/DeviceSet/PLC/DataBlocksGlobal/gtyp_HBW/Rack_History/1,1/History"
HBW,16,Variable,string,"ExtensionObject(TypeId=NodeId(Identifier='TE_""typ_History""', NamespaceIndex=3, NodeIdType=<NodeIdType.String: 3>), Bo...","ns=3;s=""gtyp_HBW"".""Rack_History""[1,1].""History""[16]","Objects/Objects/DeviceSet/PLC/DataBlocksGlobal/gtyp_HBW/Rack_History/1,1/History"
HBW,17,Variable,string,"ExtensionObject(TypeId=NodeId(Identifier='TE_""typ_History""', NamespaceIndex=3, NodeIdType=<NodeIdType.String: 3>), Bo...","ns=3;s=""gtyp_HBW"".""Rack_History""[1,1].""History""[17]","Objects/Objects/DeviceSet/PLC/DataBlocksGlobal/gtyp_HBW/Rack_History/1,1/History"
HBW,18,Variable,string,"ExtensionObject(TypeId=NodeId(Identifier='TE_""typ_History""', NamespaceIndex=3, NodeIdType=<NodeIdType.String: 3>), Bo...","ns=3;s=""gtyp_HBW"".""Rack_History""[1,1].""History""[18]","Objects/Objects/DeviceSet/PLC/DataBlocksGlobal/gtyp_HBW/Rack_History/1,1/History"
HBW,19,Variable,string,"ExtensionObject(TypeId=NodeId(Identifier='TE_""typ_History""', NamespaceIndex=3, NodeIdType=<NodeIdType.String: 3>), Bo...","ns=3;s=""gtyp_HBW"".""Rack_History""[1,1].""History""[19]","Objects/Objects/DeviceSet/PLC/DataBlocksGlobal/gtyp_HBW/Rack_History/1,1/History"
HBW,ldt_ts,Variable,string,1990-01-01 00:00:00+00:00,"ns=3;s=""gtyp_HBW"".""Rack_History""[1,1].""History""[0].""ldt_ts""","Objects/Objects/DeviceSet/PLC/DataBlocksGlobal/gtyp_HBW/Rack_History/1,1/History/0"
HBW,i_code,Variable,int,0,"ns=3;s=""gtyp_HBW"".""Rack_History""[1,1].""History""[0].""i_code""","Objects/Objects/DeviceSet/PLC/DataBlocksGlobal/gtyp_HBW/Rack_History/1,1/History/0"
HBW,ldt_ts,Variable,string,1990-01-01 00:00:00+00:00,"ns=3;s=""gtyp_HBW"".""Rack_History""[1,1].""History""[1].""ldt_ts""","Objects/Objects/DeviceSet/PLC/DataBlocksGlobal/gtyp_HBW/Rack_History/1,1/History/1"
HBW,i_code,Variable,int,0,"ns=3;s=""gtyp_HBW"".""Rack_History""[1,1].""History""[1].""i_code""","Objects/Objects/DeviceSet/PLC/DataBlocksGlobal/gtyp_HBW/Rack_History/1,1/History/1"
HBW,ldt_ts,Variable,string,1601-01-01 00:00:00+00:00,"ns=3;s=""gtyp_HBW"".""Rack_History""[1,1].""History""[10].""ldt_ts""","Objects/Objects/DeviceSet/PLC/DataBlocksGlobal/gtyp_HBW/Rack_History/1,1/History/10"
HBW,i_code,Variable,int,0,"ns=3;s=""gtyp_HBW"".""Rack_History""[1,1].""History""[10].""i_code""","Objects/Objects/DeviceSet/PLC/DataBlocksGlobal/gtyp_HBW/Rack_History/1,1/History/10"
HBW,ldt_ts,Variable,string,1601-01-01 00:00:00+00:00,"ns=3;s=""gtyp_HBW"".""Rack_History""[1,1].""History""[11].""ldt_ts""","Objects/Objects/DeviceSet/PLC/DataBlocksGlobal/gtyp_HBW/Rack_History/1,1/History/11"
HBW,i_code,Variable,int,0,"ns=3;s=""gtyp_HBW"".""Rack_History""[1,1].""History""[11].""i_code""","Objects/Objects/DeviceSet/PLC/DataBlocksGlobal/gtyp_HBW/Rack_History/1,1/History/11"
HBW,ldt_ts,Variable,string,1601-01-01 00:00:00+00:00,"ns=3;s=""gtyp_HBW"".""Rack_History""[1,1].""History""[12].""ldt_ts""","Objects/Objects/DeviceSet/PLC/DataBlocksGlobal/gtyp_HBW/Rack_History/1,1/History/12"
HBW,i_code,Variable,int,0,"ns=3;s=""gtyp_HBW"".""Rack_History""[1,1].""History""[12].""i_code""","Objects/Objects/DeviceSet/PLC/DataBlocksGlobal/gtyp_HBW/Rack_History/1,1/History/12"
HBW,ldt_ts,Variable,string,1601-01-01 00:00:00+00:00,"ns=3;s=""gtyp_HBW"".""Rack_History""[1,1].""History""[13].""ldt_ts""","Objects/Objects/DeviceSet/PLC/DataBlocksGlobal/gtyp_HBW/Rack_History/1,1/History/13"
HBW,i_code,Variable,int,0,"ns=3;s=""gtyp_HBW"".""Rack_History""[1,1].""History""[13].""i_code""","Objects/Objects/DeviceSet/PLC/DataBlocksGlobal/gtyp_HBW/Rack_History/1,1/History/13"
HBW,ldt_ts,Variable,string,1601-01-01 00:00:00+00:00,"ns=3;s=""gtyp_HBW"".""Rack_History""[1,1].""History""[14].""ldt_ts""","Objects/Objects/DeviceSet/PLC/DataBlocksGlobal/gtyp_HBW/Rack_History/1,1/History/14"
HBW,i_code,Variable,int,0,"ns=3;s=""gtyp_HBW"".""Rack_History""[1,1].""History""[14].""i_code""","Objects/Objects/DeviceSet/PLC/DataBlocksGlobal/gtyp_HBW/Rack_History/1,1/History/14"
HBW,ldt_ts,Variable,string,1601-01-01 00:00:00+00:00,"ns=3;s=""gtyp_HBW"".""Rack_History""[1,1].""History""[15].""ldt_ts""","Objects/Objects/DeviceSet/PLC/DataBlocksGlobal/gtyp_HBW/Rack_History/1,1/History/15"
HBW,i_code,Variable,int,0,"ns=3;s=""gtyp_HBW"".""Rack_History""[1,1].""History""[15].""i_code""","Objects/Objects/DeviceSet/PLC/DataBlocksGlobal/gtyp_HBW/Rack_History/1,1/History/15"
HBW,ldt_ts,Variable,string,1601-01-01 00:00:00+00:00,"ns=3;s=""gtyp_HBW"".""Rack_History""[1,1].""History""[16].""ldt_ts""","Objects/Objects/DeviceSet/PLC/DataBlocksGlobal/gtyp_HBW/Rack_History/1,1/History/16"
HBW,i_code,Variable,int,0,"ns=3;s=""gtyp_HBW"".""Rack_History""[1,1].""History""[16].""i_code""","Objects/Objects/DeviceSet/PLC/DataBlocksGlobal/gtyp_HBW/Rack_History/1,1/History/16"
HBW,ldt_ts,Variable,string,1601-01-01 00:00:00+00:00,"ns=3;s=""gtyp_HBW"".""Rack_History""[1,1].""History""[17].""ldt_ts""","Objects/Objects/DeviceSet/PLC/DataBlocksGlobal/gtyp_HBW/Rack_History/1,1/History/17"
HBW,i_code,Variable,int,0,"ns=3;s=""gtyp_HBW"".""Rack_History""[1,1].""History""[17].""i_code""","Objects/Objects/DeviceSet/PLC/DataBlocksGlobal/gtyp_HBW/Rack_History/1,1/History/17"
HBW,ldt_ts,Variable,string,1601-01-01 00:00:00+00:00,"ns=3;s=""gtyp_HBW"".""Rack_History""[1,1].""History""[18].""ldt_ts""","Objects/Objects/DeviceSet/PLC/DataBlocksGlobal/gtyp_HBW/Rack_History/1,1/History/18"
HBW,i_code,Variable,int,0,"ns=3;s=""gtyp_HBW"".""Rack_History""[1,1].""History""[18].""i_code""","Objects/Objects/DeviceSet/PLC/DataBlocksGlobal/gtyp_HBW/Rack_History/1,1/History/18"
HBW,ldt_ts,Variable,string,1601-01-01 00:00:00+00:00,"ns=3;s=""gtyp_HBW"".""Rack_History""[1,1].""History""[19].""ldt_ts""","Objects/Objects/DeviceSet/PLC/DataBlocksGlobal/gtyp_HBW/Rack_History/1,1/History/19"
HBW,i_code,Variable,int,0,"ns=3;s=""gtyp_HBW"".""Rack_History""[1,1].""History""[19].""i_code""","Objects/Objects/DeviceSet/PLC/DataBlocksGlobal/gtyp_HBW/Rack_History/1,1/History/19"
HBW,ldt_ts,Variable,string,1990-01-01 00:00:00+00:00,"ns=3;s=""gtyp_HBW"".""Rack_History""[1,1].""History""[2].""ldt_ts""","Objects/Objects/DeviceSet/PLC/DataBlocksGlobal/gtyp_HBW/Rack_History/1,1/History/2"
HBW,i_code,Variable,int,0,"ns=3;s=""gtyp_HBW"".""Rack_History""[1,1].""History""[2].""i_code""","Objects/Objects/DeviceSet/PLC/DataBlocksGlobal/gtyp_HBW/Rack_History/1,1/History/2"
HBW,ldt_ts,Variable,string,1990-01-01 00:00:00+00:00,"ns=3;s=""gtyp_HBW"".""Rack_History""[1,1].""History""[3].""ldt_ts""","Objects/Objects/DeviceSet/PLC/DataBlocksGlobal/gtyp_HBW/Rack_History/1,1/History/3"
HBW,i_code,Variable,int,0,"ns=3;s=""gtyp_HBW"".""Rack_History""[1,1].""History""[3].""i_code""","Objects/Objects/DeviceSet/PLC/DataBlocksGlobal/gtyp_HBW/Rack_History/1,1/History/3"
HBW,ldt_ts,Variable,string,1990-01-01 00:00:00+00:00,"ns=3;s=""gtyp_HBW"".""Rack_History""[1,1].""History""[4].""ldt_ts""","Objects/Objects/DeviceSet/PLC/DataBlocksGlobal/gtyp_HBW/Rack_History/1,1/History/4"
HBW,i_code,Variable,int,0,"ns=3;s=""gtyp_HBW"".""Rack_History""[1,1].""History""[4].""i_code""","Objects/Objects/DeviceSet/PLC/DataBlocksGlobal/gtyp_HBW/Rack_History/1,1/History/4"
HBW,ldt_ts,Variable,string,1990-01-01 00:00:00+00:00,"ns=3;s=""gtyp_HBW"".""Rack_History""[1,1].""History""[5].""ldt_ts""","Objects/Objects/DeviceSet/PLC/DataBlocksGlobal/gtyp_HBW/Rack_History/1,1/History/5"
HBW,i_code,Variable,int,0,"ns=3;s=""gtyp_HBW"".""Rack_History""[1,1].""History""[5].""i_code""","Objects/Objects/DeviceSet/PLC/DataBlocksGlobal/gtyp_HBW/Rack_History/1,1/History/5"
HBW,ldt_ts,Variable,string,1990-01-01 00:00:00+00:00,"ns=3;s=""gtyp_HBW"".""Rack_History""[1,1].""History""[6].""ldt_ts""","Objects/Objects/DeviceSet/PLC/DataBlocksGlobal/gtyp_HBW/Rack_History/1,1/History/6"
HBW,i_code,Variable,int,0,"ns=3;s=""gtyp_HBW"".""Rack_History""[1,1].""History""[6].""i_code""","Objects/Objects/DeviceSet/PLC/DataBlocksGlobal/gtyp_HBW/Rack_History/1,1/History/6"
HBW,ldt_ts,Variable,string,1990-01-01 00:00:00+00:00,"ns=3;s=""gtyp_HBW"".""Rack_History""[1,1].""History""[7].""ldt_ts""","Objects/Objects/DeviceSet/PLC/DataBlocksGlobal/gtyp_HBW/Rack_History/1,1/History/7"
HBW,i_code,Variable,int,0,"ns=3;s=""gtyp_HBW"".""Rack_History""[1,1].""History""[7].""i_code""","Objects/Objects/DeviceSet/PLC/DataBlocksGlobal/gtyp_HBW/Rack_History/1,1/History/7"
HBW,ldt_ts,Variable,string,1601-01-01 00:00:00+00:00,"ns=3;s=""gtyp_HBW"".""Rack_History""[1,1].""History""[8].""ldt_ts""","Objects/Objects/DeviceSet/PLC/DataBlocksGlobal/gtyp_HBW/Rack_History/1,1/History/8"
HBW,i_code,Variable,int,0,"ns=3;s=""gtyp_HBW"".""Rack_History""[1,1].""History""[8].""i_code""","Objects/Objects/DeviceSet/PLC/DataBlocksGlobal/gtyp_HBW/Rack_History/1,1/History/8"
HBW,ldt_ts,Variable,string,1601-01-01 00:00:00+00:00,"ns=3;s=""gtyp_HBW"".""Rack_History""[1,1].""History""[9].""ldt_ts""","Objects/Objects/DeviceSet/PLC/DataBlocksGlobal/gtyp_HBW/Rack_History/1,1/History/9"
HBW,i_code,Variable,int,0,"ns=3;s=""gtyp_HBW"".""Rack_History""[1,1].""History""[9].""i_code""","Objects/Objects/DeviceSet/PLC/DataBlocksGlobal/gtyp_HBW/Rack_History/1,1/History/9"
HBW,History,Variable,string,"[ExtensionObject(TypeId=NodeId(Identifier='TE_""typ_History""', NamespaceIndex=3, NodeIdType=<NodeIdType.String: 3>), B...","ns=3;s=""gtyp_HBW"".""Rack_History""[1,2].""History""","Objects/Objects/DeviceSet/PLC/DataBlocksGlobal/gtyp_HBW/Rack_History/1,2"
HBW,0,Variable,string,"ExtensionObject(TypeId=NodeId(Identifier='TE_""typ_History""', NamespaceIndex=3, NodeIdType=<NodeIdType.String: 3>), Bo...","ns=3;s=""gtyp_HBW"".""Rack_History""[1,2].""History""[0]","Objects/Objects/DeviceSet/PLC/DataBlocksGlobal/gtyp_HBW/Rack_History/1,2/History"
HBW,1,Variable,string,"ExtensionObject(TypeId=NodeId(Identifier='TE_""typ_History""', NamespaceIndex=3, NodeIdType=<NodeIdType.String: 3>), Bo...","ns=3;s=""gtyp_HBW"".""Rack_History""[1,2].""History""[1]","Objects/Objects/DeviceSet/PLC/DataBlocksGlobal/gtyp_HBW/Rack_History/1,2/History"
HBW,2,Variable,string,"ExtensionObject(TypeId=NodeId(Identifier='TE_""typ_History""', NamespaceIndex=3, NodeIdType=<NodeIdType.String: 3>), Bo...","ns=3;s=""gtyp_HBW"".""Rack_History""[1,2].""History""[2]","Objects/Objects/DeviceSet/PLC/DataBlocksGlobal/gtyp_HBW/Rack_History/1,2/History"
HBW,3,Variable,string,"ExtensionObject(TypeId=NodeId(Identifier='TE_""typ_History""', NamespaceIndex=3, NodeIdType=<NodeIdType.String: 3>), Bo...","ns=3;s=""gtyp_HBW"".""Rack_History""[1,2].""History""[3]","Objects/Objects/DeviceSet/PLC/DataBlocksGlobal/gtyp_HBW/Rack_History/1,2/History"
HBW,4,Variable,string,"ExtensionObject(TypeId=NodeId(Identifier='TE_""typ_History""', NamespaceIndex=3, NodeIdType=<NodeIdType.String: 3>), Bo...","ns=3;s=""gtyp_HBW"".""Rack_History""[1,2].""History""[4]","Objects/Objects/DeviceSet/PLC/DataBlocksGlobal/gtyp_HBW/Rack_History/1,2/History"
HBW,5,Variable,string,"ExtensionObject(TypeId=NodeId(Identifier='TE_""typ_History""', NamespaceIndex=3, NodeIdType=<NodeIdType.String: 3>), Bo...","ns=3;s=""gtyp_HBW"".""Rack_History""[1,2].""History""[5]","Objects/Objects/DeviceSet/PLC/DataBlocksGlobal/gtyp_HBW/Rack_History/1,2/History"
HBW,6,Variable,string,"ExtensionObject(TypeId=NodeId(Identifier='TE_""typ_History""', NamespaceIndex=3, NodeIdType=<NodeIdType.String: 3>), Bo...","ns=3;s=""gtyp_HBW"".""Rack_History""[1,2].""History""[6]","Objects/Objects/DeviceSet/PLC/DataBlocksGlobal/gtyp_HBW/Rack_History/1,2/History"
HBW,7,Variable,string,"ExtensionObject(TypeId=NodeId(Identifier='TE_""typ_History""', NamespaceIndex=3, NodeIdType=<NodeIdType.String: 3>), Bo...","ns=3;s=""gtyp_HBW"".""Rack_History""[1,2].""History""[7]","Objects/Objects/DeviceSet/PLC/DataBlocksGlobal/gtyp_HBW/Rack_History/1,2/History"
HBW,8,Variable,string,"ExtensionObject(TypeId=NodeId(Identifier='TE_""typ_History""', NamespaceIndex=3, NodeIdType=<NodeIdType.String: 3>), Bo...","ns=3;s=""gtyp_HBW"".""Rack_History""[1,2].""History""[8]","Objects/Objects/DeviceSet/PLC/DataBlocksGlobal/gtyp_HBW/Rack_History/1,2/History"
HBW,9,Variable,string,"ExtensionObject(TypeId=NodeId(Identifier='TE_""typ_History""', NamespaceIndex=3, NodeIdType=<NodeIdType.String: 3>), Bo...","ns=3;s=""gtyp_HBW"".""Rack_History""[1,2].""History""[9]","Objects/Objects/DeviceSet/PLC/DataBlocksGlobal/gtyp_HBW/Rack_History/1,2/History"
HBW,10,Variable,string,"ExtensionObject(TypeId=NodeId(Identifier='TE_""typ_History""', NamespaceIndex=3, NodeIdType=<NodeIdType.String: 3>), Bo...","ns=3;s=""gtyp_HBW"".""Rack_History""[1,2].""History""[10]","Objects/Objects/DeviceSet/PLC/DataBlocksGlobal/gtyp_HBW/Rack_History/1,2/History"
HBW,11,Variable,string,"ExtensionObject(TypeId=NodeId(Identifier='TE_""typ_History""', NamespaceIndex=3, NodeIdType=<NodeIdType.String: 3>), Bo...","ns=3;s=""gtyp_HBW"".""Rack_History""[1,2].""History""[11]","Objects/Objects/DeviceSet/PLC/DataBlocksGlobal/gtyp_HBW/Rack_History/1,2/History"
HBW,12,Variable,string,"ExtensionObject(TypeId=NodeId(Identifier='TE_""typ_History""', NamespaceIndex=3, NodeIdType=<NodeIdType.String: 3>), Bo...","ns=3;s=""gtyp_HBW"".""Rack_History""[1,2].""History""[12]","Objects/Objects/DeviceSet/PLC/DataBlocksGlobal/gtyp_HBW/Rack_History/1,2/History"
HBW,13,Variable,string,"ExtensionObject(TypeId=NodeId(Identifier='TE_""typ_History""', NamespaceIndex=3, NodeIdType=<NodeIdType.String: 3>), Bo...","ns=3;s=""gtyp_HBW"".""Rack_History""[1,2].""History""[13]","Objects/Objects/DeviceSet/PLC/DataBlocksGlobal/gtyp_HBW/Rack_History/1,2/History"
HBW,14,Variable,string,"ExtensionObject(TypeId=NodeId(Identifier='TE_""typ_History""', NamespaceIndex=3, NodeIdType=<NodeIdType.String: 3>), Bo...","ns=3;s=""gtyp_HBW"".""Rack_History""[1,2].""History""[14]","Objects/Objects/DeviceSet/PLC/DataBlocksGlobal/gtyp_HBW/Rack_History/1,2/History"
HBW,15,Variable,string,"ExtensionObject(TypeId=NodeId(Identifier='TE_""typ_History""', NamespaceIndex=3, NodeIdType=<NodeIdType.String: 3>), Bo...","ns=3;s=""gtyp_HBW"".""Rack_History""[1,2].""History""[15]","Objects/Objects/DeviceSet/PLC/DataBlocksGlobal/gtyp_HBW/Rack_History/1,2/History"
HBW,16,Variable,string,"ExtensionObject(TypeId=NodeId(Identifier='TE_""typ_History""', NamespaceIndex=3, NodeIdType=<NodeIdType.String: 3>), Bo...","ns=3;s=""gtyp_HBW"".""Rack_History""[1,2].""History""[16]","Objects/Objects/DeviceSet/PLC/DataBlocksGlobal/gtyp_HBW/Rack_History/1,2/History"
HBW,17,Variable,string,"ExtensionObject(TypeId=NodeId(Identifier='TE_""typ_History""', NamespaceIndex=3, NodeIdType=<NodeIdType.String: 3>), Bo...","ns=3;s=""gtyp_HBW"".""Rack_History""[1,2].""History""[17]","Objects/Objects/DeviceSet/PLC/DataBlocksGlobal/gtyp_HBW/Rack_History/1,2/History"
HBW,18,Variable,string,"ExtensionObject(TypeId=NodeId(Identifier='TE_""typ_History""', NamespaceIndex=3, NodeIdType=<NodeIdType.String: 3>), Bo...","ns=3;s=""gtyp_HBW"".""Rack_History""[1,2].""History""[18]","Objects/Objects/DeviceSet/PLC/DataBlocksGlobal/gtyp_HBW/Rack_History/1,2/History"
HBW,19,Variable,string,"ExtensionObject(TypeId=NodeId(Identifier='TE_""typ_History""', NamespaceIndex=3, NodeIdType=<NodeIdType.String: 3>), Bo...","ns=3;s=""gtyp_HBW"".""Rack_History""[1,2].""History""[19]","Objects/Objects/DeviceSet/PLC/DataBlocksGlobal/gtyp_HBW/Rack_History/1,2/History"
HBW,ldt_ts,Variable,string,1990-01-01 00:00:00+00:00,"ns=3;s=""gtyp_HBW"".""Rack_History""[1,2].""History""[0].""ldt_ts""","Objects/Objects/DeviceSet/PLC/DataBlocksGlobal/gtyp_HBW/Rack_History/1,2/History/0"
HBW,i_code,Variable,int,0,"ns=3;s=""gtyp_HBW"".""Rack_History""[1,2].""History""[0].""i_code""","Objects/Objects/DeviceSet/PLC/DataBlocksGlobal/gtyp_HBW/Rack_History/1,2/History/0"
HBW,ldt_ts,Variable,string,1990-01-01 00:00:00+00:00,"ns=3;s=""gtyp_HBW"".""Rack_History""[1,2].""History""[1].""ldt_ts""","Objects/Objects/DeviceSet/PLC/DataBlocksGlobal/gtyp_HBW/Rack_History/1,2/History/1"
HBW,i_code,Variable,int,0,"ns=3;s=""gtyp_HBW"".""Rack_History""[1,2].""History""[1].""i_code""","Objects/Objects/DeviceSet/PLC/DataBlocksGlobal/gtyp_HBW/Rack_History/1,2/History/1"
HBW,ldt_ts,Variable,string,1601-01-01 00:00:00+00:00,"ns=3;s=""gtyp_HBW"".""Rack_History""[1,2].""History""[10].""ldt_ts""","Objects/Objects/DeviceSet/PLC/DataBlocksGlobal/gtyp_HBW/Rack_History/1,2/History/10"
HBW,i_code,Variable,int,0,"ns=3;s=""gtyp_HBW"".""Rack_History""[1,2].""History""[10].""i_code""","Objects/Objects/DeviceSet/PLC/DataBlocksGlobal/gtyp_HBW/Rack_History/1,2/History/10"
HBW,ldt_ts,Variable,string,1601-01-01 00:00:00+00:00,"ns=3;s=""gtyp_HBW"".""Rack_History""[1,2].""History""[11].""ldt_ts""","Objects/Objects/DeviceSet/PLC/DataBlocksGlobal/gtyp_HBW/Rack_History/1,2/History/11"
HBW,i_code,Variable,int,0,"ns=3;s=""gtyp_HBW"".""Rack_History""[1,2].""History""[11].""i_code""","Objects/Objects/DeviceSet/PLC/DataBlocksGlobal/gtyp_HBW/Rack_History/1,2/History/11"
HBW,ldt_ts,Variable,string,1601-01-01 00:00:00+00:00,"ns=3;s=""gtyp_HBW"".""Rack_History""[1,2].""History""[12].""ldt_ts""","Objects/Objects/DeviceSet/PLC/DataBlocksGlobal/gtyp_HBW/Rack_History/1,2/History/12"
HBW,i_code,Variable,int,0,"ns=3;s=""gtyp_HBW"".""Rack_History""[1,2].""History""[12].""i_code""","Objects/Objects/DeviceSet/PLC/DataBlocksGlobal/gtyp_HBW/Rack_History/1,2/History/12"
HBW,ldt_ts,Variable,string,1601-01-01 00:00:00+00:00,"ns=3;s=""gtyp_HBW"".""Rack_History""[1,2].""History""[13].""ldt_ts""","Objects/Objects/DeviceSet/PLC/DataBlocksGlobal/gtyp_HBW/Rack_History/1,2/History/13"
HBW,i_code,Variable,int,0,"ns=3;s=""gtyp_HBW"".""Rack_History""[1,2].""History""[13].""i_code""","Objects/Objects/DeviceSet/PLC/DataBlocksGlobal/gtyp_HBW/Rack_History/1,2/History/13"
HBW,ldt_ts,Variable,string,1601-01-01 00:00:00+00:00,"ns=3;s=""gtyp_HBW"".""Rack_History""[1,2].""History""[14].""ldt_ts""","Objects/Objects/DeviceSet/PLC/DataBlocksGlobal/gtyp_HBW/Rack_History/1,2/History/14"
HBW,i_code,Variable,int,0,"ns=3;s=""gtyp_HBW"".""Rack_History""[1,2].""History""[14].""i_code""","Objects/Objects/DeviceSet/PLC/DataBlocksGlobal/gtyp_HBW/Rack_History/1,2/History/14"
HBW,ldt_ts,Variable,string,1601-01-01 00:00:00+00:00,"ns=3;s=""gtyp_HBW"".""Rack_History""[1,2].""History""[15].""ldt_ts""","Objects/Objects/DeviceSet/PLC/DataBlocksGlobal/gtyp_HBW/Rack_History/1,2/History/15"
HBW,i_code,Variable,int,0,"ns=3;s=""gtyp_HBW"".""Rack_History""[1,2].""History""[15].""i_code""","Objects/Objects/DeviceSet/PLC/DataBlocksGlobal/gtyp_HBW/Rack_History/1,2/History/15"
HBW,ldt_ts,Variable,string,1601-01-01 00:00:00+00:00,"ns=3;s=""gtyp_HBW"".""Rack_History""[1,2].""History""[16].""ldt_ts""","Objects/Objects/DeviceSet/PLC/DataBlocksGlobal/gtyp_HBW/Rack_History/1,2/History/16"
HBW,i_code,Variable,int,0,"ns=3;s=""gtyp_HBW"".""Rack_History""[1,2].""History""[16].""i_code""","Objects/Objects/DeviceSet/PLC/DataBlocksGlobal/gtyp_HBW/Rack_History/1,2/History/16"
HBW,ldt_ts,Variable,string,1601-01-01 00:00:00+00:00,"ns=3;s=""gtyp_HBW"".""Rack_History""[1,2].""History""[17].""ldt_ts""","Objects/Objects/DeviceSet/PLC/DataBlocksGlobal/gtyp_HBW/Rack_History/1,2/History/17"
HBW,i_code,Variable,int,0,"ns=3;s=""gtyp_HBW"".""Rack_History""[1,2].""History""[17].""i_code""","Objects/Objects/DeviceSet/PLC/DataBlocksGlobal/gtyp_HBW/Rack_History/1,2/History/17"
HBW,ldt_ts,Variable,string,1601-01-01 00:00:00+00:00,"ns=3;s=""gtyp_HBW"".""Rack_History""[1,2].""History""[18].""ldt_ts""","Objects/Objects/DeviceSet/PLC/DataBlocksGlobal/gtyp_HBW/Rack_History/1,2/History/18"
HBW,i_code,Variable,int,0,"ns=3;s=""gtyp_HBW"".""Rack_History""[1,2].""History""[18].""i_code""","Objects/Objects/DeviceSet/PLC/DataBlocksGlobal/gtyp_HBW/Rack_History/1,2/History/18"
HBW,ldt_ts,Variable,string,1601-01-01 00:00:00+00:00,"ns=3;s=""gtyp_HBW"".""Rack_History""[1,2].""History""[19].""ldt_ts""","Objects/Objects/DeviceSet/PLC/DataBlocksGlobal/gtyp_HBW/Rack_History/1,2/History/19"
HBW,i_code,Variable,int,0,"ns=3;s=""gtyp_HBW"".""Rack_History""[1,2].""History""[19].""i_code""","Objects/Objects/DeviceSet/PLC/DataBlocksGlobal/gtyp_HBW/Rack_History/1,2/History/19"
HBW,ldt_ts,Variable,string,1990-01-01 00:00:00+00:00,"ns=3;s=""gtyp_HBW"".""Rack_History""[1,2].""History""[2].""ldt_ts""","Objects/Objects/DeviceSet/PLC/DataBlocksGlobal/gtyp_HBW/Rack_History/1,2/History/2"
HBW,i_code,Variable,int,0,"ns=3;s=""gtyp_HBW"".""Rack_History""[1,2].""History""[2].""i_code""","Objects/Objects/DeviceSet/PLC/DataBlocksGlobal/gtyp_HBW/Rack_History/1,2/History/2"
HBW,ldt_ts,Variable,string,1990-01-01 00:00:00+00:00,"ns=3;s=""gtyp_HBW"".""Rack_History""[1,2].""History""[3].""ldt_ts""","Objects/Objects/DeviceSet/PLC/DataBlocksGlobal/gtyp_HBW/Rack_History/1,2/History/3"
HBW,i_code,Variable,int,0,"ns=3;s=""gtyp_HBW"".""Rack_History""[1,2].""History""[3].""i_code""","Objects/Objects/DeviceSet/PLC/DataBlocksGlobal/gtyp_HBW/Rack_History/1,2/History/3"
HBW,ldt_ts,Variable,string,1990-01-01 00:00:00+00:00,"ns=3;s=""gtyp_HBW"".""Rack_History""[1,2].""History""[4].""ldt_ts""","Objects/Objects/DeviceSet/PLC/DataBlocksGlobal/gtyp_HBW/Rack_History/1,2/History/4"
HBW,i_code,Variable,int,0,"ns=3;s=""gtyp_HBW"".""Rack_History""[1,2].""History""[4].""i_code""","Objects/Objects/DeviceSet/PLC/DataBlocksGlobal/gtyp_HBW/Rack_History/1,2/History/4"
HBW,ldt_ts,Variable,string,1990-01-01 00:00:00+00:00,"ns=3;s=""gtyp_HBW"".""Rack_History""[1,2].""History""[5].""ldt_ts""","Objects/Objects/DeviceSet/PLC/DataBlocksGlobal/gtyp_HBW/Rack_History/1,2/History/5"
HBW,i_code,Variable,int,0,"ns=3;s=""gtyp_HBW"".""Rack_History""[1,2].""History""[5].""i_code""","Objects/Objects/DeviceSet/PLC/DataBlocksGlobal/gtyp_HBW/Rack_History/1,2/History/5"
HBW,ldt_ts,Variable,string,1990-01-01 00:00:00+00:00,"ns=3;s=""gtyp_HBW"".""Rack_History""[1,2].""History""[6].""ldt_ts""","Objects/Objects/DeviceSet/PLC/DataBlocksGlobal/gtyp_HBW/Rack_History/1,2/History/6"
HBW,i_code,Variable,int,0,"ns=3;s=""gtyp_HBW"".""Rack_History""[1,2].""History""[6].""i_code""","Objects/Objects/DeviceSet/PLC/DataBlocksGlobal/gtyp_HBW/Rack_History/1,2/History/6"
HBW,ldt_ts,Variable,string,1990-01-01 00:00:00+00:00,"ns=3;s=""gtyp_HBW"".""Rack_History""[1,2].""History""[7].""ldt_ts""","Objects/Objects/DeviceSet/PLC/DataBlocksGlobal/gtyp_HBW/Rack_History/1,2/History/7"
HBW,i_code,Variable,int,0,"ns=3;s=""gtyp_HBW"".""Rack_History""[1,2].""History""[7].""i_code""","Objects/Objects/DeviceSet/PLC/DataBlocksGlobal/gtyp_HBW/Rack_History/1,2/History/7"
HBW,ldt_ts,Variable,string,1601-01-01 00:00:00+00:00,"ns=3;s=""gtyp_HBW"".""Rack_History""[1,2].""History""[8].""ldt_ts""","Objects/Objects/DeviceSet/PLC/DataBlocksGlobal/gtyp_HBW/Rack_History/1,2/History/8"
HBW,i_code,Variable,int,0,"ns=3;s=""gtyp_HBW"".""Rack_History""[1,2].""History""[8].""i_code""","Objects/Objects/DeviceSet/PLC/DataBlocksGlobal/gtyp_HBW/Rack_History/1,2/History/8"
HBW,ldt_ts,Variable,string,1601-01-01 00:00:00+00:00,"ns=3;s=""gtyp_HBW"".""Rack_History""[1,2].""History""[9].""ldt_ts""","Objects/Objects/DeviceSet/PLC/DataBlocksGlobal/gtyp_HBW/Rack_History/1,2/History/9"
HBW,i_code,Variable,int,0,"ns=3;s=""gtyp_HBW"".""Rack_History""[1,2].""History""[9].""i_code""","Objects/Objects/DeviceSet/PLC/DataBlocksGlobal/gtyp_HBW/Rack_History/1,2/History/9"
HBW,History,Variable,string,"[ExtensionObject(TypeId=NodeId(Identifier='TE_""typ_History""', NamespaceIndex=3, NodeIdType=<NodeIdType.String: 3>), B...","ns=3;s=""gtyp_HBW"".""Rack_History""[2,0].""History""","Objects/Objects/DeviceSet/PLC/DataBlocksGlobal/gtyp_HBW/Rack_History/2,0"
HBW,0,Variable,string,"ExtensionObject(TypeId=NodeId(Identifier='TE_""typ_History""', NamespaceIndex=3, NodeIdType=<NodeIdType.String: 3>), Bo...","ns=3;s=""gtyp_HBW"".""Rack_History""[2,0].""History""[0]","Objects/Objects/DeviceSet/PLC/DataBlocksGlobal/gtyp_HBW/Rack_History/2,0/History"
HBW,1,Variable,string,"ExtensionObject(TypeId=NodeId(Identifier='TE_""typ_History""', NamespaceIndex=3, NodeIdType=<NodeIdType.String: 3>), Bo...","ns=3;s=""gtyp_HBW"".""Rack_History""[2,0].""History""[1]","Objects/Objects/DeviceSet/PLC/DataBlocksGlobal/gtyp_HBW/Rack_History/2,0/History"
HBW,2,Variable,string,"ExtensionObject(TypeId=NodeId(Identifier='TE_""typ_History""', NamespaceIndex=3, NodeIdType=<NodeIdType.String: 3>), Bo...","ns=3;s=""gtyp_HBW"".""Rack_History""[2,0].""History""[2]","Objects/Objects/DeviceSet/PLC/DataBlocksGlobal/gtyp_HBW/Rack_History/2,0/History"
HBW,3,Variable,string,"ExtensionObject(TypeId=NodeId(Identifier='TE_""typ_History""', NamespaceIndex=3, NodeIdType=<NodeIdType.String: 3>), Bo...","ns=3;s=""gtyp_HBW"".""Rack_History""[2,0].""History""[3]","Objects/Objects/DeviceSet/PLC/DataBlocksGlobal/gtyp_HBW/Rack_History/2,0/History"
HBW,4,Variable,string,"ExtensionObject(TypeId=NodeId(Identifier='TE_""typ_History""', NamespaceIndex=3, NodeIdType=<NodeIdType.String: 3>), Bo...","ns=3;s=""gtyp_HBW"".""Rack_History""[2,0].""History""[4]","Objects/Objects/DeviceSet/PLC/DataBlocksGlobal/gtyp_HBW/Rack_History/2,0/History"
HBW,5,Variable,string,"ExtensionObject(TypeId=NodeId(Identifier='TE_""typ_History""', NamespaceIndex=3, NodeIdType=<NodeIdType.String: 3>), Bo...","ns=3;s=""gtyp_HBW"".""Rack_History""[2,0].""History""[5]","Objects/Objects/DeviceSet/PLC/DataBlocksGlobal/gtyp_HBW/Rack_History/2,0/History"
HBW,6,Variable,string,"ExtensionObject(TypeId=NodeId(Identifier='TE_""typ_History""', NamespaceIndex=3, NodeIdType=<NodeIdType.String: 3>), Bo...","ns=3;s=""gtyp_HBW"".""Rack_History""[2,0].""History""[6]","Objects/Objects/DeviceSet/PLC/DataBlocksGlobal/gtyp_HBW/Rack_History/2,0/History"
HBW,7,Variable,string,"ExtensionObject(TypeId=NodeId(Identifier='TE_""typ_History""', NamespaceIndex=3, NodeIdType=<NodeIdType.String: 3>), Bo...","ns=3;s=""gtyp_HBW"".""Rack_History""[2,0].""History""[7]","Objects/Objects/DeviceSet/PLC/DataBlocksGlobal/gtyp_HBW/Rack_History/2,0/History"
HBW,8,Variable,string,"ExtensionObject(TypeId=NodeId(Identifier='TE_""typ_History""', NamespaceIndex=3, NodeIdType=<NodeIdType.String: 3>), Bo...","ns=3;s=""gtyp_HBW"".""Rack_History""[2,0].""History""[8]","Objects/Objects/DeviceSet/PLC/DataBlocksGlobal/gtyp_HBW/Rack_History/2,0/History"
HBW,9,Variable,string,"ExtensionObject(TypeId=NodeId(Identifier='TE_""typ_History""', NamespaceIndex=3, NodeIdType=<NodeIdType.String: 3>), Bo...","ns=3;s=""gtyp_HBW"".""Rack_History""[2,0].""History""[9]","Objects/Objects/DeviceSet/PLC/DataBlocksGlobal/gtyp_HBW/Rack_History/2,0/History"
HBW,10,Variable,string,"ExtensionObject(TypeId=NodeId(Identifier='TE_""typ_History""', NamespaceIndex=3, NodeIdType=<NodeIdType.String: 3>), Bo...","ns=3;s=""gtyp_HBW"".""Rack_History""[2,0].""History""[10]","Objects/Objects/DeviceSet/PLC/DataBlocksGlobal/gtyp_HBW/Rack_History/2,0/History"
HBW,11,Variable,string,"ExtensionObject(TypeId=NodeId(Identifier='TE_""typ_History""', NamespaceIndex=3, NodeIdType=<NodeIdType.String: 3>), Bo...","ns=3;s=""gtyp_HBW"".""Rack_History""[2,0].""History""[11]","Objects/Objects/DeviceSet/PLC/DataBlocksGlobal/gtyp_HBW/Rack_History/2,0/History"
HBW,12,Variable,string,"ExtensionObject(TypeId=NodeId(Identifier='TE_""typ_History""', NamespaceIndex=3, NodeIdType=<NodeIdType.String: 3>), Bo...","ns=3;s=""gtyp_HBW"".""Rack_History""[2,0].""History""[12]","Objects/Objects/DeviceSet/PLC/DataBlocksGlobal/gtyp_HBW/Rack_History/2,0/History"
HBW,13,Variable,string,"ExtensionObject(TypeId=NodeId(Identifier='TE_""typ_History""', NamespaceIndex=3, NodeIdType=<NodeIdType.String: 3>), Bo...","ns=3;s=""gtyp_HBW"".""Rack_History""[2,0].""History""[13]","Objects/Objects/DeviceSet/PLC/DataBlocksGlobal/gtyp_HBW/Rack_History/2,0/History"
HBW,14,Variable,string,"ExtensionObject(TypeId=NodeId(Identifier='TE_""typ_History""', NamespaceIndex=3, NodeIdType=<NodeIdType.String: 3>), Bo...","ns=3;s=""gtyp_HBW"".""Rack_History""[2,0].""History""[14]","Objects/Objects/DeviceSet/PLC/DataBlocksGlobal/gtyp_HBW/Rack_History/2,0/History"
HBW,15,Variable,string,"ExtensionObject(TypeId=NodeId(Identifier='TE_""typ_History""', NamespaceIndex=3, NodeIdType=<NodeIdType.String: 3>), Bo...","ns=3;s=""gtyp_HBW"".""Rack_History""[2,0].""History""[15]","Objects/Objects/DeviceSet/PLC/DataBlocksGlobal/gtyp_HBW/Rack_History/2,0/History"
HBW,16,Variable,string,"ExtensionObject(TypeId=NodeId(Identifier='TE_""typ_History""', NamespaceIndex=3, NodeIdType=<NodeIdType.String: 3>), Bo...","ns=3;s=""gtyp_HBW"".""Rack_History""[2,0].""History""[16]","Objects/Objects/DeviceSet/PLC/DataBlocksGlobal/gtyp_HBW/Rack_History/2,0/History"
HBW,17,Variable,string,"ExtensionObject(TypeId=NodeId(Identifier='TE_""typ_History""', NamespaceIndex=3, NodeIdType=<NodeIdType.String: 3>), Bo...","ns=3;s=""gtyp_HBW"".""Rack_History""[2,0].""History""[17]","Objects/Objects/DeviceSet/PLC/DataBlocksGlobal/gtyp_HBW/Rack_History/2,0/History"
HBW,18,Variable,string,"ExtensionObject(TypeId=NodeId(Identifier='TE_""typ_History""', NamespaceIndex=3, NodeIdType=<NodeIdType.String: 3>), Bo...","ns=3;s=""gtyp_HBW"".""Rack_History""[2,0].""History""[18]","Objects/Objects/DeviceSet/PLC/DataBlocksGlobal/gtyp_HBW/Rack_History/2,0/History"
HBW,19,Variable,string,"ExtensionObject(TypeId=NodeId(Identifier='TE_""typ_History""', NamespaceIndex=3, NodeIdType=<NodeIdType.String: 3>), Bo...","ns=3;s=""gtyp_HBW"".""Rack_History""[2,0].""History""[19]","Objects/Objects/DeviceSet/PLC/DataBlocksGlobal/gtyp_HBW/Rack_History/2,0/History"
HBW,ldt_ts,Variable,string,1990-01-01 00:00:00+00:00,"ns=3;s=""gtyp_HBW"".""Rack_History""[2,0].""History""[0].""ldt_ts""","Objects/Objects/DeviceSet/PLC/DataBlocksGlobal/gtyp_HBW/Rack_History/2,0/History/0"
HBW,i_code,Variable,int,0,"ns=3;s=""gtyp_HBW"".""Rack_History""[2,0].""History""[0].""i_code""","Objects/Objects/DeviceSet/PLC/DataBlocksGlobal/gtyp_HBW/Rack_History/2,0/History/0"
HBW,ldt_ts,Variable,string,1990-01-01 00:00:00+00:00,"ns=3;s=""gtyp_HBW"".""Rack_History""[2,0].""History""[1].""ldt_ts""","Objects/Objects/DeviceSet/PLC/DataBlocksGlobal/gtyp_HBW/Rack_History/2,0/History/1"
HBW,i_code,Variable,int,0,"ns=3;s=""gtyp_HBW"".""Rack_History""[2,0].""History""[1].""i_code""","Objects/Objects/DeviceSet/PLC/DataBlocksGlobal/gtyp_HBW/Rack_History/2,0/History/1"
HBW,ldt_ts,Variable,string,1601-01-01 00:00:00+00:00,"ns=3;s=""gtyp_HBW"".""Rack_History""[2,0].""History""[10].""ldt_ts""","Objects/Objects/DeviceSet/PLC/DataBlocksGlobal/gtyp_HBW/Rack_History/2,0/History/10"
HBW,i_code,Variable,int,0,"ns=3;s=""gtyp_HBW"".""Rack_History""[2,0].""History""[10].""i_code""","Objects/Objects/DeviceSet/PLC/DataBlocksGlobal/gtyp_HBW/Rack_History/2,0/History/10"
HBW,ldt_ts,Variable,string,1601-01-01 00:00:00+00:00,"ns=3;s=""gtyp_HBW"".""Rack_History""[2,0].""History""[11].""ldt_ts""","Objects/Objects/DeviceSet/PLC/DataBlocksGlobal/gtyp_HBW/Rack_History/2,0/History/11"
HBW,i_code,Variable,int,0,"ns=3;s=""gtyp_HBW"".""Rack_History""[2,0].""History""[11].""i_code""","Objects/Objects/DeviceSet/PLC/DataBlocksGlobal/gtyp_HBW/Rack_History/2,0/History/11"
HBW,ldt_ts,Variable,string,1601-01-01 00:00:00+00:00,"ns=3;s=""gtyp_HBW"".""Rack_History""[2,0].""History""[12].""ldt_ts""","Objects/Objects/DeviceSet/PLC/DataBlocksGlobal/gtyp_HBW/Rack_History/2,0/History/12"
HBW,i_code,Variable,int,0,"ns=3;s=""gtyp_HBW"".""Rack_History""[2,0].""History""[12].""i_code""","Objects/Objects/DeviceSet/PLC/DataBlocksGlobal/gtyp_HBW/Rack_History/2,0/History/12"
HBW,ldt_ts,Variable,string,1601-01-01 00:00:00+00:00,"ns=3;s=""gtyp_HBW"".""Rack_History""[2,0].""History""[13].""ldt_ts""","Objects/Objects/DeviceSet/PLC/DataBlocksGlobal/gtyp_HBW/Rack_History/2,0/History/13"
HBW,i_code,Variable,int,0,"ns=3;s=""gtyp_HBW"".""Rack_History""[2,0].""History""[13].""i_code""","Objects/Objects/DeviceSet/PLC/DataBlocksGlobal/gtyp_HBW/Rack_History/2,0/History/13"
HBW,ldt_ts,Variable,string,1601-01-01 00:00:00+00:00,"ns=3;s=""gtyp_HBW"".""Rack_History""[2,0].""History""[14].""ldt_ts""","Objects/Objects/DeviceSet/PLC/DataBlocksGlobal/gtyp_HBW/Rack_History/2,0/History/14"
HBW,i_code,Variable,int,0,"ns=3;s=""gtyp_HBW"".""Rack_History""[2,0].""History""[14].""i_code""","Objects/Objects/DeviceSet/PLC/DataBlocksGlobal/gtyp_HBW/Rack_History/2,0/History/14"
HBW,ldt_ts,Variable,string,1601-01-01 00:00:00+00:00,"ns=3;s=""gtyp_HBW"".""Rack_History""[2,0].""History""[15].""ldt_ts""","Objects/Objects/DeviceSet/PLC/DataBlocksGlobal/gtyp_HBW/Rack_History/2,0/History/15"
HBW,i_code,Variable,int,0,"ns=3;s=""gtyp_HBW"".""Rack_History""[2,0].""History""[15].""i_code""","Objects/Objects/DeviceSet/PLC/DataBlocksGlobal/gtyp_HBW/Rack_History/2,0/History/15"
HBW,ldt_ts,Variable,string,1601-01-01 00:00:00+00:00,"ns=3;s=""gtyp_HBW"".""Rack_History""[2,0].""History""[16].""ldt_ts""","Objects/Objects/DeviceSet/PLC/DataBlocksGlobal/gtyp_HBW/Rack_History/2,0/History/16"
HBW,i_code,Variable,int,0,"ns=3;s=""gtyp_HBW"".""Rack_History""[2,0].""History""[16].""i_code""","Objects/Objects/DeviceSet/PLC/DataBlocksGlobal/gtyp_HBW/Rack_History/2,0/History/16"
HBW,ldt_ts,Variable,string,1601-01-01 00:00:00+00:00,"ns=3;s=""gtyp_HBW"".""Rack_History""[2,0].""History""[17].""ldt_ts""","Objects/Objects/DeviceSet/PLC/DataBlocksGlobal/gtyp_HBW/Rack_History/2,0/History/17"
HBW,i_code,Variable,int,0,"ns=3;s=""gtyp_HBW"".""Rack_History""[2,0].""History""[17].""i_code""","Objects/Objects/DeviceSet/PLC/DataBlocksGlobal/gtyp_HBW/Rack_History/2,0/History/17"
HBW,ldt_ts,Variable,string,1601-01-01 00:00:00+00:00,"ns=3;s=""gtyp_HBW"".""Rack_History""[2,0].""History""[18].""ldt_ts""","Objects/Objects/DeviceSet/PLC/DataBlocksGlobal/gtyp_HBW/Rack_History/2,0/History/18"
HBW,i_code,Variable,int,0,"ns=3;s=""gtyp_HBW"".""Rack_History""[2,0].""History""[18].""i_code""","Objects/Objects/DeviceSet/PLC/DataBlocksGlobal/gtyp_HBW/Rack_History/2,0/History/18"
HBW,ldt_ts,Variable,string,1601-01-01 00:00:00+00:00,"ns=3;s=""gtyp_HBW"".""Rack_History""[2,0].""History""[19].""ldt_ts""","Objects/Objects/DeviceSet/PLC/DataBlocksGlobal/gtyp_HBW/Rack_History/2,0/History/19"
HBW,i_code,Variable,int,0,"ns=3;s=""gtyp_HBW"".""Rack_History""[2,0].""History""[19].""i_code""","Objects/Objects/DeviceSet/PLC/DataBlocksGlobal/gtyp_HBW/Rack_History/2,0/History/19"
HBW,ldt_ts,Variable,string,1990-01-01 00:00:00+00:00,"ns=3;s=""gtyp_HBW"".""Rack_History""[2,0].""History""[2].""ldt_ts""","Objects/Objects/DeviceSet/PLC/DataBlocksGlobal/gtyp_HBW/Rack_History/2,0/History/2"
HBW,i_code,Variable,int,0,"ns=3;s=""gtyp_HBW"".""Rack_History""[2,0].""History""[2].""i_code""","Objects/Objects/DeviceSet/PLC/DataBlocksGlobal/gtyp_HBW/Rack_History/2,0/History/2"
HBW,ldt_ts,Variable,string,1990-01-01 00:00:00+00:00,"ns=3;s=""gtyp_HBW"".""Rack_History""[2,0].""History""[3].""ldt_ts""","Objects/Objects/DeviceSet/PLC/DataBlocksGlobal/gtyp_HBW/Rack_History/2,0/History/3"
HBW,i_code,Variable,int,0,"ns=3;s=""gtyp_HBW"".""Rack_History""[2,0].""History""[3].""i_code""","Objects/Objects/DeviceSet/PLC/DataBlocksGlobal/gtyp_HBW/Rack_History/2,0/History/3"
HBW,ldt_ts,Variable,string,1990-01-01 00:00:00+00:00,"ns=3;s=""gtyp_HBW"".""Rack_History""[2,0].""History""[4].""ldt_ts""","Objects/Objects/DeviceSet/PLC/DataBlocksGlobal/gtyp_HBW/Rack_History/2,0/History/4"
HBW,i_code,Variable,int,0,"ns=3;s=""gtyp_HBW"".""Rack_History""[2,0].""History""[4].""i_code""","Objects/Objects/DeviceSet/PLC/DataBlocksGlobal/gtyp_HBW/Rack_History/2,0/History/4"
HBW,ldt_ts,Variable,string,1990-01-01 00:00:00+00:00,"ns=3;s=""gtyp_HBW"".""Rack_History""[2,0].""History""[5].""ldt_ts""","Objects/Objects/DeviceSet/PLC/DataBlocksGlobal/gtyp_HBW/Rack_History/2,0/History/5"
HBW,i_code,Variable,int,0,"ns=3;s=""gtyp_HBW"".""Rack_History""[2,0].""History""[5].""i_code""","Objects/Objects/DeviceSet/PLC/DataBlocksGlobal/gtyp_HBW/Rack_History/2,0/History/5"
HBW,ldt_ts,Variable,string,1990-01-01 00:00:00+00:00,"ns=3;s=""gtyp_HBW"".""Rack_History""[2,0].""History""[6].""ldt_ts""","Objects/Objects/DeviceSet/PLC/DataBlocksGlobal/gtyp_HBW/Rack_History/2,0/History/6"
HBW,i_code,Variable,int,0,"ns=3;s=""gtyp_HBW"".""Rack_History""[2,0].""History""[6].""i_code""","Objects/Objects/DeviceSet/PLC/DataBlocksGlobal/gtyp_HBW/Rack_History/2,0/History/6"
HBW,ldt_ts,Variable,string,1990-01-01 00:00:00+00:00,"ns=3;s=""gtyp_HBW"".""Rack_History""[2,0].""History""[7].""ldt_ts""","Objects/Objects/DeviceSet/PLC/DataBlocksGlobal/gtyp_HBW/Rack_History/2,0/History/7"
HBW,i_code,Variable,int,0,"ns=3;s=""gtyp_HBW"".""Rack_History""[2,0].""History""[7].""i_code""","Objects/Objects/DeviceSet/PLC/DataBlocksGlobal/gtyp_HBW/Rack_History/2,0/History/7"
HBW,ldt_ts,Variable,string,1601-01-01 00:00:00+00:00,"ns=3;s=""gtyp_HBW"".""Rack_History""[2,0].""History""[8].""ldt_ts""","Objects/Objects/DeviceSet/PLC/DataBlocksGlobal/gtyp_HBW/Rack_History/2,0/History/8"
HBW,i_code,Variable,int,0,"ns=3;s=""gtyp_HBW"".""Rack_History""[2,0].""History""[8].""i_code""","Objects/Objects/DeviceSet/PLC/DataBlocksGlobal/gtyp_HBW/Rack_History/2,0/History/8"
HBW,ldt_ts,Variable,string,1601-01-01 00:00:00+00:00,"ns=3;s=""gtyp_HBW"".""Rack_History""[2,0].""History""[9].""ldt_ts""","Objects/Objects/DeviceSet/PLC/DataBlocksGlobal/gtyp_HBW/Rack_History/2,0/History/9"
HBW,i_code,Variable,int,0,"ns=3;s=""gtyp_HBW"".""Rack_History""[2,0].""History""[9].""i_code""","Objects/Objects/DeviceSet/PLC/DataBlocksGlobal/gtyp_HBW/Rack_History/2,0/History/9"
HBW,History,Variable,string,"[ExtensionObject(TypeId=NodeId(Identifier='TE_""typ_History""', NamespaceIndex=3, NodeIdType=<NodeIdType.String: 3>), B...","ns=3;s=""gtyp_HBW"".""Rack_History""[2,1].""History""","Objects/Objects/DeviceSet/PLC/DataBlocksGlobal/gtyp_HBW/Rack_History/2,1"
HBW,0,Variable,string,"ExtensionObject(TypeId=NodeId(Identifier='TE_""typ_History""', NamespaceIndex=3, NodeIdType=<NodeIdType.String: 3>), Bo...","ns=3;s=""gtyp_HBW"".""Rack_History""[2,1].""History""[0]","Objects/Objects/DeviceSet/PLC/DataBlocksGlobal/gtyp_HBW/Rack_History/2,1/History"
HBW,1,Variable,string,"ExtensionObject(TypeId=NodeId(Identifier='TE_""typ_History""', NamespaceIndex=3, NodeIdType=<NodeIdType.String: 3>), Bo...","ns=3;s=""gtyp_HBW"".""Rack_History""[2,1].""History""[1]","Objects/Objects/DeviceSet/PLC/DataBlocksGlobal/gtyp_HBW/Rack_History/2,1/History"
HBW,2,Variable,string,"ExtensionObject(TypeId=NodeId(Identifier='TE_""typ_History""', NamespaceIndex=3, NodeIdType=<NodeIdType.String: 3>), Bo...","ns=3;s=""gtyp_HBW"".""Rack_History""[2,1].""History""[2]","Objects/Objects/DeviceSet/PLC/DataBlocksGlobal/gtyp_HBW/Rack_History/2,1/History"
HBW,3,Variable,string,"ExtensionObject(TypeId=NodeId(Identifier='TE_""typ_History""', NamespaceIndex=3, NodeIdType=<NodeIdType.String: 3>), Bo...","ns=3;s=""gtyp_HBW"".""Rack_History""[2,1].""History""[3]","Objects/Objects/DeviceSet/PLC/DataBlocksGlobal/gtyp_HBW/Rack_History/2,1/History"
HBW,4,Variable,string,"ExtensionObject(TypeId=NodeId(Identifier='TE_""typ_History""', NamespaceIndex=3, NodeIdType=<NodeIdType.String: 3>), Bo...","ns=3;s=""gtyp_HBW"".""Rack_History""[2,1].""History""[4]","Objects/Objects/DeviceSet/PLC/DataBlocksGlobal/gtyp_HBW/Rack_History/2,1/History"
HBW,5,Variable,string,"ExtensionObject(TypeId=NodeId(Identifier='TE_""typ_History""', NamespaceIndex=3, NodeIdType=<NodeIdType.String: 3>), Bo...","ns=3;s=""gtyp_HBW"".""Rack_History""[2,1].""History""[5]","Objects/Objects/DeviceSet/PLC/DataBlocksGlobal/gtyp_HBW/Rack_History/2,1/History"
HBW,6,Variable,string,"ExtensionObject(TypeId=NodeId(Identifier='TE_""typ_History""', NamespaceIndex=3, NodeIdType=<NodeIdType.String: 3>), Bo...","ns=3;s=""gtyp_HBW"".""Rack_History""[2,1].""History""[6]","Objects/Objects/DeviceSet/PLC/DataBlocksGlobal/gtyp_HBW/Rack_History/2,1/History"
HBW,7,Variable,string,"ExtensionObject(TypeId=NodeId(Identifier='TE_""typ_History""', NamespaceIndex=3, NodeIdType=<NodeIdType.String: 3>), Bo...","ns=3;s=""gtyp_HBW"".""Rack_History""[2,1].""History""[7]","Objects/Objects/DeviceSet/PLC/DataBlocksGlobal/gtyp_HBW/Rack_History/2,1/History"
HBW,8,Variable,string,"ExtensionObject(TypeId=NodeId(Identifier='TE_""typ_History""', NamespaceIndex=3, NodeIdType=<NodeIdType.String: 3>), Bo...","ns=3;s=""gtyp_HBW"".""Rack_History""[2,1].""History""[8]","Objects/Objects/DeviceSet/PLC/DataBlocksGlobal/gtyp_HBW/Rack_History/2,1/History"
HBW,9,Variable,string,"ExtensionObject(TypeId=NodeId(Identifier='TE_""typ_History""', NamespaceIndex=3, NodeIdType=<NodeIdType.String: 3>), Bo...","ns=3;s=""gtyp_HBW"".""Rack_History""[2,1].""History""[9]","Objects/Objects/DeviceSet/PLC/DataBlocksGlobal/gtyp_HBW/Rack_History/2,1/History"
HBW,10,Variable,string,"ExtensionObject(TypeId=NodeId(Identifier='TE_""typ_History""', NamespaceIndex=3, NodeIdType=<NodeIdType.String: 3>), Bo...","ns=3;s=""gtyp_HBW"".""Rack_History""[2,1].""History""[10]","Objects/Objects/DeviceSet/PLC/DataBlocksGlobal/gtyp_HBW/Rack_History/2,1/History"
HBW,11,Variable,string,"ExtensionObject(TypeId=NodeId(Identifier='TE_""typ_History""', NamespaceIndex=3, NodeIdType=<NodeIdType.String: 3>), Bo...","ns=3;s=""gtyp_HBW"".""Rack_History""[2,1].""History""[11]","Objects/Objects/DeviceSet/PLC/DataBlocksGlobal/gtyp_HBW/Rack_History/2,1/History"
HBW,12,Variable,string,"ExtensionObject(TypeId=NodeId(Identifier='TE_""typ_History""', NamespaceIndex=3, NodeIdType=<NodeIdType.String: 3>), Bo...","ns=3;s=""gtyp_HBW"".""Rack_History""[2,1].""History""[12]","Objects/Objects/DeviceSet/PLC/DataBlocksGlobal/gtyp_HBW/Rack_History/2,1/History"
HBW,13,Variable,string,"ExtensionObject(TypeId=NodeId(Identifier='TE_""typ_History""', NamespaceIndex=3, NodeIdType=<NodeIdType.String: 3>), Bo...","ns=3;s=""gtyp_HBW"".""Rack_History""[2,1].""History""[13]","Objects/Objects/DeviceSet/PLC/DataBlocksGlobal/gtyp_HBW/Rack_History/2,1/History"
HBW,14,Variable,string,"ExtensionObject(TypeId=NodeId(Identifier='TE_""typ_History""', NamespaceIndex=3, NodeIdType=<NodeIdType.String: 3>), Bo...","ns=3;s=""gtyp_HBW"".""Rack_History""[2,1].""History""[14]","Objects/Objects/DeviceSet/PLC/DataBlocksGlobal/gtyp_HBW/Rack_History/2,1/History"
HBW,15,Variable,string,"ExtensionObject(TypeId=NodeId(Identifier='TE_""typ_History""', NamespaceIndex=3, NodeIdType=<NodeIdType.String: 3>), Bo...","ns=3;s=""gtyp_HBW"".""Rack_History""[2,1].""History""[15]","Objects/Objects/DeviceSet/PLC/DataBlocksGlobal/gtyp_HBW/Rack_History/2,1/History"
HBW,16,Variable,string,"ExtensionObject(TypeId=NodeId(Identifier='TE_""typ_History""', NamespaceIndex=3, NodeIdType=<NodeIdType.String: 3>), Bo...","ns=3;s=""gtyp_HBW"".""Rack_History""[2,1].""History""[16]","Objects/Objects/DeviceSet/PLC/DataBlocksGlobal/gtyp_HBW/Rack_History/2,1/History"
HBW,17,Variable,string,"ExtensionObject(TypeId=NodeId(Identifier='TE_""typ_History""', NamespaceIndex=3, NodeIdType=<NodeIdType.String: 3>), Bo...","ns=3;s=""gtyp_HBW"".""Rack_History""[2,1].""History""[17]","Objects/Objects/DeviceSet/PLC/DataBlocksGlobal/gtyp_HBW/Rack_History/2,1/History"
HBW,18,Variable,string,"ExtensionObject(TypeId=NodeId(Identifier='TE_""typ_History""', NamespaceIndex=3, NodeIdType=<NodeIdType.String: 3>), Bo...","ns=3;s=""gtyp_HBW"".""Rack_History""[2,1].""History""[18]","Objects/Objects/DeviceSet/PLC/DataBlocksGlobal/gtyp_HBW/Rack_History/2,1/History"
HBW,19,Variable,string,"ExtensionObject(TypeId=NodeId(Identifier='TE_""typ_History""', NamespaceIndex=3, NodeIdType=<NodeIdType.String: 3>), Bo...","ns=3;s=""gtyp_HBW"".""Rack_History""[2,1].""History""[19]","Objects/Objects/DeviceSet/PLC/DataBlocksGlobal/gtyp_HBW/Rack_History/2,1/History"
HBW,ldt_ts,Variable,string,2026-08-12 10:46:17.942000+00:00,"ns=3;s=""gtyp_HBW"".""Rack_History""[2,1].""History""[0].""ldt_ts""","Objects/Objects/DeviceSet/PLC/DataBlocksGlobal/gtyp_HBW/Rack_History/2,1/History/0"
HBW,i_code,Variable,int,100,"ns=3;s=""gtyp_HBW"".""Rack_History""[2,1].""History""[0].""i_code""","Objects/Objects/DeviceSet/PLC/DataBlocksGlobal/gtyp_HBW/Rack_History/2,1/History/0"
HBW,ldt_ts,Variable,string,2026-08-12 10:46:17.942000+00:00,"ns=3;s=""gtyp_HBW"".""Rack_History""[2,1].""History""[1].""ldt_ts""","Objects/Objects/DeviceSet/PLC/DataBlocksGlobal/gtyp_HBW/Rack_History/2,1/History/1"
HBW,i_code,Variable,int,200,"ns=3;s=""gtyp_HBW"".""Rack_History""[2,1].""History""[1].""i_code""","Objects/Objects/DeviceSet/PLC/DataBlocksGlobal/gtyp_HBW/Rack_History/2,1/History/1"
HBW,ldt_ts,Variable,string,1601-01-01 00:00:00+00:00,"ns=3;s=""gtyp_HBW"".""Rack_History""[2,1].""History""[10].""ldt_ts""","Objects/Objects/DeviceSet/PLC/DataBlocksGlobal/gtyp_HBW/Rack_History/2,1/History/10"
HBW,i_code,Variable,int,0,"ns=3;s=""gtyp_HBW"".""Rack_History""[2,1].""History""[10].""i_code""","Objects/Objects/DeviceSet/PLC/DataBlocksGlobal/gtyp_HBW/Rack_History/2,1/History/10"
HBW,ldt_ts,Variable,string,1601-01-01 00:00:00+00:00,"ns=3;s=""gtyp_HBW"".""Rack_History""[2,1].""History""[11].""ldt_ts""","Objects/Objects/DeviceSet/PLC/DataBlocksGlobal/gtyp_HBW/Rack_History/2,1/History/11"
HBW,i_code,Variable,int,0,"ns=3;s=""gtyp_HBW"".""Rack_History""[2,1].""History""[11].""i_code""","Objects/Objects/DeviceSet/PLC/DataBlocksGlobal/gtyp_HBW/Rack_History/2,1/History/11"
HBW,ldt_ts,Variable,string,1601-01-01 00:00:00+00:00,"ns=3;s=""gtyp_HBW"".""Rack_History""[2,1].""History""[12].""ldt_ts""","Objects/Objects/DeviceSet/PLC/DataBlocksGlobal/gtyp_HBW/Rack_History/2,1/History/12"
HBW,i_code,Variable,int,0,"ns=3;s=""gtyp_HBW"".""Rack_History""[2,1].""History""[12].""i_code""","Objects/Objects/DeviceSet/PLC/DataBlocksGlobal/gtyp_HBW/Rack_History/2,1/History/12"
HBW,ldt_ts,Variable,string,1601-01-01 00:00:00+00:00,"ns=3;s=""gtyp_HBW"".""Rack_History""[2,1].""History""[13].""ldt_ts""","Objects/Objects/DeviceSet/PLC/DataBlocksGlobal/gtyp_HBW/Rack_History/2,1/History/13"
HBW,i_code,Variable,int,0,"ns=3;s=""gtyp_HBW"".""Rack_History""[2,1].""History""[13].""i_code""","Objects/Objects/DeviceSet/PLC/DataBlocksGlobal/gtyp_HBW/Rack_History/2,1/History/13"
HBW,ldt_ts,Variable,string,1601-01-01 00:00:00+00:00,"ns=3;s=""gtyp_HBW"".""Rack_History""[2,1].""History""[14].""ldt_ts""","Objects/Objects/DeviceSet/PLC/DataBlocksGlobal/gtyp_HBW/Rack_History/2,1/History/14"
HBW,i_code,Variable,int,0,"ns=3;s=""gtyp_HBW"".""Rack_History""[2,1].""History""[14].""i_code""","Objects/Objects/DeviceSet/PLC/DataBlocksGlobal/gtyp_HBW/Rack_History/2,1/History/14"
HBW,ldt_ts,Variable,string,1601-01-01 00:00:00+00:00,"ns=3;s=""gtyp_HBW"".""Rack_History""[2,1].""History""[15].""ldt_ts""","Objects/Objects/DeviceSet/PLC/DataBlocksGlobal/gtyp_HBW/Rack_History/2,1/History/15"
HBW,i_code,Variable,int,0,"ns=3;s=""gtyp_HBW"".""Rack_History""[2,1].""History""[15].""i_code""","Objects/Objects/DeviceSet/PLC/DataBlocksGlobal/gtyp_HBW/Rack_History/2,1/History/15"
HBW,ldt_ts,Variable,string,1601-01-01 00:00:00+00:00,"ns=3;s=""gtyp_HBW"".""Rack_History""[2,1].""History""[16].""ldt_ts""","Objects/Objects/DeviceSet/PLC/DataBlocksGlobal/gtyp_HBW/Rack_History/2,1/History/16"
HBW,i_code,Variable,int,0,"ns=3;s=""gtyp_HBW"".""Rack_History""[2,1].""History""[16].""i_code""","Objects/Objects/DeviceSet/PLC/DataBlocksGlobal/gtyp_HBW/Rack_History/2,1/History/16"
HBW,ldt_ts,Variable,string,1601-01-01 00:00:00+00:00,"ns=3;s=""gtyp_HBW"".""Rack_History""[2,1].""History""[17].""ldt_ts""","Objects/Objects/DeviceSet/PLC/DataBlocksGlobal/gtyp_HBW/Rack_History/2,1/History/17"
HBW,i_code,Variable,int,0,"ns=3;s=""gtyp_HBW"".""Rack_History""[2,1].""History""[17].""i_code""","Objects/Objects/DeviceSet/PLC/DataBlocksGlobal/gtyp_HBW/Rack_History/2,1/History/17"
HBW,ldt_ts,Variable,string,1601-01-01 00:00:00+00:00,"ns=3;s=""gtyp_HBW"".""Rack_History""[2,1].""History""[18].""ldt_ts""","Objects/Objects/DeviceSet/PLC/DataBlocksGlobal/gtyp_HBW/Rack_History/2,1/History/18"
HBW,i_code,Variable,int,0,"ns=3;s=""gtyp_HBW"".""Rack_History""[2,1].""History""[18].""i_code""","Objects/Objects/DeviceSet/PLC/DataBlocksGlobal/gtyp_HBW/Rack_History/2,1/History/18"
HBW,ldt_ts,Variable,string,1601-01-01 00:00:00+00:00,"ns=3;s=""gtyp_HBW"".""Rack_History""[2,1].""History""[19].""ldt_ts""","Objects/Objects/DeviceSet/PLC/DataBlocksGlobal/gtyp_HBW/Rack_History/2,1/History/19"
HBW,i_code,Variable,int,0,"ns=3;s=""gtyp_HBW"".""Rack_History""[2,1].""History""[19].""i_code""","Objects/Objects/DeviceSet/PLC/DataBlocksGlobal/gtyp_HBW/Rack_History/2,1/History/19"
HBW,ldt_ts,Variable,string,2026-08-12 10:46:17.942000+00:00,"ns=3;s=""gtyp_HBW"".""Rack_History""[2,1].""History""[2].""ldt_ts""","Objects/Objects/DeviceSet/PLC/DataBlocksGlobal/gtyp_HBW/Rack_History/2,1/History/2"
HBW,i_code,Variable,int,300,"ns=3;s=""gtyp_HBW"".""Rack_History""[2,1].""History""[2].""i_code""","Objects/Objects/DeviceSet/PLC/DataBlocksGlobal/gtyp_HBW/Rack_History/2,1/History/2"
HBW,ldt_ts,Variable,string,1990-01-01 00:00:00+00:00,"ns=3;s=""gtyp_HBW"".""Rack_History""[2,1].""History""[3].""ldt_ts""","Objects/Objects/DeviceSet/PLC/DataBlocksGlobal/gtyp_HBW/Rack_History/2,1/History/3"
HBW,i_code,Variable,int,0,"ns=3;s=""gtyp_HBW"".""Rack_History""[2,1].""History""[3].""i_code""","Objects/Objects/DeviceSet/PLC/DataBlocksGlobal/gtyp_HBW/Rack_History/2,1/History/3"
HBW,ldt_ts,Variable,string,1990-01-01 00:00:00+00:00,"ns=3;s=""gtyp_HBW"".""Rack_History""[2,1].""History""[4].""ldt_ts""","Objects/Objects/DeviceSet/PLC/DataBlocksGlobal/gtyp_HBW/Rack_History/2,1/History/4"
HBW,i_code,Variable,int,0,"ns=3;s=""gtyp_HBW"".""Rack_History""[2,1].""History""[4].""i_code""","Objects/Objects/DeviceSet/PLC/DataBlocksGlobal/gtyp_HBW/Rack_History/2,1/History/4"
HBW,ldt_ts,Variable,string,1990-01-01 00:00:00+00:00,"ns=3;s=""gtyp_HBW"".""Rack_History""[2,1].""History""[5].""ldt_ts""","Objects/Objects/DeviceSet/PLC/DataBlocksGlobal/gtyp_HBW/Rack_History/2,1/History/5"
HBW,i_code,Variable,int,0,"ns=3;s=""gtyp_HBW"".""Rack_History""[2,1].""History""[5].""i_code""","Objects/Objects/DeviceSet/PLC/DataBlocksGlobal/gtyp_HBW/Rack_History/2,1/History/5"
HBW,ldt_ts,Variable,string,1990-01-01 00:00:00+00:00,"ns=3;s=""gtyp_HBW"".""Rack_History""[2,1].""History""[6].""ldt_ts""","Objects/Objects/DeviceSet/PLC/DataBlocksGlobal/gtyp_HBW/Rack_History/2,1/History/6"
HBW,i_code,Variable,int,0,"ns=3;s=""gtyp_HBW"".""Rack_History""[2,1].""History""[6].""i_code""","Objects/Objects/DeviceSet/PLC/DataBlocksGlobal/gtyp_HBW/Rack_History/2,1/History/6"
HBW,ldt_ts,Variable,string,1990-01-01 00:00:00+00:00,"ns=3;s=""gtyp_HBW"".""Rack_History""[2,1].""History""[7].""ldt_ts""","Objects/Objects/DeviceSet/PLC/DataBlocksGlobal/gtyp_HBW/Rack_History/2,1/History/7"
HBW,i_code,Variable,int,0,"ns=3;s=""gtyp_HBW"".""Rack_History""[2,1].""History""[7].""i_code""","Objects/Objects/DeviceSet/PLC/DataBlocksGlobal/gtyp_HBW/Rack_History/2,1/History/7"
HBW,ldt_ts,Variable,string,1601-01-01 00:00:00+00:00,"ns=3;s=""gtyp_HBW"".""Rack_History""[2,1].""History""[8].""ldt_ts""","Objects/Objects/DeviceSet/PLC/DataBlocksGlobal/gtyp_HBW/Rack_History/2,1/History/8"
HBW,i_code,Variable,int,0,"ns=3;s=""gtyp_HBW"".""Rack_History""[2,1].""History""[8].""i_code""","Objects/Objects/DeviceSet/PLC/DataBlocksGlobal/gtyp_HBW/Rack_History/2,1/History/8"
HBW,ldt_ts,Variable,string,1601-01-01 00:00:00+00:00,"ns=3;s=""gtyp_HBW"".""Rack_History""[2,1].""History""[9].""ldt_ts""","Objects/Objects/DeviceSet/PLC/DataBlocksGlobal/gtyp_HBW/Rack_History/2,1/History/9"
HBW,i_code,Variable,int,0,"ns=3;s=""gtyp_HBW"".""Rack_History""[2,1].""History""[9].""i_code""","Objects/Objects/DeviceSet/PLC/DataBlocksGlobal/gtyp_HBW/Rack_History/2,1/History/9"
HBW,History,Variable,string,"[ExtensionObject(TypeId=NodeId(Identifier='TE_""typ_History""', NamespaceIndex=3, NodeIdType=<NodeIdType.String: 3>), B...","ns=3;s=""gtyp_HBW"".""Rack_History""[2,2].""History""","Objects/Objects/DeviceSet/PLC/DataBlocksGlobal/gtyp_HBW/Rack_History/2,2"
HBW,0,Variable,string,"ExtensionObject(TypeId=NodeId(Identifier='TE_""typ_History""', NamespaceIndex=3, NodeIdType=<NodeIdType.String: 3>), Bo...","ns=3;s=""gtyp_HBW"".""Rack_History""[2,2].""History""[0]","Objects/Objects/DeviceSet/PLC/DataBlocksGlobal/gtyp_HBW/Rack_History/2,2/History"
HBW,1,Variable,string,"ExtensionObject(TypeId=NodeId(Identifier='TE_""typ_History""', NamespaceIndex=3, NodeIdType=<NodeIdType.String: 3>), Bo...","ns=3;s=""gtyp_HBW"".""Rack_History""[2,2].""History""[1]","Objects/Objects/DeviceSet/PLC/DataBlocksGlobal/gtyp_HBW/Rack_History/2,2/History"
HBW,2,Variable,string,"ExtensionObject(TypeId=NodeId(Identifier='TE_""typ_History""', NamespaceIndex=3, NodeIdType=<NodeIdType.String: 3>), Bo...","ns=3;s=""gtyp_HBW"".""Rack_History""[2,2].""History""[2]","Objects/Objects/DeviceSet/PLC/DataBlocksGlobal/gtyp_HBW/Rack_History/2,2/History"
HBW,3,Variable,string,"ExtensionObject(TypeId=NodeId(Identifier='TE_""typ_History""', NamespaceIndex=3, NodeIdType=<NodeIdType.String: 3>), Bo...","ns=3;s=""gtyp_HBW"".""Rack_History""[2,2].""History""[3]","Objects/Objects/DeviceSet/PLC/DataBlocksGlobal/gtyp_HBW/Rack_History/2,2/History"
HBW,4,Variable,string,"ExtensionObject(TypeId=NodeId(Identifier='TE_""typ_History""', NamespaceIndex=3, NodeIdType=<NodeIdType.String: 3>), Bo...","ns=3;s=""gtyp_HBW"".""Rack_History""[2,2].""History""[4]","Objects/Objects/DeviceSet/PLC/DataBlocksGlobal/gtyp_HBW/Rack_History/2,2/History"
HBW,5,Variable,string,"ExtensionObject(TypeId=NodeId(Identifier='TE_""typ_History""', NamespaceIndex=3, NodeIdType=<NodeIdType.String: 3>), Bo...","ns=3;s=""gtyp_HBW"".""Rack_History""[2,2].""History""[5]","Objects/Objects/DeviceSet/PLC/DataBlocksGlobal/gtyp_HBW/Rack_History/2,2/History"
HBW,6,Variable,string,"ExtensionObject(TypeId=NodeId(Identifier='TE_""typ_History""', NamespaceIndex=3, NodeIdType=<NodeIdType.String: 3>), Bo...","ns=3;s=""gtyp_HBW"".""Rack_History""[2,2].""History""[6]","Objects/Objects/DeviceSet/PLC/DataBlocksGlobal/gtyp_HBW/Rack_History/2,2/History"
HBW,7,Variable,string,"ExtensionObject(TypeId=NodeId(Identifier='TE_""typ_History""', NamespaceIndex=3, NodeIdType=<NodeIdType.String: 3>), Bo...","ns=3;s=""gtyp_HBW"".""Rack_History""[2,2].""History""[7]","Objects/Objects/DeviceSet/PLC/DataBlocksGlobal/gtyp_HBW/Rack_History/2,2/History"
HBW,8,Variable,string,"ExtensionObject(TypeId=NodeId(Identifier='TE_""typ_History""', NamespaceIndex=3, NodeIdType=<NodeIdType.String: 3>), Bo...","ns=3;s=""gtyp_HBW"".""Rack_History""[2,2].""History""[8]","Objects/Objects/DeviceSet/PLC/DataBlocksGlobal/gtyp_HBW/Rack_History/2,2/History"
HBW,9,Variable,string,"ExtensionObject(TypeId=NodeId(Identifier='TE_""typ_History""', NamespaceIndex=3, NodeIdType=<NodeIdType.String: 3>), Bo...","ns=3;s=""gtyp_HBW"".""Rack_History""[2,2].""History""[9]","Objects/Objects/DeviceSet/PLC/DataBlocksGlobal/gtyp_HBW/Rack_History/2,2/History"
HBW,10,Variable,string,"ExtensionObject(TypeId=NodeId(Identifier='TE_""typ_History""', NamespaceIndex=3, NodeIdType=<NodeIdType.String: 3>), Bo...","ns=3;s=""gtyp_HBW"".""Rack_History""[2,2].""History""[10]","Objects/Objects/DeviceSet/PLC/DataBlocksGlobal/gtyp_HBW/Rack_History/2,2/History"
HBW,11,Variable,string,"ExtensionObject(TypeId=NodeId(Identifier='TE_""typ_History""', NamespaceIndex=3, NodeIdType=<NodeIdType.String: 3>), Bo...","ns=3;s=""gtyp_HBW"".""Rack_History""[2,2].""History""[11]","Objects/Objects/DeviceSet/PLC/DataBlocksGlobal/gtyp_HBW/Rack_History/2,2/History"
HBW,12,Variable,string,"ExtensionObject(TypeId=NodeId(Identifier='TE_""typ_History""', NamespaceIndex=3, NodeIdType=<NodeIdType.String: 3>), Bo...","ns=3;s=""gtyp_HBW"".""Rack_History""[2,2].""History""[12]","Objects/Objects/DeviceSet/PLC/DataBlocksGlobal/gtyp_HBW/Rack_History/2,2/History"
HBW,13,Variable,string,"ExtensionObject(TypeId=NodeId(Identifier='TE_""typ_History""', NamespaceIndex=3, NodeIdType=<NodeIdType.String: 3>), Bo...","ns=3;s=""gtyp_HBW"".""Rack_History""[2,2].""History""[13]","Objects/Objects/DeviceSet/PLC/DataBlocksGlobal/gtyp_HBW/Rack_History/2,2/History"
HBW,14,Variable,string,"ExtensionObject(TypeId=NodeId(Identifier='TE_""typ_History""', NamespaceIndex=3, NodeIdType=<NodeIdType.String: 3>), Bo...","ns=3;s=""gtyp_HBW"".""Rack_History""[2,2].""History""[14]","Objects/Objects/DeviceSet/PLC/DataBlocksGlobal/gtyp_HBW/Rack_History/2,2/History"
HBW,15,Variable,string,"ExtensionObject(TypeId=NodeId(Identifier='TE_""typ_History""', NamespaceIndex=3, NodeIdType=<NodeIdType.String: 3>), Bo...","ns=3;s=""gtyp_HBW"".""Rack_History""[2,2].""History""[15]","Objects/Objects/DeviceSet/PLC/DataBlocksGlobal/gtyp_HBW/Rack_History/2,2/History"
HBW,16,Variable,string,"ExtensionObject(TypeId=NodeId(Identifier='TE_""typ_History""', NamespaceIndex=3, NodeIdType=<NodeIdType.String: 3>), Bo...","ns=3;s=""gtyp_HBW"".""Rack_History""[2,2].""History""[16]","Objects/Objects/DeviceSet/PLC/DataBlocksGlobal/gtyp_HBW/Rack_History/2,2/History"
HBW,17,Variable,string,"ExtensionObject(TypeId=NodeId(Identifier='TE_""typ_History""', NamespaceIndex=3, NodeIdType=<NodeIdType.String: 3>), Bo...","ns=3;s=""gtyp_HBW"".""Rack_History""[2,2].""History""[17]","Objects/Objects/DeviceSet/PLC/DataBlocksGlobal/gtyp_HBW/Rack_History/2,2/History"
HBW,18,Variable,string,"ExtensionObject(TypeId=NodeId(Identifier='TE_""typ_History""', NamespaceIndex=3, NodeIdType=<NodeIdType.String: 3>), Bo...","ns=3;s=""gtyp_HBW"".""Rack_History""[2,2].""History""[18]","Objects/Objects/DeviceSet/PLC/DataBlocksGlobal/gtyp_HBW/Rack_History/2,2/History"
HBW,19,Variable,string,"ExtensionObject(TypeId=NodeId(Identifier='TE_""typ_History""', NamespaceIndex=3, NodeIdType=<NodeIdType.String: 3>), Bo...","ns=3;s=""gtyp_HBW"".""Rack_History""[2,2].""History""[19]","Objects/Objects/DeviceSet/PLC/DataBlocksGlobal/gtyp_HBW/Rack_History/2,2/History"
HBW,ldt_ts,Variable,string,2026-08-12 10:46:17.942000+00:00,"ns=3;s=""gtyp_HBW"".""Rack_History""[2,2].""History""[0].""ldt_ts""","Objects/Objects/DeviceSet/PLC/DataBlocksGlobal/gtyp_HBW/Rack_History/2,2/History/0"
HBW,i_code,Variable,int,100,"ns=3;s=""gtyp_HBW"".""Rack_History""[2,2].""History""[0].""i_code""","Objects/Objects/DeviceSet/PLC/DataBlocksGlobal/gtyp_HBW/Rack_History/2,2/History/0"
HBW,ldt_ts,Variable,string,2026-08-12 10:46:17.942000+00:00,"ns=3;s=""gtyp_HBW"".""Rack_History""[2,2].""History""[1].""ldt_ts""","Objects/Objects/DeviceSet/PLC/DataBlocksGlobal/gtyp_HBW/Rack_History/2,2/History/1"
HBW,i_code,Variable,int,200,"ns=3;s=""gtyp_HBW"".""Rack_History""[2,2].""History""[1].""i_code""","Objects/Objects/DeviceSet/PLC/DataBlocksGlobal/gtyp_HBW/Rack_History/2,2/History/1"
HBW,ldt_ts,Variable,string,1601-01-01 00:00:00+00:00,"ns=3;s=""gtyp_HBW"".""Rack_History""[2,2].""History""[10].""ldt_ts""","Objects/Objects/DeviceSet/PLC/DataBlocksGlobal/gtyp_HBW/Rack_History/2,2/History/10"
HBW,i_code,Variable,int,0,"ns=3;s=""gtyp_HBW"".""Rack_History""[2,2].""History""[10].""i_code""","Objects/Objects/DeviceSet/PLC/DataBlocksGlobal/gtyp_HBW/Rack_History/2,2/History/10"
HBW,ldt_ts,Variable,string,1601-01-01 00:00:00+00:00,"ns=3;s=""gtyp_HBW"".""Rack_History""[2,2].""History""[11].""ldt_ts""","Objects/Objects/DeviceSet/PLC/DataBlocksGlobal/gtyp_HBW/Rack_History/2,2/History/11"
HBW,i_code,Variable,int,0,"ns=3;s=""gtyp_HBW"".""Rack_History""[2,2].""History""[11].""i_code""","Objects/Objects/DeviceSet/PLC/DataBlocksGlobal/gtyp_HBW/Rack_History/2,2/History/11"
HBW,ldt_ts,Variable,string,1601-01-01 00:00:00+00:00,"ns=3;s=""gtyp_HBW"".""Rack_History""[2,2].""History""[12].""ldt_ts""","Objects/Objects/DeviceSet/PLC/DataBlocksGlobal/gtyp_HBW/Rack_History/2,2/History/12"
HBW,i_code,Variable,int,0,"ns=3;s=""gtyp_HBW"".""Rack_History""[2,2].""History""[12].""i_code""","Objects/Objects/DeviceSet/PLC/DataBlocksGlobal/gtyp_HBW/Rack_History/2,2/History/12"
HBW,ldt_ts,Variable,string,1601-01-01 00:00:00+00:00,"ns=3;s=""gtyp_HBW"".""Rack_History""[2,2].""History""[13].""ldt_ts""","Objects/Objects/DeviceSet/PLC/DataBlocksGlobal/gtyp_HBW/Rack_History/2,2/History/13"
HBW,i_code,Variable,int,0,"ns=3;s=""gtyp_HBW"".""Rack_History""[2,2].""History""[13].""i_code""","Objects/Objects/DeviceSet/PLC/DataBlocksGlobal/gtyp_HBW/Rack_History/2,2/History/13"
HBW,ldt_ts,Variable,string,1601-01-01 00:00:00+00:00,"ns=3;s=""gtyp_HBW"".""Rack_History""[2,2].""History""[14].""ldt_ts""","Objects/Objects/DeviceSet/PLC/DataBlocksGlobal/gtyp_HBW/Rack_History/2,2/History/14"
HBW,i_code,Variable,int,0,"ns=3;s=""gtyp_HBW"".""Rack_History""[2,2].""History""[14].""i_code""","Objects/Objects/DeviceSet/PLC/DataBlocksGlobal/gtyp_HBW/Rack_History/2,2/History/14"
HBW,ldt_ts,Variable,string,1601-01-01 00:00:00+00:00,"ns=3;s=""gtyp_HBW"".""Rack_History""[2,2].""History""[15].""ldt_ts""","Objects/Objects/DeviceSet/PLC/DataBlocksGlobal/gtyp_HBW/Rack_History/2,2/History/15"
HBW,i_code,Variable,int,0,"ns=3;s=""gtyp_HBW"".""Rack_History""[2,2].""History""[15].""i_code""","Objects/Objects/DeviceSet/PLC/DataBlocksGlobal/gtyp_HBW/Rack_History/2,2/History/15"
HBW,ldt_ts,Variable,string,1601-01-01 00:00:00+00:00,"ns=3;s=""gtyp_HBW"".""Rack_History""[2,2].""History""[16].""ldt_ts""","Objects/Objects/DeviceSet/PLC/DataBlocksGlobal/gtyp_HBW/Rack_History/2,2/History/16"
HBW,i_code,Variable,int,0,"ns=3;s=""gtyp_HBW"".""Rack_History""[2,2].""History""[16].""i_code""","Objects/Objects/DeviceSet/PLC/DataBlocksGlobal/gtyp_HBW/Rack_History/2,2/History/16"
HBW,ldt_ts,Variable,string,1601-01-01 00:00:00+00:00,"ns=3;s=""gtyp_HBW"".""Rack_History""[2,2].""History""[17].""ldt_ts""","Objects/Objects/DeviceSet/PLC/DataBlocksGlobal/gtyp_HBW/Rack_History/2,2/History/17"
HBW,i_code,Variable,int,0,"ns=3;s=""gtyp_HBW"".""Rack_History""[2,2].""History""[17].""i_code""","Objects/Objects/DeviceSet/PLC/DataBlocksGlobal/gtyp_HBW/Rack_History/2,2/History/17"
HBW,ldt_ts,Variable,string,1601-01-01 00:00:00+00:00,"ns=3;s=""gtyp_HBW"".""Rack_History""[2,2].""History""[18].""ldt_ts""","Objects/Objects/DeviceSet/PLC/DataBlocksGlobal/gtyp_HBW/Rack_History/2,2/History/18"
HBW,i_code,Variable,int,0,"ns=3;s=""gtyp_HBW"".""Rack_History""[2,2].""History""[18].""i_code""","Objects/Objects/DeviceSet/PLC/DataBlocksGlobal/gtyp_HBW/Rack_History/2,2/History/18"
HBW,ldt_ts,Variable,string,1601-01-01 00:00:00+00:00,"ns=3;s=""gtyp_HBW"".""Rack_History""[2,2].""History""[19].""ldt_ts""","Objects/Objects/DeviceSet/PLC/DataBlocksGlobal/gtyp_HBW/Rack_History/2,2/History/19"
HBW,i_code,Variable,int,0,"ns=3;s=""gtyp_HBW"".""Rack_History""[2,2].""History""[19].""i_code""","Objects/Objects/DeviceSet/PLC/DataBlocksGlobal/gtyp_HBW/Rack_History/2,2/History/19"
HBW,ldt_ts,Variable,string,2026-08-12 10:46:17.942000+00:00,"ns=3;s=""gtyp_HBW"".""Rack_History""[2,2].""History""[2].""ldt_ts""","Objects/Objects/DeviceSet/PLC/DataBlocksGlobal/gtyp_HBW/Rack_History/2,2/History/2"
HBW,i_code,Variable,int,300,"ns=3;s=""gtyp_HBW"".""Rack_History""[2,2].""History""[2].""i_code""","Objects/Objects/DeviceSet/PLC/DataBlocksGlobal/gtyp_HBW/Rack_History/2,2/History/2"
HBW,ldt_ts,Variable,string,1990-01-01 00:00:00+00:00,"ns=3;s=""gtyp_HBW"".""Rack_History""[2,2].""History""[3].""ldt_ts""","Objects/Objects/DeviceSet/PLC/DataBlocksGlobal/gtyp_HBW/Rack_History/2,2/History/3"
HBW,i_code,Variable,int,0,"ns=3;s=""gtyp_HBW"".""Rack_History""[2,2].""History""[3].""i_code""","Objects/Objects/DeviceSet/PLC/DataBlocksGlobal/gtyp_HBW/Rack_History/2,2/History/3"
HBW,ldt_ts,Variable,string,1990-01-01 00:00:00+00:00,"ns=3;s=""gtyp_HBW"".""Rack_History""[2,2].""History""[4].""ldt_ts""","Objects/Objects/DeviceSet/PLC/DataBlocksGlobal/gtyp_HBW/Rack_History/2,2/History/4"
HBW,i_code,Variable,int,0,"ns=3;s=""gtyp_HBW"".""Rack_History""[2,2].""History""[4].""i_code""","Objects/Objects/DeviceSet/PLC/DataBlocksGlobal/gtyp_HBW/Rack_History/2,2/History/4"
HBW,ldt_ts,Variable,string,1990-01-01 00:00:00+00:00,"ns=3;s=""gtyp_HBW"".""Rack_History""[2,2].""History""[5].""ldt_ts""","Objects/Objects/DeviceSet/PLC/DataBlocksGlobal/gtyp_HBW/Rack_History/2,2/History/5"
HBW,i_code,Variable,int,0,"ns=3;s=""gtyp_HBW"".""Rack_History""[2,2].""History""[5].""i_code""","Objects/Objects/DeviceSet/PLC/DataBlocksGlobal/gtyp_HBW/Rack_History/2,2/History/5"
HBW,ldt_ts,Variable,string,1990-01-01 00:00:00+00:00,"ns=3;s=""gtyp_HBW"".""Rack_History""[2,2].""History""[6].""ldt_ts""","Objects/Objects/DeviceSet/PLC/DataBlocksGlobal/gtyp_HBW/Rack_History/2,2/History/6"
HBW,i_code,Variable,int,0,"ns=3;s=""gtyp_HBW"".""Rack_History""[2,2].""History""[6].""i_code""","Objects/Objects/DeviceSet/PLC/DataBlocksGlobal/gtyp_HBW/Rack_History/2,2/History/6"
HBW,ldt_ts,Variable,string,1990-01-01 00:00:00+00:00,"ns=3;s=""gtyp_HBW"".""Rack_History""[2,2].""History""[7].""ldt_ts""","Objects/Objects/DeviceSet/PLC/DataBlocksGlobal/gtyp_HBW/Rack_History/2,2/History/7"
HBW,i_code,Variable,int,0,"ns=3;s=""gtyp_HBW"".""Rack_History""[2,2].""History""[7].""i_code""","Objects/Objects/DeviceSet/PLC/DataBlocksGlobal/gtyp_HBW/Rack_History/2,2/History/7"
HBW,ldt_ts,Variable,string,1601-01-01 00:00:00+00:00,"ns=3;s=""gtyp_HBW"".""Rack_History""[2,2].""History""[8].""ldt_ts""","Objects/Objects/DeviceSet/PLC/DataBlocksGlobal/gtyp_HBW/Rack_History/2,2/History/8"
HBW,i_code,Variable,int,0,"ns=3;s=""gtyp_HBW"".""Rack_History""[2,2].""History""[8].""i_code""","Objects/Objects/DeviceSet/PLC/DataBlocksGlobal/gtyp_HBW/Rack_History/2,2/History/8"
HBW,ldt_ts,Variable,string,1601-01-01 00:00:00+00:00,"ns=3;s=""gtyp_HBW"".""Rack_History""[2,2].""History""[9].""ldt_ts""","Objects/Objects/DeviceSet/PLC/DataBlocksGlobal/gtyp_HBW/Rack_History/2,2/History/9"
HBW,i_code,Variable,int,0,"ns=3;s=""gtyp_HBW"".""Rack_History""[2,2].""History""[9].""i_code""","Objects/Objects/DeviceSet/PLC/DataBlocksGlobal/gtyp_HBW/Rack_History/2,2/History/9"
HBW,"0,0",Variable,string,"ExtensionObject(TypeId=NodeId(Identifier='TE_""typ_Rack_Pos""', NamespaceIndex=3, NodeIdType=<NodeIdType.String: 3>), B...","ns=3;s=""gtyp_HBW"".""Rack_Pos""[0,0]",Objects/Objects/DeviceSet/PLC/DataBlocksGlobal/gtyp_HBW/Rack_Pos
HBW,"0,1",Variable,string,"ExtensionObject(TypeId=NodeId(Identifier='TE_""typ_Rack_Pos""', NamespaceIndex=3, NodeIdType=<NodeIdType.String: 3>), B...","ns=3;s=""gtyp_HBW"".""Rack_Pos""[0,1]",Objects/Objects/DeviceSet/PLC/DataBlocksGlobal/gtyp_HBW/Rack_Pos
HBW,"0,2",Variable,string,"ExtensionObject(TypeId=NodeId(Identifier='TE_""typ_Rack_Pos""', NamespaceIndex=3, NodeIdType=<NodeIdType.String: 3>), B...","ns=3;s=""gtyp_HBW"".""Rack_Pos""[0,2]",Objects/Objects/DeviceSet/PLC/DataBlocksGlobal/gtyp_HBW/Rack_Pos
HBW,"1,0",Variable,string,"ExtensionObject(TypeId=NodeId(Identifier='TE_""typ_Rack_Pos""', NamespaceIndex=3, NodeIdType=<NodeIdType.String: 3>), B...","ns=3;s=""gtyp_HBW"".""Rack_Pos""[1,0]",Objects/Objects/DeviceSet/PLC/DataBlocksGlobal/gtyp_HBW/Rack_Pos
HBW,"1,1",Variable,string,"ExtensionObject(TypeId=NodeId(Identifier='TE_""typ_Rack_Pos""', NamespaceIndex=3, NodeIdType=<NodeIdType.String: 3>), B...","ns=3;s=""gtyp_HBW"".""Rack_Pos""[1,1]",Objects/Objects/DeviceSet/PLC/DataBlocksGlobal/gtyp_HBW/Rack_Pos
HBW,"1,2",Variable,string,"ExtensionObject(TypeId=NodeId(Identifier='TE_""typ_Rack_Pos""', NamespaceIndex=3, NodeIdType=<NodeIdType.String: 3>), B...","ns=3;s=""gtyp_HBW"".""Rack_Pos""[1,2]",Objects/Objects/DeviceSet/PLC/DataBlocksGlobal/gtyp_HBW/Rack_Pos
HBW,"2,0",Variable,string,"ExtensionObject(TypeId=NodeId(Identifier='TE_""typ_Rack_Pos""', NamespaceIndex=3, NodeIdType=<NodeIdType.String: 3>), B...","ns=3;s=""gtyp_HBW"".""Rack_Pos""[2,0]",Objects/Objects/DeviceSet/PLC/DataBlocksGlobal/gtyp_HBW/Rack_Pos
HBW,"2,1",Variable,string,"ExtensionObject(TypeId=NodeId(Identifier='TE_""typ_Rack_Pos""', NamespaceIndex=3, NodeIdType=<NodeIdType.String: 3>), B...","ns=3;s=""gtyp_HBW"".""Rack_Pos""[2,1]",Objects/Objects/DeviceSet/PLC/DataBlocksGlobal/gtyp_HBW/Rack_Pos
HBW,"2,2",Variable,string,"ExtensionObject(TypeId=NodeId(Identifier='TE_""typ_Rack_Pos""', NamespaceIndex=3, NodeIdType=<NodeIdType.String: 3>), B...","ns=3;s=""gtyp_HBW"".""Rack_Pos""[2,2]",Objects/Objects/DeviceSet/PLC/DataBlocksGlobal/gtyp_HBW/Rack_Pos
HBW,di_PosRack_Horizontal,Variable,int,2918,"ns=3;s=""gtyp_HBW"".""Rack_Pos""[0,0].""di_PosRack_Horizontal""","Objects/Objects/DeviceSet/PLC/DataBlocksGlobal/gtyp_HBW/Rack_Pos/0,0"
HBW,di_PosRack_Vertical,Variable,int,400,"ns=3;s=""gtyp_HBW"".""Rack_Pos""[0,0].""di_PosRack_Vertical""","Objects/Objects/DeviceSet/PLC/DataBlocksGlobal/gtyp_HBW/Rack_Pos/0,0"
HBW,di_PosRack_Horizontal,Variable,int,5255,"ns=3;s=""gtyp_HBW"".""Rack_Pos""[0,1].""di_PosRack_Horizontal""","Objects/Objects/DeviceSet/PLC/DataBlocksGlobal/gtyp_HBW/Rack_Pos/0,1"
HBW,di_PosRack_Vertical,Variable,int,400,"ns=3;s=""gtyp_HBW"".""Rack_Pos""[0,1].""di_PosRack_Vertical""","Objects/Objects/DeviceSet/PLC/DataBlocksGlobal/gtyp_HBW/Rack_Pos/0,1"
HBW,di_PosRack_Horizontal,Variable,int,7586,"ns=3;s=""gtyp_HBW"".""Rack_Pos""[0,2].""di_PosRack_Horizontal""","Objects/Objects/DeviceSet/PLC/DataBlocksGlobal/gtyp_HBW/Rack_Pos/0,2"
HBW,di_PosRack_Vertical,Variable,int,400,"ns=3;s=""gtyp_HBW"".""Rack_Pos""[0,2].""di_PosRack_Vertical""","Objects/Objects/DeviceSet/PLC/DataBlocksGlobal/gtyp_HBW/Rack_Pos/0,2"
HBW,di_PosRack_Horizontal,Variable,int,2918,"ns=3;s=""gtyp_HBW"".""Rack_Pos""[1,0].""di_PosRack_Horizontal""","Objects/Objects/DeviceSet/PLC/DataBlocksGlobal/gtyp_HBW/Rack_Pos/1,0"
HBW,di_PosRack_Vertical,Variable,int,1750,"ns=3;s=""gtyp_HBW"".""Rack_Pos""[1,0].""di_PosRack_Vertical""","Objects/Objects/DeviceSet/PLC/DataBlocksGlobal/gtyp_HBW/Rack_Pos/1,0"
HBW,di_PosRack_Horizontal,Variable,int,5255,"ns=3;s=""gtyp_HBW"".""Rack_Pos""[1,1].""di_PosRack_Horizontal""","Objects/Objects/DeviceSet/PLC/DataBlocksGlobal/gtyp_HBW/Rack_Pos/1,1"
HBW,di_PosRack_Vertical,Variable,int,1750,"ns=3;s=""gtyp_HBW"".""Rack_Pos""[1,1].""di_PosRack_Vertical""","Objects/Objects/DeviceSet/PLC/DataBlocksGlobal/gtyp_HBW/Rack_Pos/1,1"
HBW,di_PosRack_Horizontal,Variable,int,7586,"ns=3;s=""gtyp_HBW"".""Rack_Pos""[1,2].""di_PosRack_Horizontal""","Objects/Objects/DeviceSet/PLC/DataBlocksGlobal/gtyp_HBW/Rack_Pos/1,2"
HBW,di_PosRack_Vertical,Variable,int,1750,"ns=3;s=""gtyp_HBW"".""Rack_Pos""[1,2].""di_PosRack_Vertical""","Objects/Objects/DeviceSet/PLC/DataBlocksGlobal/gtyp_HBW/Rack_Pos/1,2"
HBW,di_PosRack_Horizontal,Variable,int,2918,"ns=3;s=""gtyp_HBW"".""Rack_Pos""[2,0].""di_PosRack_Horizontal""","Objects/Objects/DeviceSet/PLC/DataBlocksGlobal/gtyp_HBW/Rack_Pos/2,0"
HBW,di_PosRack_Vertical,Variable,int,3250,"ns=3;s=""gtyp_HBW"".""Rack_Pos""[2,0].""di_PosRack_Vertical""","Objects/Objects/DeviceSet/PLC/DataBlocksGlobal/gtyp_HBW/Rack_Pos/2,0"
HBW,di_PosRack_Horizontal,Variable,int,5255,"ns=3;s=""gtyp_HBW"".""Rack_Pos""[2,1].""di_PosRack_Horizontal""","Objects/Objects/DeviceSet/PLC/DataBlocksGlobal/gtyp_HBW/Rack_Pos/2,1"
HBW,di_PosRack_Vertical,Variable,int,3250,"ns=3;s=""gtyp_HBW"".""Rack_Pos""[2,1].""di_PosRack_Vertical""","Objects/Objects/DeviceSet/PLC/DataBlocksGlobal/gtyp_HBW/Rack_Pos/2,1"
HBW,di_PosRack_Horizontal,Variable,int,7586,"ns=3;s=""gtyp_HBW"".""Rack_Pos""[2,2].""di_PosRack_Horizontal""","Objects/Objects/DeviceSet/PLC/DataBlocksGlobal/gtyp_HBW/Rack_Pos/2,2"
HBW,di_PosRack_Vertical,Variable,int,3250,"ns=3;s=""gtyp_HBW"".""Rack_Pos""[2,2].""di_PosRack_Vertical""","Objects/Objects/DeviceSet/PLC/DataBlocksGlobal/gtyp_HBW/Rack_Pos/2,2"
HBW,"0,0",Variable,string,"ExtensionObject(TypeId=NodeId(Identifier='TE_""typ_Workpiece""', NamespaceIndex=3, NodeIdType=<NodeIdType.String: 3>), ...","ns=3;s=""gtyp_HBW"".""Rack_Workpiece""[0,0]",Objects/Objects/DeviceSet/PLC/DataBlocksGlobal/gtyp_HBW/Rack_Workpiece
HBW,"0,1",Variable,string,"ExtensionObject(TypeId=NodeId(Identifier='TE_""typ_Workpiece""', NamespaceIndex=3, NodeIdType=<NodeIdType.String: 3>), ...","ns=3;s=""gtyp_HBW"".""Rack_Workpiece""[0,1]",Objects/Objects/DeviceSet/PLC/DataBlocksGlobal/gtyp_HBW/Rack_Workpiece
HBW,"0,2",Variable,string,"ExtensionObject(TypeId=NodeId(Identifier='TE_""typ_Workpiece""', NamespaceIndex=3, NodeIdType=<NodeIdType.String: 3>), ...","ns=3;s=""gtyp_HBW"".""Rack_Workpiece""[0,2]",Objects/Objects/DeviceSet/PLC/DataBlocksGlobal/gtyp_HBW/Rack_Workpiece
HBW,"1,0",Variable,string,"ExtensionObject(TypeId=NodeId(Identifier='TE_""typ_Workpiece""', NamespaceIndex=3, NodeIdType=<NodeIdType.String: 3>), ...","ns=3;s=""gtyp_HBW"".""Rack_Workpiece""[1,0]",Objects/Objects/DeviceSet/PLC/DataBlocksGlobal/gtyp_HBW/Rack_Workpiece
HBW,"1,1",Variable,string,"ExtensionObject(TypeId=NodeId(Identifier='TE_""typ_Workpiece""', NamespaceIndex=3, NodeIdType=<NodeIdType.String: 3>), ...","ns=3;s=""gtyp_HBW"".""Rack_Workpiece""[1,1]",Objects/Objects/DeviceSet/PLC/DataBlocksGlobal/gtyp_HBW/Rack_Workpiece
HBW,"1,2",Variable,string,"ExtensionObject(TypeId=NodeId(Identifier='TE_""typ_Workpiece""', NamespaceIndex=3, NodeIdType=<NodeIdType.String: 3>), ...","ns=3;s=""gtyp_HBW"".""Rack_Workpiece""[1,2]",Objects/Objects/DeviceSet/PLC/DataBlocksGlobal/gtyp_HBW/Rack_Workpiece
HBW,"2,0",Variable,string,"ExtensionObject(TypeId=NodeId(Identifier='TE_""typ_Workpiece""', NamespaceIndex=3, NodeIdType=<NodeIdType.String: 3>), ...","ns=3;s=""gtyp_HBW"".""Rack_Workpiece""[2,0]",Objects/Objects/DeviceSet/PLC/DataBlocksGlobal/gtyp_HBW/Rack_Workpiece
HBW,"2,1",Variable,string,"ExtensionObject(TypeId=NodeId(Identifier='TE_""typ_Workpiece""', NamespaceIndex=3, NodeIdType=<NodeIdType.String: 3>), ...","ns=3;s=""gtyp_HBW"".""Rack_Workpiece""[2,1]",Objects/Objects/DeviceSet/PLC/DataBlocksGlobal/gtyp_HBW/Rack_Workpiece
HBW,"2,2",Variable,string,"ExtensionObject(TypeId=NodeId(Identifier='TE_""typ_Workpiece""', NamespaceIndex=3, NodeIdType=<NodeIdType.String: 3>), ...","ns=3;s=""gtyp_HBW"".""Rack_Workpiece""[2,2]",Objects/Objects/DeviceSet/PLC/DataBlocksGlobal/gtyp_HBW/Rack_Workpiece
HBW,s_id,Variable,string,0,"ns=3;s=""gtyp_HBW"".""Rack_Workpiece""[0,0].""s_id""","Objects/Objects/DeviceSet/PLC/DataBlocksGlobal/gtyp_HBW/Rack_Workpiece/0,0"
HBW,s_type,Variable,string,,"ns=3;s=""gtyp_HBW"".""Rack_Workpiece""[0,0].""s_type""","Objects/Objects/DeviceSet/PLC/DataBlocksGlobal/gtyp_HBW/Rack_Workpiece/0,0"
HBW,s_state,Variable,string,,"ns=3;s=""gtyp_HBW"".""Rack_Workpiece""[0,0].""s_state""","Objects/Objects/DeviceSet/PLC/DataBlocksGlobal/gtyp_HBW/Rack_Workpiece/0,0"
HBW,s_id,Variable,string,0,"ns=3;s=""gtyp_HBW"".""Rack_Workpiece""[0,1].""s_id""","Objects/Objects/DeviceSet/PLC/DataBlocksGlobal/gtyp_HBW/Rack_Workpiece/0,1"
HBW,s_type,Variable,string,,"ns=3;s=""gtyp_HBW"".""Rack_Workpiece""[0,1].""s_type""","Objects/Objects/DeviceSet/PLC/DataBlocksGlobal/gtyp_HBW/Rack_Workpiece/0,1"
HBW,s_state,Variable,string,,"ns=3;s=""gtyp_HBW"".""Rack_Workpiece""[0,1].""s_state""","Objects/Objects/DeviceSet/PLC/DataBlocksGlobal/gtyp_HBW/Rack_Workpiece/0,1"
HBW,s_id,Variable,string,0,"ns=3;s=""gtyp_HBW"".""Rack_Workpiece""[0,2].""s_id""","Objects/Objects/DeviceSet/PLC/DataBlocksGlobal/gtyp_HBW/Rack_Workpiece/0,2"
HBW,s_type,Variable,string,,"ns=3;s=""gtyp_HBW"".""Rack_Workpiece""[0,2].""s_type""","Objects/Objects/DeviceSet/PLC/DataBlocksGlobal/gtyp_HBW/Rack_Workpiece/0,2"
HBW,s_state,Variable,string,,"ns=3;s=""gtyp_HBW"".""Rack_Workpiece""[0,2].""s_state""","Objects/Objects/DeviceSet/PLC/DataBlocksGlobal/gtyp_HBW/Rack_Workpiece/0,2"
HBW,s_id,Variable,string,0,"ns=3;s=""gtyp_HBW"".""Rack_Workpiece""[1,0].""s_id""","Objects/Objects/DeviceSet/PLC/DataBlocksGlobal/gtyp_HBW/Rack_Workpiece/1,0"
HBW,s_type,Variable,string,,"ns=3;s=""gtyp_HBW"".""Rack_Workpiece""[1,0].""s_type""","Objects/Objects/DeviceSet/PLC/DataBlocksGlobal/gtyp_HBW/Rack_Workpiece/1,0"
HBW,s_state,Variable,string,,"ns=3;s=""gtyp_HBW"".""Rack_Workpiece""[1,0].""s_state""","Objects/Objects/DeviceSet/PLC/DataBlocksGlobal/gtyp_HBW/Rack_Workpiece/1,0"
HBW,s_id,Variable,string,0,"ns=3;s=""gtyp_HBW"".""Rack_Workpiece""[1,1].""s_id""","Objects/Objects/DeviceSet/PLC/DataBlocksGlobal/gtyp_HBW/Rack_Workpiece/1,1"
HBW,s_type,Variable,string,,"ns=3;s=""gtyp_HBW"".""Rack_Workpiece""[1,1].""s_type""","Objects/Objects/DeviceSet/PLC/DataBlocksGlobal/gtyp_HBW/Rack_Workpiece/1,1"
HBW,s_state,Variable,string,,"ns=3;s=""gtyp_HBW"".""Rack_Workpiece""[1,1].""s_state""","Objects/Objects/DeviceSet/PLC/DataBlocksGlobal/gtyp_HBW/Rack_Workpiece/1,1"
HBW,s_id,Variable,string,0,"ns=3;s=""gtyp_HBW"".""Rack_Workpiece""[1,2].""s_id""","Objects/Objects/DeviceSet/PLC/DataBlocksGlobal/gtyp_HBW/Rack_Workpiece/1,2"
HBW,s_type,Variable,string,,"ns=3;s=""gtyp_HBW"".""Rack_Workpiece""[1,2].""s_type""","Objects/Objects/DeviceSet/PLC/DataBlocksGlobal/gtyp_HBW/Rack_Workpiece/1,2"
HBW,s_state,Variable,string,,"ns=3;s=""gtyp_HBW"".""Rack_Workpiece""[1,2].""s_state""","Objects/Objects/DeviceSet/PLC/DataBlocksGlobal/gtyp_HBW/Rack_Workpiece/1,2"
HBW,s_id,Variable,string,0,"ns=3;s=""gtyp_HBW"".""Rack_Workpiece""[2,0].""s_id""","Objects/Objects/DeviceSet/PLC/DataBlocksGlobal/gtyp_HBW/Rack_Workpiece/2,0"
HBW,s_type,Variable,string,,"ns=3;s=""gtyp_HBW"".""Rack_Workpiece""[2,0].""s_type""","Objects/Objects/DeviceSet/PLC/DataBlocksGlobal/gtyp_HBW/Rack_Workpiece/2,0"
HBW,s_state,Variable,string,,"ns=3;s=""gtyp_HBW"".""Rack_Workpiece""[2,0].""s_state""","Objects/Objects/DeviceSet/PLC/DataBlocksGlobal/gtyp_HBW/Rack_Workpiece/2,0"
HBW,s_id,Variable,string,04c34892186587,"ns=3;s=""gtyp_HBW"".""Rack_Workpiece""[2,1].""s_id""","Objects/Objects/DeviceSet/PLC/DataBlocksGlobal/gtyp_HBW/Rack_Workpiece/2,1"
HBW,s_type,Variable,string,BLUE,"ns=3;s=""gtyp_HBW"".""Rack_Workpiece""[2,1].""s_type""","Objects/Objects/DeviceSet/PLC/DataBlocksGlobal/gtyp_HBW/Rack_Workpiece/2,1"
HBW,s_state,Variable,string,RAW,"ns=3;s=""gtyp_HBW"".""Rack_Workpiece""[2,1].""s_state""","Objects/Objects/DeviceSet/PLC/DataBlocksGlobal/gtyp_HBW/Rack_Workpiece/2,1"
HBW,s_id,Variable,string,04c34892186588,"ns=3;s=""gtyp_HBW"".""Rack_Workpiece""[2,2].""s_id""","Objects/Objects/DeviceSet/PLC/DataBlocksGlobal/gtyp_HBW/Rack_Workpiece/2,2"
HBW,s_type,Variable,string,BLUE,"ns=3;s=""gtyp_HBW"".""Rack_Workpiece""[2,2].""s_type""","Objects/Objects/DeviceSet/PLC/DataBlocksGlobal/gtyp_HBW/Rack_Workpiece/2,2"
HBW,s_state,Variable,string,RAW,"ns=3;s=""gtyp_HBW"".""Rack_Workpiece""[2,2].""s_state""","Objects/Objects/DeviceSet/PLC/DataBlocksGlobal/gtyp_HBW/Rack_Workpiece/2,2"
HBW,x_Start_Positioning,Variable,bool,False,"ns=3;s=""gtyp_HBW"".""Vertical_Axis"".""x_Start_Positioning""",Objects/Objects/DeviceSet/PLC/DataBlocksGlobal/gtyp_HBW/Vertical_Axis
HBW,x_Reference,Variable,bool,False,"ns=3;s=""gtyp_HBW"".""Vertical_Axis"".""x_Reference""",Objects/Objects/DeviceSet/PLC/DataBlocksGlobal/gtyp_HBW/Vertical_Axis
HBW,x_Referenced,Variable,bool,True,"ns=3;s=""gtyp_HBW"".""Vertical_Axis"".""x_Referenced""",Objects/Objects/DeviceSet/PLC/DataBlocksGlobal/gtyp_HBW/Vertical_Axis
HBW,x_Position_Reached,Variable,bool,False,"ns=3;s=""gtyp_HBW"".""Vertical_Axis"".""x_Position_Reached""",Objects/Objects/DeviceSet/PLC/DataBlocksGlobal/gtyp_HBW/Vertical_Axis
HBW,di_Target_Position,Variable,int,3250,"ns=3;s=""gtyp_HBW"".""Vertical_Axis"".""di_Target_Position""",Objects/Objects/DeviceSet/PLC/DataBlocksGlobal/gtyp_HBW/Vertical_Axis
HBW,di_Increment,Variable,int,0,"ns=3;s=""gtyp_HBW"".""Vertical_Axis"".""di_Increment""",Objects/Objects/DeviceSet/PLC/DataBlocksGlobal/gtyp_HBW/Vertical_Axis
HBW,di_Actual_Position,Variable,int,0,"ns=3;s=""gtyp_HBW"".""Vertical_Axis"".""di_Actual_Position""",Objects/Objects/DeviceSet/PLC/DataBlocksGlobal/gtyp_HBW/Vertical_Axis
HBW,i_PWM,Variable,int,600,"ns=3;s=""gtyp_HBW"".""Vertical_Axis"".""i_PWM""",Objects/Objects/DeviceSet/PLC/DataBlocksGlobal/gtyp_HBW/Vertical_Axis
HBW,Config,Variable,string,"ExtensionObject(TypeId=NodeId(Identifier='TE_""typ_Axis_Data""', NamespaceIndex=3, NodeIdType=<NodeIdType.String: 3>), ...","ns=3;s=""gtyp_HBW"".""Vertical_Axis"".""Config""",Objects/Objects/DeviceSet/PLC/DataBlocksGlobal/gtyp_HBW/Vertical_Axis
HBW,di_Pos_Soft_Switch,Variable,int,3350,"ns=3;s=""gtyp_HBW"".""Vertical_Axis"".""Config"".""di_Pos_Soft_Switch""",Objects/Objects/DeviceSet/PLC/DataBlocksGlobal/gtyp_HBW/Vertical_Axis/Config
HBW,di_Neg_Soft_Switch,Variable,int,0,"ns=3;s=""gtyp_HBW"".""Vertical_Axis"".""Config"".""di_Neg_Soft_Switch""",Objects/Objects/DeviceSet/PLC/DataBlocksGlobal/gtyp_HBW/Vertical_Axis/Config
HBW,di_Ref_Pos,Variable,int,0,"ns=3;s=""gtyp_HBW"".""Vertical_Axis"".""Config"".""di_Ref_Pos""",Objects/Objects/DeviceSet/PLC/DataBlocksGlobal/gtyp_HBW/Vertical_Axis/Config
HBW,di_Loop_Value,Variable,int,0,"ns=3;s=""gtyp_HBW"".""Vertical_Axis"".""Config"".""di_Loop_Value""",Objects/Objects/DeviceSet/PLC/DataBlocksGlobal/gtyp_HBW/Vertical_Axis/Config
HBW,di_Pos_Window,Variable,int,15,"ns=3;s=""gtyp_HBW"".""Vertical_Axis"".""Config"".""di_Pos_Window""",Objects/Objects/DeviceSet/PLC/DataBlocksGlobal/gtyp_HBW/Vertical_Axis/Config
HBW,s_id,Variable,string,0,"ns=3;s=""gtyp_HBW"".""Workpiece"".""s_id""",Objects/Objects/DeviceSet/PLC/DataBlocksGlobal/gtyp_HBW/Workpiece
HBW,s_type,Variable,string,,"ns=3;s=""gtyp_HBW"".""Workpiece"".""s_type""",Objects/Objects/DeviceSet/PLC/DataBlocksGlobal/gtyp_HBW/Workpiece
HBW,s_state,Variable,string,,"ns=3;s=""gtyp_HBW"".""Workpiece"".""s_state""",Objects/Objects/DeviceSet/PLC/DataBlocksGlobal/gtyp_HBW/Workpiece
Interface_Dashboard,gtyp_Interface_Dashboard,Object,,,"ns=3;s=""gtyp_Interface_Dashboard""",Objects/Objects/DeviceSet/PLC/DataBlocksGlobal
Interface_Dashboard,Subscribe,Variable,string,"ExtensionObject(TypeId=NodeId(Identifier='TE_""typ_MQTT_Interface_Dashboard_Subscribe""', NamespaceIndex=3, NodeIdType=...","ns=3;s=""gtyp_Interface_Dashboard"".""Subscribe""",Objects/Objects/DeviceSet/PLC/DataBlocksGlobal/gtyp_Interface_Dashboard
Interface_Dashboard,Publish,Variable,string,"ExtensionObject(TypeId=NodeId(Identifier='TE_""typ_MQTT_ Interface_Dashboard_Publish""', NamespaceIndex=3, NodeIdType=<...","ns=3;s=""gtyp_Interface_Dashboard"".""Publish""",Objects/Objects/DeviceSet/PLC/DataBlocksGlobal/gtyp_Interface_Dashboard
Interface_Dashboard,ldt_AcknowledgeButton,Variable,string,1601-01-01 00:00:00+00:00,"ns=3;s=""gtyp_Interface_Dashboard"".""Publish"".""ldt_AcknowledgeButton""",Objects/Objects/DeviceSet/PLC/DataBlocksGlobal/gtyp_Interface_Dashboard/Publish
Interface_Dashboard,ConfigRateEnviormentSensor,Variable,string,"ExtensionObject(TypeId=NodeId(Identifier='TE_""typ_Config_Enviorment_Sensor""', NamespaceIndex=3, NodeIdType=<NodeIdTyp...","ns=3;s=""gtyp_Interface_Dashboard"".""Publish"".""ConfigRateEnviormentSensor""",Objects/Objects/DeviceSet/PLC/DataBlocksGlobal/gtyp_Interface_Dashboard/Publish
Interface_Dashboard,ConfigRateBrightnessSensor,Variable,string,"ExtensionObject(TypeId=NodeId(Identifier='TE_""typ_Config_Brightness_Sensor""', NamespaceIndex=3, NodeIdType=<NodeIdTyp...","ns=3;s=""gtyp_Interface_Dashboard"".""Publish"".""ConfigRateBrightnessSensor""",Objects/Objects/DeviceSet/PLC/DataBlocksGlobal/gtyp_Interface_Dashboard/Publish
Interface_Dashboard,ConfigRateCameraPicture,Variable,string,"ExtensionObject(TypeId=NodeId(Identifier='TE_""typ_Config_Camera_Picture""', NamespaceIndex=3, NodeIdType=<NodeIdType.S...","ns=3;s=""gtyp_Interface_Dashboard"".""Publish"".""ConfigRateCameraPicture""",Objects/Objects/DeviceSet/PLC/DataBlocksGlobal/gtyp_Interface_Dashboard/Publish
Interface_Dashboard,PosPanTiltUnit,Variable,string,"ExtensionObject(TypeId=NodeId(Identifier='TE_""typ_Pos_Pan_Tilt_Unit_Mov""', NamespaceIndex=3, NodeIdType=<NodeIdType.S...","ns=3;s=""gtyp_Interface_Dashboard"".""Publish"".""PosPanTiltUnit""",Objects/Objects/DeviceSet/PLC/DataBlocksGlobal/gtyp_Interface_Dashboard/Publish
Interface_Dashboard,OrderWorkpieceButton,Variable,string,"ExtensionObject(TypeId=NodeId(Identifier='TE_""typ_Order_Workpiece_Buttons""', NamespaceIndex=3, NodeIdType=<NodeIdType...","ns=3;s=""gtyp_Interface_Dashboard"".""Publish"".""OrderWorkpieceButton""",Objects/Objects/DeviceSet/PLC/DataBlocksGlobal/gtyp_Interface_Dashboard/Publish
Interface_Dashboard,ActionButtonNFCModule,Variable,string,"ExtensionObject(TypeId=NodeId(Identifier='TE_""typ_Action_Buttons_NFC_Module""', NamespaceIndex=3, NodeIdType=<NodeIdTy...","ns=3;s=""gtyp_Interface_Dashboard"".""Publish"".""ActionButtonNFCModule""",Objects/Objects/DeviceSet/PLC/DataBlocksGlobal/gtyp_Interface_Dashboard/Publish
Interface_Dashboard,ldt_ts,Variable,string,1601-01-01 00:00:00+00:00,"ns=3;s=""gtyp_Interface_Dashboard"".""Publish"".""ActionButtonNFCModule"".""ldt_ts""",Objects/Objects/DeviceSet/PLC/DataBlocksGlobal/gtyp_Interface_Dashboard/Publish/ActionButtonNFCModule
Interface_Dashboard,s_cmd,Variable,string,,"ns=3;s=""gtyp_Interface_Dashboard"".""Publish"".""ActionButtonNFCModule"".""s_cmd""",Objects/Objects/DeviceSet/PLC/DataBlocksGlobal/gtyp_Interface_Dashboard/Publish/ActionButtonNFCModule
Interface_Dashboard,ldt_ts,Variable,string,1601-01-01 00:00:00+00:00,"ns=3;s=""gtyp_Interface_Dashboard"".""Publish"".""ConfigRateBrightnessSensor"".""ldt_ts""",Objects/Objects/DeviceSet/PLC/DataBlocksGlobal/gtyp_Interface_Dashboard/Publish/ConfigRateBrightnessSensor
Interface_Dashboard,x_on,Variable,bool,False,"ns=3;s=""gtyp_Interface_Dashboard"".""Publish"".""ConfigRateBrightnessSensor"".""x_on""",Objects/Objects/DeviceSet/PLC/DataBlocksGlobal/gtyp_Interface_Dashboard/Publish/ConfigRateBrightnessSensor
Interface_Dashboard,i_fps,Variable,int,0,"ns=3;s=""gtyp_Interface_Dashboard"".""Publish"".""ConfigRateBrightnessSensor"".""i_fps""",Objects/Objects/DeviceSet/PLC/DataBlocksGlobal/gtyp_Interface_Dashboard/Publish/ConfigRateBrightnessSensor
Interface_Dashboard,ldt_ts,Variable,string,1601-01-01 00:00:00+00:00,"ns=3;s=""gtyp_Interface_Dashboard"".""Publish"".""ConfigRateCameraPicture"".""ldt_ts""",Objects/Objects/DeviceSet/PLC/DataBlocksGlobal/gtyp_Interface_Dashboard/Publish/ConfigRateCameraPicture
Interface_Dashboard,di_period,Variable,int,0,"ns=3;s=""gtyp_Interface_Dashboard"".""Publish"".""ConfigRateCameraPicture"".""di_period""",Objects/Objects/DeviceSet/PLC/DataBlocksGlobal/gtyp_Interface_Dashboard/Publish/ConfigRateCameraPicture
Interface_Dashboard,ldt_ts,Variable,string,1601-01-01 00:00:00+00:00,"ns=3;s=""gtyp_Interface_Dashboard"".""Publish"".""ConfigRateEnviormentSensor"".""ldt_ts""",Objects/Objects/DeviceSet/PLC/DataBlocksGlobal/gtyp_Interface_Dashboard/Publish/ConfigRateEnviormentSensor
Interface_Dashboard,di_period,Variable,int,0,"ns=3;s=""gtyp_Interface_Dashboard"".""Publish"".""ConfigRateEnviormentSensor"".""di_period""",Objects/Objects/DeviceSet/PLC/DataBlocksGlobal/gtyp_Interface_Dashboard/Publish/ConfigRateEnviormentSensor
Interface_Dashboard,ldt_ts,Variable,string,1601-01-01 00:00:00+00:00,"ns=3;s=""gtyp_Interface_Dashboard"".""Publish"".""OrderWorkpieceButton"".""ldt_ts""",Objects/Objects/DeviceSet/PLC/DataBlocksGlobal/gtyp_Interface_Dashboard/Publish/OrderWorkpieceButton
Interface_Dashboard,s_type,Variable,string,,"ns=3;s=""gtyp_Interface_Dashboard"".""Publish"".""OrderWorkpieceButton"".""s_type""",Objects/Objects/DeviceSet/PLC/DataBlocksGlobal/gtyp_Interface_Dashboard/Publish/OrderWorkpieceButton
Interface_Dashboard,ldt_ts,Variable,string,1601-01-01 00:00:00+00:00,"ns=3;s=""gtyp_Interface_Dashboard"".""Publish"".""PosPanTiltUnit"".""ldt_ts""",Objects/Objects/DeviceSet/PLC/DataBlocksGlobal/gtyp_Interface_Dashboard/Publish/PosPanTiltUnit
Interface_Dashboard,s_cmd,Variable,string,,"ns=3;s=""gtyp_Interface_Dashboard"".""Publish"".""PosPanTiltUnit"".""s_cmd""",Objects/Objects/DeviceSet/PLC/DataBlocksGlobal/gtyp_Interface_Dashboard/Publish/PosPanTiltUnit
Interface_Dashboard,i_degree,Variable,int,0,"ns=3;s=""gtyp_Interface_Dashboard"".""Publish"".""PosPanTiltUnit"".""i_degree""",Objects/Objects/DeviceSet/PLC/DataBlocksGlobal/gtyp_Interface_Dashboard/Publish/PosPanTiltUnit
Interface_Dashboard,EnvironmentSensor,Variable,string,"ExtensionObject(TypeId=NodeId(Identifier='TE_""typ_Environment_Sensor""', NamespaceIndex=3, NodeIdType=<NodeIdType.Stri...","ns=3;s=""gtyp_Interface_Dashboard"".""Subscribe"".""EnvironmentSensor""",Objects/Objects/DeviceSet/PLC/DataBlocksGlobal/gtyp_Interface_Dashboard/Subscribe
Interface_Dashboard,BrightnessSensor,Variable,string,"ExtensionObject(TypeId=NodeId(Identifier='TE_""typ_Brightness_Sensor""', NamespaceIndex=3, NodeIdType=<NodeIdType.Strin...","ns=3;s=""gtyp_Interface_Dashboard"".""Subscribe"".""BrightnessSensor""",Objects/Objects/DeviceSet/PLC/DataBlocksGlobal/gtyp_Interface_Dashboard/Subscribe
Interface_Dashboard,CameraPicture,Variable,string,"ExtensionObject(TypeId=NodeId(Identifier='TE_""typ_Camera_Picture""', NamespaceIndex=3, NodeIdType=<NodeIdType.String: ...","ns=3;s=""gtyp_Interface_Dashboard"".""Subscribe"".""CameraPicture""",Objects/Objects/DeviceSet/PLC/DataBlocksGlobal/gtyp_Interface_Dashboard/Subscribe
Interface_Dashboard,PosPanTiltUnit,Variable,string,"ExtensionObject(TypeId=NodeId(Identifier='TE_""typ_Pos_Pan_Tilt_Unit_Enc""', NamespaceIndex=3, NodeIdType=<NodeIdType.S...","ns=3;s=""gtyp_Interface_Dashboard"".""Subscribe"".""PosPanTiltUnit""",Objects/Objects/DeviceSet/PLC/DataBlocksGlobal/gtyp_Interface_Dashboard/Subscribe
Interface_Dashboard,AlertMessage,Variable,string,"ExtensionObject(TypeId=NodeId(Identifier='TE_""typ_Alert_Message""', NamespaceIndex=3, NodeIdType=<NodeIdType.String: 3...","ns=3;s=""gtyp_Interface_Dashboard"".""Subscribe"".""AlertMessage""",Objects/Objects/DeviceSet/PLC/DataBlocksGlobal/gtyp_Interface_Dashboard/Subscribe
Interface_Dashboard,Broadcast,Variable,string,"ExtensionObject(TypeId=NodeId(Identifier='TE_""typ_Broadcast""', NamespaceIndex=3, NodeIdType=<NodeIdType.String: 3>), ...","ns=3;s=""gtyp_Interface_Dashboard"".""Subscribe"".""Broadcast""",Objects/Objects/DeviceSet/PLC/DataBlocksGlobal/gtyp_Interface_Dashboard/Subscribe
Interface_Dashboard,State_HBW,Variable,string,"ExtensionObject(TypeId=NodeId(Identifier='TE_""typ_State_Client""', NamespaceIndex=3, NodeIdType=<NodeIdType.String: 3>...","ns=3;s=""gtyp_Interface_Dashboard"".""Subscribe"".""State_HBW""",Objects/Objects/DeviceSet/PLC/DataBlocksGlobal/gtyp_Interface_Dashboard/Subscribe
Interface_Dashboard,State_VGR,Variable,string,"ExtensionObject(TypeId=NodeId(Identifier='TE_""typ_State_Client""', NamespaceIndex=3, NodeIdType=<NodeIdType.String: 3>...","ns=3;s=""gtyp_Interface_Dashboard"".""Subscribe"".""State_VGR""",Objects/Objects/DeviceSet/PLC/DataBlocksGlobal/gtyp_Interface_Dashboard/Subscribe
Interface_Dashboard,State_MPO,Variable,string,"ExtensionObject(TypeId=NodeId(Identifier='TE_""typ_State_Client""', NamespaceIndex=3, NodeIdType=<NodeIdType.String: 3>...","ns=3;s=""gtyp_Interface_Dashboard"".""Subscribe"".""State_MPO""",Objects/Objects/DeviceSet/PLC/DataBlocksGlobal/gtyp_Interface_Dashboard/Subscribe
Interface_Dashboard,State_SLD,Variable,string,"ExtensionObject(TypeId=NodeId(Identifier='TE_""typ_State_Client""', NamespaceIndex=3, NodeIdType=<NodeIdType.String: 3>...","ns=3;s=""gtyp_Interface_Dashboard"".""Subscribe"".""State_SLD""",Objects/Objects/DeviceSet/PLC/DataBlocksGlobal/gtyp_Interface_Dashboard/Subscribe
Interface_Dashboard,State_DSI,Variable,string,"ExtensionObject(TypeId=NodeId(Identifier='TE_""typ_State_Client""', NamespaceIndex=3, NodeIdType=<NodeIdType.String: 3>...","ns=3;s=""gtyp_Interface_Dashboard"".""Subscribe"".""State_DSI""",Objects/Objects/DeviceSet/PLC/DataBlocksGlobal/gtyp_Interface_Dashboard/Subscribe
Interface_Dashboard,State_DSO,Variable,string,"ExtensionObject(TypeId=NodeId(Identifier='TE_""typ_State_Client""', NamespaceIndex=3, NodeIdType=<NodeIdType.String: 3>...","ns=3;s=""gtyp_Interface_Dashboard"".""Subscribe"".""State_DSO""",Objects/Objects/DeviceSet/PLC/DataBlocksGlobal/gtyp_Interface_Dashboard/Subscribe
Interface_Dashboard,Stock_HBW,Variable,string,"ExtensionObject(TypeId=NodeId(Identifier='TE_""typ_Stock_Item""', NamespaceIndex=3, NodeIdType=<NodeIdType.String: 3>),...","ns=3;s=""gtyp_Interface_Dashboard"".""Subscribe"".""Stock_HBW""",Objects/Objects/DeviceSet/PLC/DataBlocksGlobal/gtyp_Interface_Dashboard/Subscribe
Interface_Dashboard,State_Order,Variable,string,"ExtensionObject(TypeId=NodeId(Identifier='TE_""typ_Order_Workpiece_Buttons_State""', NamespaceIndex=3, NodeIdType=<Node...","ns=3;s=""gtyp_Interface_Dashboard"".""Subscribe"".""State_Order""",Objects/Objects/DeviceSet/PLC/DataBlocksGlobal/gtyp_Interface_Dashboard/Subscribe
Interface_Dashboard,State_NFC_Device,Variable,string,"ExtensionObject(TypeId=NodeId(Identifier='TE_""typ_NFC_Module_State""', NamespaceIndex=3, NodeIdType=<NodeIdType.String...","ns=3;s=""gtyp_Interface_Dashboard"".""Subscribe"".""State_NFC_Device""",Objects/Objects/DeviceSet/PLC/DataBlocksGlobal/gtyp_Interface_Dashboard/Subscribe
Interface_Dashboard,ldt_ts,Variable,string,1601-01-01 00:00:00+00:00,"ns=3;s=""gtyp_Interface_Dashboard"".""Subscribe"".""AlertMessage"".""ldt_ts""",Objects/Objects/DeviceSet/PLC/DataBlocksGlobal/gtyp_Interface_Dashboard/Subscribe/AlertMessage
Interface_Dashboard,s_id,Variable,string,,"ns=3;s=""gtyp_Interface_Dashboard"".""Subscribe"".""AlertMessage"".""s_id""",Objects/Objects/DeviceSet/PLC/DataBlocksGlobal/gtyp_Interface_Dashboard/Subscribe/AlertMessage
Interface_Dashboard,s_data,Variable,string,,"ns=3;s=""gtyp_Interface_Dashboard"".""Subscribe"".""AlertMessage"".""s_data""",Objects/Objects/DeviceSet/PLC/DataBlocksGlobal/gtyp_Interface_Dashboard/Subscribe/AlertMessage
Interface_Dashboard,i_code,Variable,int,0,"ns=3;s=""gtyp_Interface_Dashboard"".""Subscribe"".""AlertMessage"".""i_code""",Objects/Objects/DeviceSet/PLC/DataBlocksGlobal/gtyp_Interface_Dashboard/Subscribe/AlertMessage
Interface_Dashboard,ldt_ts,Variable,string,2026-08-13 10:24:41.177000+00:00,"ns=3;s=""gtyp_Interface_Dashboard"".""Subscribe"".""BrightnessSensor"".""ldt_ts""",Objects/Objects/DeviceSet/PLC/DataBlocksGlobal/gtyp_Interface_Dashboard/Subscribe/BrightnessSensor
Interface_Dashboard,r_br,Variable,float,93.5,"ns=3;s=""gtyp_Interface_Dashboard"".""Subscribe"".""BrightnessSensor"".""r_br""",Objects/Objects/DeviceSet/PLC/DataBlocksGlobal/gtyp_Interface_Dashboard/Subscribe/BrightnessSensor
Interface_Dashboard,i_ldr,Variable,int,4242,"ns=3;s=""gtyp_Interface_Dashboard"".""Subscribe"".""BrightnessSensor"".""i_ldr""",Objects/Objects/DeviceSet/PLC/DataBlocksGlobal/gtyp_Interface_Dashboard/Subscribe/BrightnessSensor
Interface_Dashboard,ldt_ts,Variable,string,1601-01-01 00:00:00+00:00,"ns=3;s=""gtyp_Interface_Dashboard"".""Subscribe"".""Broadcast"".""ldt_ts""",Objects/Objects/DeviceSet/PLC/DataBlocksGlobal/gtyp_Interface_Dashboard/Subscribe/Broadcast
Interface_Dashboard,di_hardwareId,Variable,int,0,"ns=3;s=""gtyp_Interface_Dashboard"".""Subscribe"".""Broadcast"".""di_hardwareId""",Objects/Objects/DeviceSet/PLC/DataBlocksGlobal/gtyp_Interface_Dashboard/Subscribe/Broadcast
Interface_Dashboard,di_hardwareModel,Variable,int,0,"ns=3;s=""gtyp_Interface_Dashboard"".""Subscribe"".""Broadcast"".""di_hardwareModel""",Objects/Objects/DeviceSet/PLC/DataBlocksGlobal/gtyp_Interface_Dashboard/Subscribe/Broadcast
Interface_Dashboard,s_softwareName,Variable,string,,"ns=3;s=""gtyp_Interface_Dashboard"".""Subscribe"".""Broadcast"".""s_softwareName""",Objects/Objects/DeviceSet/PLC/DataBlocksGlobal/gtyp_Interface_Dashboard/Subscribe/Broadcast
Interface_Dashboard,di_softwareVersion,Variable,int,0,"ns=3;s=""gtyp_Interface_Dashboard"".""Subscribe"".""Broadcast"".""di_softwareVersion""",Objects/Objects/DeviceSet/PLC/DataBlocksGlobal/gtyp_Interface_Dashboard/Subscribe/Broadcast
Interface_Dashboard,s_message,Variable,string,,"ns=3;s=""gtyp_Interface_Dashboard"".""Subscribe"".""Broadcast"".""s_message""",Objects/Objects/DeviceSet/PLC/DataBlocksGlobal/gtyp_Interface_Dashboard/Subscribe/Broadcast
Interface_Dashboard,ldt_ts,Variable,string,2026-08-13 10:25:35.219000+00:00,"ns=3;s=""gtyp_Interface_Dashboard"".""Subscribe"".""CameraPicture"".""ldt_ts""",Objects/Objects/DeviceSet/PLC/DataBlocksGlobal/gtyp_Interface_Dashboard/Subscribe/CameraPicture
Interface_Dashboard,s_data,Variable,string,,"ns=3;s=""gtyp_Interface_Dashboard"".""Subscribe"".""CameraPicture"".""s_data""",Objects/Objects/DeviceSet/PLC/DataBlocksGlobal/gtyp_Interface_Dashboard/Subscribe/CameraPicture
Interface_Dashboard,ldt_ts,Variable,string,2026-08-13 10:24:44.294000+00:00,"ns=3;s=""gtyp_Interface_Dashboard"".""Subscribe"".""EnvironmentSensor"".""ldt_ts""",Objects/Objects/DeviceSet/PLC/DataBlocksGlobal/gtyp_Interface_Dashboard/Subscribe/EnvironmentSensor
Interface_Dashboard,r_t,Variable,float,23.5,"ns=3;s=""gtyp_Interface_Dashboard"".""Subscribe"".""EnvironmentSensor"".""r_t""",Objects/Objects/DeviceSet/PLC/DataBlocksGlobal/gtyp_Interface_Dashboard/Subscribe/EnvironmentSensor
Interface_Dashboard,r_rt,Variable,float,0.0,"ns=3;s=""gtyp_Interface_Dashboard"".""Subscribe"".""EnvironmentSensor"".""r_rt""",Objects/Objects/DeviceSet/PLC/DataBlocksGlobal/gtyp_Interface_Dashboard/Subscribe/EnvironmentSensor
Interface_Dashboard,r_h,Variable,float,56.70000076293945,"ns=3;s=""gtyp_Interface_Dashboard"".""Subscribe"".""EnvironmentSensor"".""r_h""",Objects/Objects/DeviceSet/PLC/DataBlocksGlobal/gtyp_Interface_Dashboard/Subscribe/EnvironmentSensor
Interface_Dashboard,r_rh,Variable,float,0.0,"ns=3;s=""gtyp_Interface_Dashboard"".""Subscribe"".""EnvironmentSensor"".""r_rh""",Objects/Objects/DeviceSet/PLC/DataBlocksGlobal/gtyp_Interface_Dashboard/Subscribe/EnvironmentSensor
Interface_Dashboard,r_p,Variable,float,911.4000244140625,"ns=3;s=""gtyp_Interface_Dashboard"".""Subscribe"".""EnvironmentSensor"".""r_p""",Objects/Objects/DeviceSet/PLC/DataBlocksGlobal/gtyp_Interface_Dashboard/Subscribe/EnvironmentSensor
Interface_Dashboard,i_iaq,Variable,int,35,"ns=3;s=""gtyp_Interface_Dashboard"".""Subscribe"".""EnvironmentSensor"".""i_iaq""",Objects/Objects/DeviceSet/PLC/DataBlocksGlobal/gtyp_Interface_Dashboard/Subscribe/EnvironmentSensor
Interface_Dashboard,i_aq,Variable,int,3,"ns=3;s=""gtyp_Interface_Dashboard"".""Subscribe"".""EnvironmentSensor"".""i_aq""",Objects/Objects/DeviceSet/PLC/DataBlocksGlobal/gtyp_Interface_Dashboard/Subscribe/EnvironmentSensor
Interface_Dashboard,di_gr,Variable,int,0,"ns=3;s=""gtyp_Interface_Dashboard"".""Subscribe"".""EnvironmentSensor"".""di_gr""",Objects/Objects/DeviceSet/PLC/DataBlocksGlobal/gtyp_Interface_Dashboard/Subscribe/EnvironmentSensor
Interface_Dashboard,ldt_ts,Variable,string,2026-08-14 06:58:17.793000+00:00,"ns=3;s=""gtyp_Interface_Dashboard"".""Subscribe"".""PosPanTiltUnit"".""ldt_ts""",Objects/Objects/DeviceSet/PLC/DataBlocksGlobal/gtyp_Interface_Dashboard/Subscribe/PosPanTiltUnit
Interface_Dashboard,r_pan,Variable,float,0.9831192493438721,"ns=3;s=""gtyp_Interface_Dashboard"".""Subscribe"".""PosPanTiltUnit"".""r_pan""",Objects/Objects/DeviceSet/PLC/DataBlocksGlobal/gtyp_Interface_Dashboard/Subscribe/PosPanTiltUnit
Interface_Dashboard,r_tilt,Variable,float,-0.3680000305175781,"ns=3;s=""gtyp_Interface_Dashboard"".""Subscribe"".""PosPanTiltUnit"".""r_tilt""",Objects/Objects/DeviceSet/PLC/DataBlocksGlobal/gtyp_Interface_Dashboard/Subscribe/PosPanTiltUnit
Interface_Dashboard,ldt_ts,Variable,string,2026-08-14 06:58:17.773000+00:00,"ns=3;s=""gtyp_Interface_Dashboard"".""Subscribe"".""State_DSI"".""ldt_ts""",Objects/Objects/DeviceSet/PLC/DataBlocksGlobal/gtyp_Interface_Dashboard/Subscribe/State_DSI
Interface_Dashboard,s_station,Variable,string,dsi,"ns=3;s=""gtyp_Interface_Dashboard"".""Subscribe"".""State_DSI"".""s_station""",Objects/Objects/DeviceSet/PLC/DataBlocksGlobal/gtyp_Interface_Dashboard/Subscribe/State_DSI
Interface_Dashboard,i_code,Variable,int,1,"ns=3;s=""gtyp_Interface_Dashboard"".""Subscribe"".""State_DSI"".""i_code""",Objects/Objects/DeviceSet/PLC/DataBlocksGlobal/gtyp_Interface_Dashboard/Subscribe/State_DSI
Interface_Dashboard,s_description,Variable,string,,"ns=3;s=""gtyp_Interface_Dashboard"".""Subscribe"".""State_DSI"".""s_description""",Objects/Objects/DeviceSet/PLC/DataBlocksGlobal/gtyp_Interface_Dashboard/Subscribe/State_DSI
Interface_Dashboard,x_active,Variable,bool,False,"ns=3;s=""gtyp_Interface_Dashboard"".""Subscribe"".""State_DSI"".""x_active""",Objects/Objects/DeviceSet/PLC/DataBlocksGlobal/gtyp_Interface_Dashboard/Subscribe/State_DSI
Interface_Dashboard,s_target,Variable,string,,"ns=3;s=""gtyp_Interface_Dashboard"".""Subscribe"".""State_DSI"".""s_target""",Objects/Objects/DeviceSet/PLC/DataBlocksGlobal/gtyp_Interface_Dashboard/Subscribe/State_DSI
Interface_Dashboard,ldt_ts,Variable,string,2026-08-14 06:58:17.773000+00:00,"ns=3;s=""gtyp_Interface_Dashboard"".""Subscribe"".""State_DSO"".""ldt_ts""",Objects/Objects/DeviceSet/PLC/DataBlocksGlobal/gtyp_Interface_Dashboard/Subscribe/State_DSO
Interface_Dashboard,s_station,Variable,string,dso,"ns=3;s=""gtyp_Interface_Dashboard"".""Subscribe"".""State_DSO"".""s_station""",Objects/Objects/DeviceSet/PLC/DataBlocksGlobal/gtyp_Interface_Dashboard/Subscribe/State_DSO
Interface_Dashboard,i_code,Variable,int,1,"ns=3;s=""gtyp_Interface_Dashboard"".""Subscribe"".""State_DSO"".""i_code""",Objects/Objects/DeviceSet/PLC/DataBlocksGlobal/gtyp_Interface_Dashboard/Subscribe/State_DSO
Interface_Dashboard,s_description,Variable,string,,"ns=3;s=""gtyp_Interface_Dashboard"".""Subscribe"".""State_DSO"".""s_description""",Objects/Objects/DeviceSet/PLC/DataBlocksGlobal/gtyp_Interface_Dashboard/Subscribe/State_DSO
Interface_Dashboard,x_active,Variable,bool,False,"ns=3;s=""gtyp_Interface_Dashboard"".""Subscribe"".""State_DSO"".""x_active""",Objects/Objects/DeviceSet/PLC/DataBlocksGlobal/gtyp_Interface_Dashboard/Subscribe/State_DSO
Interface_Dashboard,s_target,Variable,string,,"ns=3;s=""gtyp_Interface_Dashboard"".""Subscribe"".""State_DSO"".""s_target""",Objects/Objects/DeviceSet/PLC/DataBlocksGlobal/gtyp_Interface_Dashboard/Subscribe/State_DSO
Interface_Dashboard,ldt_ts,Variable,string,2026-08-14 06:58:17.794000+00:00,"ns=3;s=""gtyp_Interface_Dashboard"".""Subscribe"".""State_HBW"".""ldt_ts""",Objects/Objects/DeviceSet/PLC/DataBlocksGlobal/gtyp_Interface_Dashboard/Subscribe/State_HBW
Interface_Dashboard,s_station,Variable,string,hbw,"ns=3;s=""gtyp_Interface_Dashboard"".""Subscribe"".""State_HBW"".""s_station""",Objects/Objects/DeviceSet/PLC/DataBlocksGlobal/gtyp_Interface_Dashboard/Subscribe/State_HBW
Interface_Dashboard,i_code,Variable,int,1,"ns=3;s=""gtyp_Interface_Dashboard"".""Subscribe"".""State_HBW"".""i_code""",Objects/Objects/DeviceSet/PLC/DataBlocksGlobal/gtyp_Interface_Dashboard/Subscribe/State_HBW
Interface_Dashboard,s_description,Variable,string,,"ns=3;s=""gtyp_Interface_Dashboard"".""Subscribe"".""State_HBW"".""s_description""",Objects/Objects/DeviceSet/PLC/DataBlocksGlobal/gtyp_Interface_Dashboard/Subscribe/State_HBW
Interface_Dashboard,x_active,Variable,bool,False,"ns=3;s=""gtyp_Interface_Dashboard"".""Subscribe"".""State_HBW"".""x_active""",Objects/Objects/DeviceSet/PLC/DataBlocksGlobal/gtyp_Interface_Dashboard/Subscribe/State_HBW
Interface_Dashboard,s_target,Variable,string,,"ns=3;s=""gtyp_Interface_Dashboard"".""Subscribe"".""State_HBW"".""s_target""",Objects/Objects/DeviceSet/PLC/DataBlocksGlobal/gtyp_Interface_Dashboard/Subscribe/State_HBW
Interface_Dashboard,ldt_ts,Variable,string,2026-08-14 06:58:17.773000+00:00,"ns=3;s=""gtyp_Interface_Dashboard"".""Subscribe"".""State_MPO"".""ldt_ts""",Objects/Objects/DeviceSet/PLC/DataBlocksGlobal/gtyp_Interface_Dashboard/Subscribe/State_MPO
Interface_Dashboard,s_station,Variable,string,mpo,"ns=3;s=""gtyp_Interface_Dashboard"".""Subscribe"".""State_MPO"".""s_station""",Objects/Objects/DeviceSet/PLC/DataBlocksGlobal/gtyp_Interface_Dashboard/Subscribe/State_MPO
Interface_Dashboard,i_code,Variable,int,1,"ns=3;s=""gtyp_Interface_Dashboard"".""Subscribe"".""State_MPO"".""i_code""",Objects/Objects/DeviceSet/PLC/DataBlocksGlobal/gtyp_Interface_Dashboard/Subscribe/State_MPO
Interface_Dashboard,s_description,Variable,string,,"ns=3;s=""gtyp_Interface_Dashboard"".""Subscribe"".""State_MPO"".""s_description""",Objects/Objects/DeviceSet/PLC/DataBlocksGlobal/gtyp_Interface_Dashboard/Subscribe/State_MPO
Interface_Dashboard,x_active,Variable,bool,False,"ns=3;s=""gtyp_Interface_Dashboard"".""Subscribe"".""State_MPO"".""x_active""",Objects/Objects/DeviceSet/PLC/DataBlocksGlobal/gtyp_Interface_Dashboard/Subscribe/State_MPO
Interface_Dashboard,s_target,Variable,string,,"ns=3;s=""gtyp_Interface_Dashboard"".""Subscribe"".""State_MPO"".""s_target""",Objects/Objects/DeviceSet/PLC/DataBlocksGlobal/gtyp_Interface_Dashboard/Subscribe/State_MPO
Interface_Dashboard,ldt_ts,Variable,string,1601-01-01 00:00:00+00:00,"ns=3;s=""gtyp_Interface_Dashboard"".""Subscribe"".""State_NFC_Device"".""ldt_ts""",Objects/Objects/DeviceSet/PLC/DataBlocksGlobal/gtyp_Interface_Dashboard/Subscribe/State_NFC_Device
Interface_Dashboard,Workpiece,Variable,string,"ExtensionObject(TypeId=NodeId(Identifier='TE_""typ_Workpiece""', NamespaceIndex=3, NodeIdType=<NodeIdType.String: 3>), ...","ns=3;s=""gtyp_Interface_Dashboard"".""Subscribe"".""State_NFC_Device"".""Workpiece""",Objects/Objects/DeviceSet/PLC/DataBlocksGlobal/gtyp_Interface_Dashboard/Subscribe/State_NFC_Device
Interface_Dashboard,History,Variable,string,"[ExtensionObject(TypeId=NodeId(Identifier='TE_""typ_History""', NamespaceIndex=3, NodeIdType=<NodeIdType.String: 3>), B...","ns=3;s=""gtyp_Interface_Dashboard"".""Subscribe"".""State_NFC_Device"".""History""",Objects/Objects/DeviceSet/PLC/DataBlocksGlobal/gtyp_Interface_Dashboard/Subscribe/State_NFC_Device
Interface_Dashboard,0,Variable,string,"ExtensionObject(TypeId=NodeId(Identifier='TE_""typ_History""', NamespaceIndex=3, NodeIdType=<NodeIdType.String: 3>), Bo...","ns=3;s=""gtyp_Interface_Dashboard"".""Subscribe"".""State_NFC_Device"".""History""[0]",Objects/Objects/DeviceSet/PLC/DataBlocksGlobal/gtyp_Interface_Dashboard/Subscribe/State_NFC_Device/History
Interface_Dashboard,1,Variable,string,"ExtensionObject(TypeId=NodeId(Identifier='TE_""typ_History""', NamespaceIndex=3, NodeIdType=<NodeIdType.String: 3>), Bo...","ns=3;s=""gtyp_Interface_Dashboard"".""Subscribe"".""State_NFC_Device"".""History""[1]",Objects/Objects/DeviceSet/PLC/DataBlocksGlobal/gtyp_Interface_Dashboard/Subscribe/State_NFC_Device/History
Interface_Dashboard,2,Variable,string,"ExtensionObject(TypeId=NodeId(Identifier='TE_""typ_History""', NamespaceIndex=3, NodeIdType=<NodeIdType.String: 3>), Bo...","ns=3;s=""gtyp_Interface_Dashboard"".""Subscribe"".""State_NFC_Device"".""History""[2]",Objects/Objects/DeviceSet/PLC/DataBlocksGlobal/gtyp_Interface_Dashboard/Subscribe/State_NFC_Device/History
Interface_Dashboard,3,Variable,string,"ExtensionObject(TypeId=NodeId(Identifier='TE_""typ_History""', NamespaceIndex=3, NodeIdType=<NodeIdType.String: 3>), Bo...","ns=3;s=""gtyp_Interface_Dashboard"".""Subscribe"".""State_NFC_Device"".""History""[3]",Objects/Objects/DeviceSet/PLC/DataBlocksGlobal/gtyp_Interface_Dashboard/Subscribe/State_NFC_Device/History
Interface_Dashboard,4,Variable,string,"ExtensionObject(TypeId=NodeId(Identifier='TE_""typ_History""', NamespaceIndex=3, NodeIdType=<NodeIdType.String: 3>), Bo...","ns=3;s=""gtyp_Interface_Dashboard"".""Subscribe"".""State_NFC_Device"".""History""[4]",Objects/Objects/DeviceSet/PLC/DataBlocksGlobal/gtyp_Interface_Dashboard/Subscribe/State_NFC_Device/History
Interface_Dashboard,5,Variable,string,"ExtensionObject(TypeId=NodeId(Identifier='TE_""typ_History""', NamespaceIndex=3, NodeIdType=<NodeIdType.String: 3>), Bo...","ns=3;s=""gtyp_Interface_Dashboard"".""Subscribe"".""State_NFC_Device"".""History""[5]",Objects/Objects/DeviceSet/PLC/DataBlocksGlobal/gtyp_Interface_Dashboard/Subscribe/State_NFC_Device/History
Interface_Dashboard,6,Variable,string,"ExtensionObject(TypeId=NodeId(Identifier='TE_""typ_History""', NamespaceIndex=3, NodeIdType=<NodeIdType.String: 3>), Bo...","ns=3;s=""gtyp_Interface_Dashboard"".""Subscribe"".""State_NFC_Device"".""History""[6]",Objects/Objects/DeviceSet/PLC/DataBlocksGlobal/gtyp_Interface_Dashboard/Subscribe/State_NFC_Device/History
Interface_Dashboard,7,Variable,string,"ExtensionObject(TypeId=NodeId(Identifier='TE_""typ_History""', NamespaceIndex=3, NodeIdType=<NodeIdType.String: 3>), Bo...","ns=3;s=""gtyp_Interface_Dashboard"".""Subscribe"".""State_NFC_Device"".""History""[7]",Objects/Objects/DeviceSet/PLC/DataBlocksGlobal/gtyp_Interface_Dashboard/Subscribe/State_NFC_Device/History
Interface_Dashboard,8,Variable,string,"ExtensionObject(TypeId=NodeId(Identifier='TE_""typ_History""', NamespaceIndex=3, NodeIdType=<NodeIdType.String: 3>), Bo...","ns=3;s=""gtyp_Interface_Dashboard"".""Subscribe"".""State_NFC_Device"".""History""[8]",Objects/Objects/DeviceSet/PLC/DataBlocksGlobal/gtyp_Interface_Dashboard/Subscribe/State_NFC_Device/History
Interface_Dashboard,9,Variable,string,"ExtensionObject(TypeId=NodeId(Identifier='TE_""typ_History""', NamespaceIndex=3, NodeIdType=<NodeIdType.String: 3>), Bo...","ns=3;s=""gtyp_Interface_Dashboard"".""Subscribe"".""State_NFC_Device"".""History""[9]",Objects/Objects/DeviceSet/PLC/DataBlocksGlobal/gtyp_Interface_Dashboard/Subscribe/State_NFC_Device/History
Interface_Dashboard,10,Variable,string,"ExtensionObject(TypeId=NodeId(Identifier='TE_""typ_History""', NamespaceIndex=3, NodeIdType=<NodeIdType.String: 3>), Bo...","ns=3;s=""gtyp_Interface_Dashboard"".""Subscribe"".""State_NFC_Device"".""History""[10]",Objects/Objects/DeviceSet/PLC/DataBlocksGlobal/gtyp_Interface_Dashboard/Subscribe/State_NFC_Device/History
Interface_Dashboard,11,Variable,string,"ExtensionObject(TypeId=NodeId(Identifier='TE_""typ_History""', NamespaceIndex=3, NodeIdType=<NodeIdType.String: 3>), Bo...","ns=3;s=""gtyp_Interface_Dashboard"".""Subscribe"".""State_NFC_Device"".""History""[11]",Objects/Objects/DeviceSet/PLC/DataBlocksGlobal/gtyp_Interface_Dashboard/Subscribe/State_NFC_Device/History
Interface_Dashboard,12,Variable,string,"ExtensionObject(TypeId=NodeId(Identifier='TE_""typ_History""', NamespaceIndex=3, NodeIdType=<NodeIdType.String: 3>), Bo...","ns=3;s=""gtyp_Interface_Dashboard"".""Subscribe"".""State_NFC_Device"".""History""[12]",Objects/Objects/DeviceSet/PLC/DataBlocksGlobal/gtyp_Interface_Dashboard/Subscribe/State_NFC_Device/History
Interface_Dashboard,13,Variable,string,"ExtensionObject(TypeId=NodeId(Identifier='TE_""typ_History""', NamespaceIndex=3, NodeIdType=<NodeIdType.String: 3>), Bo...","ns=3;s=""gtyp_Interface_Dashboard"".""Subscribe"".""State_NFC_Device"".""History""[13]",Objects/Objects/DeviceSet/PLC/DataBlocksGlobal/gtyp_Interface_Dashboard/Subscribe/State_NFC_Device/History
Interface_Dashboard,14,Variable,string,"ExtensionObject(TypeId=NodeId(Identifier='TE_""typ_History""', NamespaceIndex=3, NodeIdType=<NodeIdType.String: 3>), Bo...","ns=3;s=""gtyp_Interface_Dashboard"".""Subscribe"".""State_NFC_Device"".""History""[14]",Objects/Objects/DeviceSet/PLC/DataBlocksGlobal/gtyp_Interface_Dashboard/Subscribe/State_NFC_Device/History
Interface_Dashboard,15,Variable,string,"ExtensionObject(TypeId=NodeId(Identifier='TE_""typ_History""', NamespaceIndex=3, NodeIdType=<NodeIdType.String: 3>), Bo...","ns=3;s=""gtyp_Interface_Dashboard"".""Subscribe"".""State_NFC_Device"".""History""[15]",Objects/Objects/DeviceSet/PLC/DataBlocksGlobal/gtyp_Interface_Dashboard/Subscribe/State_NFC_Device/History
Interface_Dashboard,16,Variable,string,"ExtensionObject(TypeId=NodeId(Identifier='TE_""typ_History""', NamespaceIndex=3, NodeIdType=<NodeIdType.String: 3>), Bo...","ns=3;s=""gtyp_Interface_Dashboard"".""Subscribe"".""State_NFC_Device"".""History""[16]",Objects/Objects/DeviceSet/PLC/DataBlocksGlobal/gtyp_Interface_Dashboard/Subscribe/State_NFC_Device/History
Interface_Dashboard,17,Variable,string,"ExtensionObject(TypeId=NodeId(Identifier='TE_""typ_History""', NamespaceIndex=3, NodeIdType=<NodeIdType.String: 3>), Bo...","ns=3;s=""gtyp_Interface_Dashboard"".""Subscribe"".""State_NFC_Device"".""History""[17]",Objects/Objects/DeviceSet/PLC/DataBlocksGlobal/gtyp_Interface_Dashboard/Subscribe/State_NFC_Device/History
Interface_Dashboard,18,Variable,string,"ExtensionObject(TypeId=NodeId(Identifier='TE_""typ_History""', NamespaceIndex=3, NodeIdType=<NodeIdType.String: 3>), Bo...","ns=3;s=""gtyp_Interface_Dashboard"".""Subscribe"".""State_NFC_Device"".""History""[18]",Objects/Objects/DeviceSet/PLC/DataBlocksGlobal/gtyp_Interface_Dashboard/Subscribe/State_NFC_Device/History
Interface_Dashboard,19,Variable,string,"ExtensionObject(TypeId=NodeId(Identifier='TE_""typ_History""', NamespaceIndex=3, NodeIdType=<NodeIdType.String: 3>), Bo...","ns=3;s=""gtyp_Interface_Dashboard"".""Subscribe"".""State_NFC_Device"".""History""[19]",Objects/Objects/DeviceSet/PLC/DataBlocksGlobal/gtyp_Interface_Dashboard/Subscribe/State_NFC_Device/History
Interface_Dashboard,ldt_ts,Variable,string,1601-01-01 00:00:00+00:00,"ns=3;s=""gtyp_Interface_Dashboard"".""Subscribe"".""State_NFC_Device"".""History""[0].""ldt_ts""",Objects/Objects/DeviceSet/PLC/DataBlocksGlobal/gtyp_Interface_Dashboard/Subscribe/State_NFC_Device/History/0
Interface_Dashboard,i_code,Variable,int,0,"ns=3;s=""gtyp_Interface_Dashboard"".""Subscribe"".""State_NFC_Device"".""History""[0].""i_code""",Objects/Objects/DeviceSet/PLC/DataBlocksGlobal/gtyp_Interface_Dashboard/Subscribe/State_NFC_Device/History/0
Interface_Dashboard,ldt_ts,Variable,string,1601-01-01 00:00:00+00:00,"ns=3;s=""gtyp_Interface_Dashboard"".""Subscribe"".""State_NFC_Device"".""History""[1].""ldt_ts""",Objects/Objects/DeviceSet/PLC/DataBlocksGlobal/gtyp_Interface_Dashboard/Subscribe/State_NFC_Device/History/1
Interface_Dashboard,i_code,Variable,int,0,"ns=3;s=""gtyp_Interface_Dashboard"".""Subscribe"".""State_NFC_Device"".""History""[1].""i_code""",Objects/Objects/DeviceSet/PLC/DataBlocksGlobal/gtyp_Interface_Dashboard/Subscribe/State_NFC_Device/History/1
Interface_Dashboard,ldt_ts,Variable,string,1601-01-01 00:00:00+00:00,"ns=3;s=""gtyp_Interface_Dashboard"".""Subscribe"".""State_NFC_Device"".""History""[10].""ldt_ts""",Objects/Objects/DeviceSet/PLC/DataBlocksGlobal/gtyp_Interface_Dashboard/Subscribe/State_NFC_Device/History/10
Interface_Dashboard,i_code,Variable,int,0,"ns=3;s=""gtyp_Interface_Dashboard"".""Subscribe"".""State_NFC_Device"".""History""[10].""i_code""",Objects/Objects/DeviceSet/PLC/DataBlocksGlobal/gtyp_Interface_Dashboard/Subscribe/State_NFC_Device/History/10
Interface_Dashboard,ldt_ts,Variable,string,1601-01-01 00:00:00+00:00,"ns=3;s=""gtyp_Interface_Dashboard"".""Subscribe"".""State_NFC_Device"".""History""[11].""ldt_ts""",Objects/Objects/DeviceSet/PLC/DataBlocksGlobal/gtyp_Interface_Dashboard/Subscribe/State_NFC_Device/History/11
Interface_Dashboard,i_code,Variable,int,0,"ns=3;s=""gtyp_Interface_Dashboard"".""Subscribe"".""State_NFC_Device"".""History""[11].""i_code""",Objects/Objects/DeviceSet/PLC/DataBlocksGlobal/gtyp_Interface_Dashboard/Subscribe/State_NFC_Device/History/11
Interface_Dashboard,ldt_ts,Variable,string,1601-01-01 00:00:00+00:00,"ns=3;s=""gtyp_Interface_Dashboard"".""Subscribe"".""State_NFC_Device"".""History""[12].""ldt_ts""",Objects/Objects/DeviceSet/PLC/DataBlocksGlobal/gtyp_Interface_Dashboard/Subscribe/State_NFC_Device/History/12
Interface_Dashboard,i_code,Variable,int,0,"ns=3;s=""gtyp_Interface_Dashboard"".""Subscribe"".""State_NFC_Device"".""History""[12].""i_code""",Objects/Objects/DeviceSet/PLC/DataBlocksGlobal/gtyp_Interface_Dashboard/Subscribe/State_NFC_Device/History/12
Interface_Dashboard,ldt_ts,Variable,string,1601-01-01 00:00:00+00:00,"ns=3;s=""gtyp_Interface_Dashboard"".""Subscribe"".""State_NFC_Device"".""History""[13].""ldt_ts""",Objects/Objects/DeviceSet/PLC/DataBlocksGlobal/gtyp_Interface_Dashboard/Subscribe/State_NFC_Device/History/13
Interface_Dashboard,i_code,Variable,int,0,"ns=3;s=""gtyp_Interface_Dashboard"".""Subscribe"".""State_NFC_Device"".""History""[13].""i_code""",Objects/Objects/DeviceSet/PLC/DataBlocksGlobal/gtyp_Interface_Dashboard/Subscribe/State_NFC_Device/History/13
Interface_Dashboard,ldt_ts,Variable,string,1601-01-01 00:00:00+00:00,"ns=3;s=""gtyp_Interface_Dashboard"".""Subscribe"".""State_NFC_Device"".""History""[14].""ldt_ts""",Objects/Objects/DeviceSet/PLC/DataBlocksGlobal/gtyp_Interface_Dashboard/Subscribe/State_NFC_Device/History/14
Interface_Dashboard,i_code,Variable,int,0,"ns=3;s=""gtyp_Interface_Dashboard"".""Subscribe"".""State_NFC_Device"".""History""[14].""i_code""",Objects/Objects/DeviceSet/PLC/DataBlocksGlobal/gtyp_Interface_Dashboard/Subscribe/State_NFC_Device/History/14
Interface_Dashboard,ldt_ts,Variable,string,1601-01-01 00:00:00+00:00,"ns=3;s=""gtyp_Interface_Dashboard"".""Subscribe"".""State_NFC_Device"".""History""[15].""ldt_ts""",Objects/Objects/DeviceSet/PLC/DataBlocksGlobal/gtyp_Interface_Dashboard/Subscribe/State_NFC_Device/History/15
Interface_Dashboard,i_code,Variable,int,0,"ns=3;s=""gtyp_Interface_Dashboard"".""Subscribe"".""State_NFC_Device"".""History""[15].""i_code""",Objects/Objects/DeviceSet/PLC/DataBlocksGlobal/gtyp_Interface_Dashboard/Subscribe/State_NFC_Device/History/15
Interface_Dashboard,ldt_ts,Variable,string,1601-01-01 00:00:00+00:00,"ns=3;s=""gtyp_Interface_Dashboard"".""Subscribe"".""State_NFC_Device"".""History""[16].""ldt_ts""",Objects/Objects/DeviceSet/PLC/DataBlocksGlobal/gtyp_Interface_Dashboard/Subscribe/State_NFC_Device/History/16
Interface_Dashboard,i_code,Variable,int,0,"ns=3;s=""gtyp_Interface_Dashboard"".""Subscribe"".""State_NFC_Device"".""History""[16].""i_code""",Objects/Objects/DeviceSet/PLC/DataBlocksGlobal/gtyp_Interface_Dashboard/Subscribe/State_NFC_Device/History/16
Interface_Dashboard,ldt_ts,Variable,string,1601-01-01 00:00:00+00:00,"ns=3;s=""gtyp_Interface_Dashboard"".""Subscribe"".""State_NFC_Device"".""History""[17].""ldt_ts""",Objects/Objects/DeviceSet/PLC/DataBlocksGlobal/gtyp_Interface_Dashboard/Subscribe/State_NFC_Device/History/17
Interface_Dashboard,i_code,Variable,int,0,"ns=3;s=""gtyp_Interface_Dashboard"".""Subscribe"".""State_NFC_Device"".""History""[17].""i_code""",Objects/Objects/DeviceSet/PLC/DataBlocksGlobal/gtyp_Interface_Dashboard/Subscribe/State_NFC_Device/History/17
Interface_Dashboard,ldt_ts,Variable,string,1601-01-01 00:00:00+00:00,"ns=3;s=""gtyp_Interface_Dashboard"".""Subscribe"".""State_NFC_Device"".""History""[18].""ldt_ts""",Objects/Objects/DeviceSet/PLC/DataBlocksGlobal/gtyp_Interface_Dashboard/Subscribe/State_NFC_Device/History/18
Interface_Dashboard,i_code,Variable,int,0,"ns=3;s=""gtyp_Interface_Dashboard"".""Subscribe"".""State_NFC_Device"".""History""[18].""i_code""",Objects/Objects/DeviceSet/PLC/DataBlocksGlobal/gtyp_Interface_Dashboard/Subscribe/State_NFC_Device/History/18
Interface_Dashboard,ldt_ts,Variable,string,1601-01-01 00:00:00+00:00,"ns=3;s=""gtyp_Interface_Dashboard"".""Subscribe"".""State_NFC_Device"".""History""[19].""ldt_ts""",Objects/Objects/DeviceSet/PLC/DataBlocksGlobal/gtyp_Interface_Dashboard/Subscribe/State_NFC_Device/History/19
Interface_Dashboard,i_code,Variable,int,0,"ns=3;s=""gtyp_Interface_Dashboard"".""Subscribe"".""State_NFC_Device"".""History""[19].""i_code""",Objects/Objects/DeviceSet/PLC/DataBlocksGlobal/gtyp_Interface_Dashboard/Subscribe/State_NFC_Device/History/19
Interface_Dashboard,ldt_ts,Variable,string,1601-01-01 00:00:00+00:00,"ns=3;s=""gtyp_Interface_Dashboard"".""Subscribe"".""State_NFC_Device"".""History""[2].""ldt_ts""",Objects/Objects/DeviceSet/PLC/DataBlocksGlobal/gtyp_Interface_Dashboard/Subscribe/State_NFC_Device/History/2
Interface_Dashboard,i_code,Variable,int,0,"ns=3;s=""gtyp_Interface_Dashboard"".""Subscribe"".""State_NFC_Device"".""History""[2].""i_code""",Objects/Objects/DeviceSet/PLC/DataBlocksGlobal/gtyp_Interface_Dashboard/Subscribe/State_NFC_Device/History/2
Interface_Dashboard,ldt_ts,Variable,string,1601-01-01 00:00:00+00:00,"ns=3;s=""gtyp_Interface_Dashboard"".""Subscribe"".""State_NFC_Device"".""History""[3].""ldt_ts""",Objects/Objects/DeviceSet/PLC/DataBlocksGlobal/gtyp_Interface_Dashboard/Subscribe/State_NFC_Device/History/3
Interface_Dashboard,i_code,Variable,int,0,"ns=3;s=""gtyp_Interface_Dashboard"".""Subscribe"".""State_NFC_Device"".""History""[3].""i_code""",Objects/Objects/DeviceSet/PLC/DataBlocksGlobal/gtyp_Interface_Dashboard/Subscribe/State_NFC_Device/History/3
Interface_Dashboard,ldt_ts,Variable,string,1601-01-01 00:00:00+00:00,"ns=3;s=""gtyp_Interface_Dashboard"".""Subscribe"".""State_NFC_Device"".""History""[4].""ldt_ts""",Objects/Objects/DeviceSet/PLC/DataBlocksGlobal/gtyp_Interface_Dashboard/Subscribe/State_NFC_Device/History/4
Interface_Dashboard,i_code,Variable,int,0,"ns=3;s=""gtyp_Interface_Dashboard"".""Subscribe"".""State_NFC_Device"".""History""[4].""i_code""",Objects/Objects/DeviceSet/PLC/DataBlocksGlobal/gtyp_Interface_Dashboard/Subscribe/State_NFC_Device/History/4
Interface_Dashboard,ldt_ts,Variable,string,1601-01-01 00:00:00+00:00,"ns=3;s=""gtyp_Interface_Dashboard"".""Subscribe"".""State_NFC_Device"".""History""[5].""ldt_ts""",Objects/Objects/DeviceSet/PLC/DataBlocksGlobal/gtyp_Interface_Dashboard/Subscribe/State_NFC_Device/History/5
Interface_Dashboard,i_code,Variable,int,0,"ns=3;s=""gtyp_Interface_Dashboard"".""Subscribe"".""State_NFC_Device"".""History""[5].""i_code""",Objects/Objects/DeviceSet/PLC/DataBlocksGlobal/gtyp_Interface_Dashboard/Subscribe/State_NFC_Device/History/5
Interface_Dashboard,ldt_ts,Variable,string,1601-01-01 00:00:00+00:00,"ns=3;s=""gtyp_Interface_Dashboard"".""Subscribe"".""State_NFC_Device"".""History""[6].""ldt_ts""",Objects/Objects/DeviceSet/PLC/DataBlocksGlobal/gtyp_Interface_Dashboard/Subscribe/State_NFC_Device/History/6
Interface_Dashboard,i_code,Variable,int,0,"ns=3;s=""gtyp_Interface_Dashboard"".""Subscribe"".""State_NFC_Device"".""History""[6].""i_code""",Objects/Objects/DeviceSet/PLC/DataBlocksGlobal/gtyp_Interface_Dashboard/Subscribe/State_NFC_Device/History/6
Interface_Dashboard,ldt_ts,Variable,string,1601-01-01 00:00:00+00:00,"ns=3;s=""gtyp_Interface_Dashboard"".""Subscribe"".""State_NFC_Device"".""History""[7].""ldt_ts""",Objects/Objects/DeviceSet/PLC/DataBlocksGlobal/gtyp_Interface_Dashboard/Subscribe/State_NFC_Device/History/7
Interface_Dashboard,i_code,Variable,int,0,"ns=3;s=""gtyp_Interface_Dashboard"".""Subscribe"".""State_NFC_Device"".""History""[7].""i_code""",Objects/Objects/DeviceSet/PLC/DataBlocksGlobal/gtyp_Interface_Dashboard/Subscribe/State_NFC_Device/History/7
Interface_Dashboard,ldt_ts,Variable,string,1601-01-01 00:00:00+00:00,"ns=3;s=""gtyp_Interface_Dashboard"".""Subscribe"".""State_NFC_Device"".""History""[8].""ldt_ts""",Objects/Objects/DeviceSet/PLC/DataBlocksGlobal/gtyp_Interface_Dashboard/Subscribe/State_NFC_Device/History/8
Interface_Dashboard,i_code,Variable,int,0,"ns=3;s=""gtyp_Interface_Dashboard"".""Subscribe"".""State_NFC_Device"".""History""[8].""i_code""",Objects/Objects/DeviceSet/PLC/DataBlocksGlobal/gtyp_Interface_Dashboard/Subscribe/State_NFC_Device/History/8
Interface_Dashboard,ldt_ts,Variable,string,1601-01-01 00:00:00+00:00,"ns=3;s=""gtyp_Interface_Dashboard"".""Subscribe"".""State_NFC_Device"".""History""[9].""ldt_ts""",Objects/Objects/DeviceSet/PLC/DataBlocksGlobal/gtyp_Interface_Dashboard/Subscribe/State_NFC_Device/History/9
Interface_Dashboard,i_code,Variable,int,0,"ns=3;s=""gtyp_Interface_Dashboard"".""Subscribe"".""State_NFC_Device"".""History""[9].""i_code""",Objects/Objects/DeviceSet/PLC/DataBlocksGlobal/gtyp_Interface_Dashboard/Subscribe/State_NFC_Device/History/9
Interface_Dashboard,s_id,Variable,string,,"ns=3;s=""gtyp_Interface_Dashboard"".""Subscribe"".""State_NFC_Device"".""Workpiece"".""s_id""",Objects/Objects/DeviceSet/PLC/DataBlocksGlobal/gtyp_Interface_Dashboard/Subscribe/State_NFC_Device/Workpiece
Interface_Dashboard,s_type,Variable,string,,"ns=3;s=""gtyp_Interface_Dashboard"".""Subscribe"".""State_NFC_Device"".""Workpiece"".""s_type""",Objects/Objects/DeviceSet/PLC/DataBlocksGlobal/gtyp_Interface_Dashboard/Subscribe/State_NFC_Device/Workpiece
Interface_Dashboard,s_state,Variable,string,,"ns=3;s=""gtyp_Interface_Dashboard"".""Subscribe"".""State_NFC_Device"".""Workpiece"".""s_state""",Objects/Objects/DeviceSet/PLC/DataBlocksGlobal/gtyp_Interface_Dashboard/Subscribe/State_NFC_Device/Workpiece
Interface_Dashboard,ldt_ts,Variable,string,1990-01-01 00:00:00+00:00,"ns=3;s=""gtyp_Interface_Dashboard"".""Subscribe"".""State_Order"".""ldt_ts""",Objects/Objects/DeviceSet/PLC/DataBlocksGlobal/gtyp_Interface_Dashboard/Subscribe/State_Order
Interface_Dashboard,s_state,Variable,string,WAITING_FOR_ORDER,"ns=3;s=""gtyp_Interface_Dashboard"".""Subscribe"".""State_Order"".""s_state""",Objects/Objects/DeviceSet/PLC/DataBlocksGlobal/gtyp_Interface_Dashboard/Subscribe/State_Order
Interface_Dashboard,s_type,Variable,string,,"ns=3;s=""gtyp_Interface_Dashboard"".""Subscribe"".""State_Order"".""s_type""",Objects/Objects/DeviceSet/PLC/DataBlocksGlobal/gtyp_Interface_Dashboard/Subscribe/State_Order
Interface_Dashboard,ldt_ts,Variable,string,2026-08-14 06:58:17.773000+00:00,"ns=3;s=""gtyp_Interface_Dashboard"".""Subscribe"".""State_SLD"".""ldt_ts""",Objects/Objects/DeviceSet/PLC/DataBlocksGlobal/gtyp_Interface_Dashboard/Subscribe/State_SLD
Interface_Dashboard,s_station,Variable,string,sld,"ns=3;s=""gtyp_Interface_Dashboard"".""Subscribe"".""State_SLD"".""s_station""",Objects/Objects/DeviceSet/PLC/DataBlocksGlobal/gtyp_Interface_Dashboard/Subscribe/State_SLD
Interface_Dashboard,i_code,Variable,int,1,"ns=3;s=""gtyp_Interface_Dashboard"".""Subscribe"".""State_SLD"".""i_code""",Objects/Objects/DeviceSet/PLC/DataBlocksGlobal/gtyp_Interface_Dashboard/Subscribe/State_SLD
Interface_Dashboard,s_description,Variable,string,,"ns=3;s=""gtyp_Interface_Dashboard"".""Subscribe"".""State_SLD"".""s_description""",Objects/Objects/DeviceSet/PLC/DataBlocksGlobal/gtyp_Interface_Dashboard/Subscribe/State_SLD
Interface_Dashboard,x_active,Variable,bool,False,"ns=3;s=""gtyp_Interface_Dashboard"".""Subscribe"".""State_SLD"".""x_active""",Objects/Objects/DeviceSet/PLC/DataBlocksGlobal/gtyp_Interface_Dashboard/Subscribe/State_SLD
Interface_Dashboard,s_target,Variable,string,,"ns=3;s=""gtyp_Interface_Dashboard"".""Subscribe"".""State_SLD"".""s_target""",Objects/Objects/DeviceSet/PLC/DataBlocksGlobal/gtyp_Interface_Dashboard/Subscribe/State_SLD
Interface_Dashboard,ldt_ts,Variable,string,2026-08-14 06:58:17.793000+00:00,"ns=3;s=""gtyp_Interface_Dashboard"".""Subscribe"".""State_VGR"".""ldt_ts""",Objects/Objects/DeviceSet/PLC/DataBlocksGlobal/gtyp_Interface_Dashboard/Subscribe/State_VGR
Interface_Dashboard,s_station,Variable,string,vgr,"ns=3;s=""gtyp_Interface_Dashboard"".""Subscribe"".""State_VGR"".""s_station""",Objects/Objects/DeviceSet/PLC/DataBlocksGlobal/gtyp_Interface_Dashboard/Subscribe/State_VGR
Interface_Dashboard,i_code,Variable,int,1,"ns=3;s=""gtyp_Interface_Dashboard"".""Subscribe"".""State_VGR"".""i_code""",Objects/Objects/DeviceSet/PLC/DataBlocksGlobal/gtyp_Interface_Dashboard/Subscribe/State_VGR
Interface_Dashboard,s_description,Variable,string,,"ns=3;s=""gtyp_Interface_Dashboard"".""Subscribe"".""State_VGR"".""s_description""",Objects/Objects/DeviceSet/PLC/DataBlocksGlobal/gtyp_Interface_Dashboard/Subscribe/State_VGR
Interface_Dashboard,x_active,Variable,bool,False,"ns=3;s=""gtyp_Interface_Dashboard"".""Subscribe"".""State_VGR"".""x_active""",Objects/Objects/DeviceSet/PLC/DataBlocksGlobal/gtyp_Interface_Dashboard/Subscribe/State_VGR
Interface_Dashboard,s_target,Variable,string,,"ns=3;s=""gtyp_Interface_Dashboard"".""Subscribe"".""State_VGR"".""s_target""",Objects/Objects/DeviceSet/PLC/DataBlocksGlobal/gtyp_Interface_Dashboard/Subscribe/State_VGR
Interface_Dashboard,ldt_ts,Variable,string,2026-08-14 06:58:17.794000+00:00,"ns=3;s=""gtyp_Interface_Dashboard"".""Subscribe"".""Stock_HBW"".""ldt_ts""",Objects/Objects/DeviceSet/PLC/DataBlocksGlobal/gtyp_Interface_Dashboard/Subscribe/Stock_HBW
Interface_Dashboard,StockItem,Variable,string,"[[ExtensionObject(TypeId=NodeId(Identifier='TE_""typ_Workpiece""', NamespaceIndex=3, NodeIdType=<NodeIdType.String: 3>)...","ns=3;s=""gtyp_Interface_Dashboard"".""Subscribe"".""Stock_HBW"".""StockItem""",Objects/Objects/DeviceSet/PLC/DataBlocksGlobal/gtyp_Interface_Dashboard/Subscribe/Stock_HBW
Interface_Dashboard,s_location,Variable,string,,"ns=3;s=""gtyp_Interface_Dashboard"".""Subscribe"".""Stock_HBW"".""s_location""",Objects/Objects/DeviceSet/PLC/DataBlocksGlobal/gtyp_Interface_Dashboard/Subscribe/Stock_HBW
Interface_Dashboard,"0,0",Variable,string,"ExtensionObject(TypeId=NodeId(Identifier='TE_""typ_Workpiece""', NamespaceIndex=3, NodeIdType=<NodeIdType.String: 3>), ...","ns=3;s=""gtyp_Interface_Dashboard"".""Subscribe"".""Stock_HBW"".""StockItem""[0,0]",Objects/Objects/DeviceSet/PLC/DataBlocksGlobal/gtyp_Interface_Dashboard/Subscribe/Stock_HBW/StockItem
Interface_Dashboard,"0,1",Variable,string,"ExtensionObject(TypeId=NodeId(Identifier='TE_""typ_Workpiece""', NamespaceIndex=3, NodeIdType=<NodeIdType.String: 3>), ...","ns=3;s=""gtyp_Interface_Dashboard"".""Subscribe"".""Stock_HBW"".""StockItem""[0,1]",Objects/Objects/DeviceSet/PLC/DataBlocksGlobal/gtyp_Interface_Dashboard/Subscribe/Stock_HBW/StockItem
Interface_Dashboard,"0,2",Variable,string,"ExtensionObject(TypeId=NodeId(Identifier='TE_""typ_Workpiece""', NamespaceIndex=3, NodeIdType=<NodeIdType.String: 3>), ...","ns=3;s=""gtyp_Interface_Dashboard"".""Subscribe"".""Stock_HBW"".""StockItem""[0,2]",Objects/Objects/DeviceSet/PLC/DataBlocksGlobal/gtyp_Interface_Dashboard/Subscribe/Stock_HBW/StockItem
Interface_Dashboard,"1,0",Variable,string,"ExtensionObject(TypeId=NodeId(Identifier='TE_""typ_Workpiece""', NamespaceIndex=3, NodeIdType=<NodeIdType.String: 3>), ...","ns=3;s=""gtyp_Interface_Dashboard"".""Subscribe"".""Stock_HBW"".""StockItem""[1,0]",Objects/Objects/DeviceSet/PLC/DataBlocksGlobal/gtyp_Interface_Dashboard/Subscribe/Stock_HBW/StockItem
Interface_Dashboard,"1,1",Variable,string,"ExtensionObject(TypeId=NodeId(Identifier='TE_""typ_Workpiece""', NamespaceIndex=3, NodeIdType=<NodeIdType.String: 3>), ...","ns=3;s=""gtyp_Interface_Dashboard"".""Subscribe"".""Stock_HBW"".""StockItem""[1,1]",Objects/Objects/DeviceSet/PLC/DataBlocksGlobal/gtyp_Interface_Dashboard/Subscribe/Stock_HBW/StockItem
Interface_Dashboard,"1,2",Variable,string,"ExtensionObject(TypeId=NodeId(Identifier='TE_""typ_Workpiece""', NamespaceIndex=3, NodeIdType=<NodeIdType.String: 3>), ...","ns=3;s=""gtyp_Interface_Dashboard"".""Subscribe"".""Stock_HBW"".""StockItem""[1,2]",Objects/Objects/DeviceSet/PLC/DataBlocksGlobal/gtyp_Interface_Dashboard/Subscribe/Stock_HBW/StockItem
Interface_Dashboard,"2,0",Variable,string,"ExtensionObject(TypeId=NodeId(Identifier='TE_""typ_Workpiece""', NamespaceIndex=3, NodeIdType=<NodeIdType.String: 3>), ...","ns=3;s=""gtyp_Interface_Dashboard"".""Subscribe"".""Stock_HBW"".""StockItem""[2,0]",Objects/Objects/DeviceSet/PLC/DataBlocksGlobal/gtyp_Interface_Dashboard/Subscribe/Stock_HBW/StockItem
Interface_Dashboard,"2,1",Variable,string,"ExtensionObject(TypeId=NodeId(Identifier='TE_""typ_Workpiece""', NamespaceIndex=3, NodeIdType=<NodeIdType.String: 3>), ...","ns=3;s=""gtyp_Interface_Dashboard"".""Subscribe"".""Stock_HBW"".""StockItem""[2,1]",Objects/Objects/DeviceSet/PLC/DataBlocksGlobal/gtyp_Interface_Dashboard/Subscribe/Stock_HBW/StockItem
Interface_Dashboard,"2,2",Variable,string,"ExtensionObject(TypeId=NodeId(Identifier='TE_""typ_Workpiece""', NamespaceIndex=3, NodeIdType=<NodeIdType.String: 3>), ...","ns=3;s=""gtyp_Interface_Dashboard"".""Subscribe"".""Stock_HBW"".""StockItem""[2,2]",Objects/Objects/DeviceSet/PLC/DataBlocksGlobal/gtyp_Interface_Dashboard/Subscribe/Stock_HBW/StockItem
Interface_Dashboard,s_id,Variable,string,0,"ns=3;s=""gtyp_Interface_Dashboard"".""Subscribe"".""Stock_HBW"".""StockItem""[0,0].""s_id""","Objects/Objects/DeviceSet/PLC/DataBlocksGlobal/gtyp_Interface_Dashboard/Subscribe/Stock_HBW/StockItem/0,0"
Interface_Dashboard,s_type,Variable,string,,"ns=3;s=""gtyp_Interface_Dashboard"".""Subscribe"".""Stock_HBW"".""StockItem""[0,0].""s_type""","Objects/Objects/DeviceSet/PLC/DataBlocksGlobal/gtyp_Interface_Dashboard/Subscribe/Stock_HBW/StockItem/0,0"
Interface_Dashboard,s_state,Variable,string,,"ns=3;s=""gtyp_Interface_Dashboard"".""Subscribe"".""Stock_HBW"".""StockItem""[0,0].""s_state""","Objects/Objects/DeviceSet/PLC/DataBlocksGlobal/gtyp_Interface_Dashboard/Subscribe/Stock_HBW/StockItem/0,0"
Interface_Dashboard,s_id,Variable,string,0,"ns=3;s=""gtyp_Interface_Dashboard"".""Subscribe"".""Stock_HBW"".""StockItem""[0,1].""s_id""","Objects/Objects/DeviceSet/PLC/DataBlocksGlobal/gtyp_Interface_Dashboard/Subscribe/Stock_HBW/StockItem/0,1"
Interface_Dashboard,s_type,Variable,string,,"ns=3;s=""gtyp_Interface_Dashboard"".""Subscribe"".""Stock_HBW"".""StockItem""[0,1].""s_type""","Objects/Objects/DeviceSet/PLC/DataBlocksGlobal/gtyp_Interface_Dashboard/Subscribe/Stock_HBW/StockItem/0,1"
Interface_Dashboard,s_state,Variable,string,,"ns=3;s=""gtyp_Interface_Dashboard"".""Subscribe"".""Stock_HBW"".""StockItem""[0,1].""s_state""","Objects/Objects/DeviceSet/PLC/DataBlocksGlobal/gtyp_Interface_Dashboard/Subscribe/Stock_HBW/StockItem/0,1"
Interface_Dashboard,s_id,Variable,string,0,"ns=3;s=""gtyp_Interface_Dashboard"".""Subscribe"".""Stock_HBW"".""StockItem""[0,2].""s_id""","Objects/Objects/DeviceSet/PLC/DataBlocksGlobal/gtyp_Interface_Dashboard/Subscribe/Stock_HBW/StockItem/0,2"
Interface_Dashboard,s_type,Variable,string,,"ns=3;s=""gtyp_Interface_Dashboard"".""Subscribe"".""Stock_HBW"".""StockItem""[0,2].""s_type""","Objects/Objects/DeviceSet/PLC/DataBlocksGlobal/gtyp_Interface_Dashboard/Subscribe/Stock_HBW/StockItem/0,2"
Interface_Dashboard,s_state,Variable,string,,"ns=3;s=""gtyp_Interface_Dashboard"".""Subscribe"".""Stock_HBW"".""StockItem""[0,2].""s_state""","Objects/Objects/DeviceSet/PLC/DataBlocksGlobal/gtyp_Interface_Dashboard/Subscribe/Stock_HBW/StockItem/0,2"
Interface_Dashboard,s_id,Variable,string,0,"ns=3;s=""gtyp_Interface_Dashboard"".""Subscribe"".""Stock_HBW"".""StockItem""[1,0].""s_id""","Objects/Objects/DeviceSet/PLC/DataBlocksGlobal/gtyp_Interface_Dashboard/Subscribe/Stock_HBW/StockItem/1,0"
Interface_Dashboard,s_type,Variable,string,,"ns=3;s=""gtyp_Interface_Dashboard"".""Subscribe"".""Stock_HBW"".""StockItem""[1,0].""s_type""","Objects/Objects/DeviceSet/PLC/DataBlocksGlobal/gtyp_Interface_Dashboard/Subscribe/Stock_HBW/StockItem/1,0"
Interface_Dashboard,s_state,Variable,string,,"ns=3;s=""gtyp_Interface_Dashboard"".""Subscribe"".""Stock_HBW"".""StockItem""[1,0].""s_state""","Objects/Objects/DeviceSet/PLC/DataBlocksGlobal/gtyp_Interface_Dashboard/Subscribe/Stock_HBW/StockItem/1,0"
Interface_Dashboard,s_id,Variable,string,0,"ns=3;s=""gtyp_Interface_Dashboard"".""Subscribe"".""Stock_HBW"".""StockItem""[1,1].""s_id""","Objects/Objects/DeviceSet/PLC/DataBlocksGlobal/gtyp_Interface_Dashboard/Subscribe/Stock_HBW/StockItem/1,1"
Interface_Dashboard,s_type,Variable,string,,"ns=3;s=""gtyp_Interface_Dashboard"".""Subscribe"".""Stock_HBW"".""StockItem""[1,1].""s_type""","Objects/Objects/DeviceSet/PLC/DataBlocksGlobal/gtyp_Interface_Dashboard/Subscribe/Stock_HBW/StockItem/1,1"
Interface_Dashboard,s_state,Variable,string,,"ns=3;s=""gtyp_Interface_Dashboard"".""Subscribe"".""Stock_HBW"".""StockItem""[1,1].""s_state""","Objects/Objects/DeviceSet/PLC/DataBlocksGlobal/gtyp_Interface_Dashboard/Subscribe/Stock_HBW/StockItem/1,1"
Interface_Dashboard,s_id,Variable,string,0,"ns=3;s=""gtyp_Interface_Dashboard"".""Subscribe"".""Stock_HBW"".""StockItem""[1,2].""s_id""","Objects/Objects/DeviceSet/PLC/DataBlocksGlobal/gtyp_Interface_Dashboard/Subscribe/Stock_HBW/StockItem/1,2"
Interface_Dashboard,s_type,Variable,string,,"ns=3;s=""gtyp_Interface_Dashboard"".""Subscribe"".""Stock_HBW"".""StockItem""[1,2].""s_type""","Objects/Objects/DeviceSet/PLC/DataBlocksGlobal/gtyp_Interface_Dashboard/Subscribe/Stock_HBW/StockItem/1,2"
Interface_Dashboard,s_state,Variable,string,,"ns=3;s=""gtyp_Interface_Dashboard"".""Subscribe"".""Stock_HBW"".""StockItem""[1,2].""s_state""","Objects/Objects/DeviceSet/PLC/DataBlocksGlobal/gtyp_Interface_Dashboard/Subscribe/Stock_HBW/StockItem/1,2"
Interface_Dashboard,s_id,Variable,string,0,"ns=3;s=""gtyp_Interface_Dashboard"".""Subscribe"".""Stock_HBW"".""StockItem""[2,0].""s_id""","Objects/Objects/DeviceSet/PLC/DataBlocksGlobal/gtyp_Interface_Dashboard/Subscribe/Stock_HBW/StockItem/2,0"
Interface_Dashboard,s_type,Variable,string,,"ns=3;s=""gtyp_Interface_Dashboard"".""Subscribe"".""Stock_HBW"".""StockItem""[2,0].""s_type""","Objects/Objects/DeviceSet/PLC/DataBlocksGlobal/gtyp_Interface_Dashboard/Subscribe/Stock_HBW/StockItem/2,0"
Interface_Dashboard,s_state,Variable,string,,"ns=3;s=""gtyp_Interface_Dashboard"".""Subscribe"".""Stock_HBW"".""StockItem""[2,0].""s_state""","Objects/Objects/DeviceSet/PLC/DataBlocksGlobal/gtyp_Interface_Dashboard/Subscribe/Stock_HBW/StockItem/2,0"
Interface_Dashboard,s_id,Variable,string,04c34892186587,"ns=3;s=""gtyp_Interface_Dashboard"".""Subscribe"".""Stock_HBW"".""StockItem""[2,1].""s_id""","Objects/Objects/DeviceSet/PLC/DataBlocksGlobal/gtyp_Interface_Dashboard/Subscribe/Stock_HBW/StockItem/2,1"
Interface_Dashboard,s_type,Variable,string,BLUE,"ns=3;s=""gtyp_Interface_Dashboard"".""Subscribe"".""Stock_HBW"".""StockItem""[2,1].""s_type""","Objects/Objects/DeviceSet/PLC/DataBlocksGlobal/gtyp_Interface_Dashboard/Subscribe/Stock_HBW/StockItem/2,1"
Interface_Dashboard,s_state,Variable,string,RAW,"ns=3;s=""gtyp_Interface_Dashboard"".""Subscribe"".""Stock_HBW"".""StockItem""[2,1].""s_state""","Objects/Objects/DeviceSet/PLC/DataBlocksGlobal/gtyp_Interface_Dashboard/Subscribe/Stock_HBW/StockItem/2,1"
Interface_Dashboard,s_id,Variable,string,04c34892186588,"ns=3;s=""gtyp_Interface_Dashboard"".""Subscribe"".""Stock_HBW"".""StockItem""[2,2].""s_id""","Objects/Objects/DeviceSet/PLC/DataBlocksGlobal/gtyp_Interface_Dashboard/Subscribe/Stock_HBW/StockItem/2,2"
Interface_Dashboard,s_type,Variable,string,BLUE,"ns=3;s=""gtyp_Interface_Dashboard"".""Subscribe"".""Stock_HBW"".""StockItem""[2,2].""s_type""","Objects/Objects/DeviceSet/PLC/DataBlocksGlobal/gtyp_Interface_Dashboard/Subscribe/Stock_HBW/StockItem/2,2"
Interface_Dashboard,s_state,Variable,string,RAW,"ns=3;s=""gtyp_Interface_Dashboard"".""Subscribe"".""Stock_HBW"".""StockItem""[2,2].""s_state""","Objects/Objects/DeviceSet/PLC/DataBlocksGlobal/gtyp_Interface_Dashboard/Subscribe/Stock_HBW/StockItem/2,2"
Interface_TXT_Controler,gtyp_Interface_TXT_Controler,Object,,,"ns=3;s=""gtyp_Interface_TXT_Controler""",Objects/Objects/DeviceSet/PLC/DataBlocksGlobal
Interface_TXT_Controler,Subscribe,Variable,string,"ExtensionObject(TypeId=NodeId(Identifier='TE_""typ_MQTT_Interface_TXT_Controler_Subscribe""', NamespaceIndex=3, NodeIdT...","ns=3;s=""gtyp_Interface_TXT_Controler"".""Subscribe""",Objects/Objects/DeviceSet/PLC/DataBlocksGlobal/gtyp_Interface_TXT_Controler
Interface_TXT_Controler,Publish,Variable,string,"ExtensionObject(TypeId=NodeId(Identifier='TE_""typ_MQTT_ Interface_TXT_Controler_Publish""', NamespaceIndex=3, NodeIdTy...","ns=3;s=""gtyp_Interface_TXT_Controler"".""Publish""",Objects/Objects/DeviceSet/PLC/DataBlocksGlobal/gtyp_Interface_TXT_Controler
Interface_TXT_Controler,ActionButtonNFCModule,Variable,string,"ExtensionObject(TypeId=NodeId(Identifier='TE_""typ_SPS_Action_Buttons_NFC_Module""', NamespaceIndex=3, NodeIdType=<Node...","ns=3;s=""gtyp_Interface_TXT_Controler"".""Publish"".""ActionButtonNFCModule""",Objects/Objects/DeviceSet/PLC/DataBlocksGlobal/gtyp_Interface_TXT_Controler/Publish
Interface_TXT_Controler,ldt_ts,Variable,string,2026-08-14 06:58:42.942000+00:00,"ns=3;s=""gtyp_Interface_TXT_Controler"".""Publish"".""ActionButtonNFCModule"".""ldt_ts""",Objects/Objects/DeviceSet/PLC/DataBlocksGlobal/gtyp_Interface_TXT_Controler/Publish/ActionButtonNFCModule
Interface_TXT_Controler,s_cmd,Variable,string,read_uid,"ns=3;s=""gtyp_Interface_TXT_Controler"".""Publish"".""ActionButtonNFCModule"".""s_cmd""",Objects/Objects/DeviceSet/PLC/DataBlocksGlobal/gtyp_Interface_TXT_Controler/Publish/ActionButtonNFCModule
Interface_TXT_Controler,Workpiece,Variable,string,"ExtensionObject(TypeId=NodeId(Identifier='TE_""typ_Workpiece""', NamespaceIndex=3, NodeIdType=<NodeIdType.String: 3>), ...","ns=3;s=""gtyp_Interface_TXT_Controler"".""Publish"".""ActionButtonNFCModule"".""Workpiece""",Objects/Objects/DeviceSet/PLC/DataBlocksGlobal/gtyp_Interface_TXT_Controler/Publish/ActionButtonNFCModule
Interface_TXT_Controler,History,Variable,string,"[ExtensionObject(TypeId=NodeId(Identifier='TE_""typ_History""', NamespaceIndex=3, NodeIdType=<NodeIdType.String: 3>), B...","ns=3;s=""gtyp_Interface_TXT_Controler"".""Publish"".""ActionButtonNFCModule"".""History""",Objects/Objects/DeviceSet/PLC/DataBlocksGlobal/gtyp_Interface_TXT_Controler/Publish/ActionButtonNFCModule
Interface_TXT_Controler,0,Variable,string,"ExtensionObject(TypeId=NodeId(Identifier='TE_""typ_History""', NamespaceIndex=3, NodeIdType=<NodeIdType.String: 3>), Bo...","ns=3;s=""gtyp_Interface_TXT_Controler"".""Publish"".""ActionButtonNFCModule"".""History""[0]",Objects/Objects/DeviceSet/PLC/DataBlocksGlobal/gtyp_Interface_TXT_Controler/Publish/ActionButtonNFCModule/History
Interface_TXT_Controler,1,Variable,string,"ExtensionObject(TypeId=NodeId(Identifier='TE_""typ_History""', NamespaceIndex=3, NodeIdType=<NodeIdType.String: 3>), Bo...","ns=3;s=""gtyp_Interface_TXT_Controler"".""Publish"".""ActionButtonNFCModule"".""History""[1]",Objects/Objects/DeviceSet/PLC/DataBlocksGlobal/gtyp_Interface_TXT_Controler/Publish/ActionButtonNFCModule/History
Interface_TXT_Controler,2,Variable,string,"ExtensionObject(TypeId=NodeId(Identifier='TE_""typ_History""', NamespaceIndex=3, NodeIdType=<NodeIdType.String: 3>), Bo...","ns=3;s=""gtyp_Interface_TXT_Controler"".""Publish"".""ActionButtonNFCModule"".""History""[2]",Objects/Objects/DeviceSet/PLC/DataBlocksGlobal/gtyp_Interface_TXT_Controler/Publish/ActionButtonNFCModule/History
Interface_TXT_Controler,3,Variable,string,"ExtensionObject(TypeId=NodeId(Identifier='TE_""typ_History""', NamespaceIndex=3, NodeIdType=<NodeIdType.String: 3>), Bo...","ns=3;s=""gtyp_Interface_TXT_Controler"".""Publish"".""ActionButtonNFCModule"".""History""[3]",Objects/Objects/DeviceSet/PLC/DataBlocksGlobal/gtyp_Interface_TXT_Controler/Publish/ActionButtonNFCModule/History
Interface_TXT_Controler,4,Variable,string,"ExtensionObject(TypeId=NodeId(Identifier='TE_""typ_History""', NamespaceIndex=3, NodeIdType=<NodeIdType.String: 3>), Bo...","ns=3;s=""gtyp_Interface_TXT_Controler"".""Publish"".""ActionButtonNFCModule"".""History""[4]",Objects/Objects/DeviceSet/PLC/DataBlocksGlobal/gtyp_Interface_TXT_Controler/Publish/ActionButtonNFCModule/History
Interface_TXT_Controler,5,Variable,string,"ExtensionObject(TypeId=NodeId(Identifier='TE_""typ_History""', NamespaceIndex=3, NodeIdType=<NodeIdType.String: 3>), Bo...","ns=3;s=""gtyp_Interface_TXT_Controler"".""Publish"".""ActionButtonNFCModule"".""History""[5]",Objects/Objects/DeviceSet/PLC/DataBlocksGlobal/gtyp_Interface_TXT_Controler/Publish/ActionButtonNFCModule/History
Interface_TXT_Controler,6,Variable,string,"ExtensionObject(TypeId=NodeId(Identifier='TE_""typ_History""', NamespaceIndex=3, NodeIdType=<NodeIdType.String: 3>), Bo...","ns=3;s=""gtyp_Interface_TXT_Controler"".""Publish"".""ActionButtonNFCModule"".""History""[6]",Objects/Objects/DeviceSet/PLC/DataBlocksGlobal/gtyp_Interface_TXT_Controler/Publish/ActionButtonNFCModule/History
Interface_TXT_Controler,7,Variable,string,"ExtensionObject(TypeId=NodeId(Identifier='TE_""typ_History""', NamespaceIndex=3, NodeIdType=<NodeIdType.String: 3>), Bo...","ns=3;s=""gtyp_Interface_TXT_Controler"".""Publish"".""ActionButtonNFCModule"".""History""[7]",Objects/Objects/DeviceSet/PLC/DataBlocksGlobal/gtyp_Interface_TXT_Controler/Publish/ActionButtonNFCModule/History
Interface_TXT_Controler,8,Variable,string,"ExtensionObject(TypeId=NodeId(Identifier='TE_""typ_History""', NamespaceIndex=3, NodeIdType=<NodeIdType.String: 3>), Bo...","ns=3;s=""gtyp_Interface_TXT_Controler"".""Publish"".""ActionButtonNFCModule"".""History""[8]",Objects/Objects/DeviceSet/PLC/DataBlocksGlobal/gtyp_Interface_TXT_Controler/Publish/ActionButtonNFCModule/History
Interface_TXT_Controler,9,Variable,string,"ExtensionObject(TypeId=NodeId(Identifier='TE_""typ_History""', NamespaceIndex=3, NodeIdType=<NodeIdType.String: 3>), Bo...","ns=3;s=""gtyp_Interface_TXT_Controler"".""Publish"".""ActionButtonNFCModule"".""History""[9]",Objects/Objects/DeviceSet/PLC/DataBlocksGlobal/gtyp_Interface_TXT_Controler/Publish/ActionButtonNFCModule/History
Interface_TXT_Controler,10,Variable,string,"ExtensionObject(TypeId=NodeId(Identifier='TE_""typ_History""', NamespaceIndex=3, NodeIdType=<NodeIdType.String: 3>), Bo...","ns=3;s=""gtyp_Interface_TXT_Controler"".""Publish"".""ActionButtonNFCModule"".""History""[10]",Objects/Objects/DeviceSet/PLC/DataBlocksGlobal/gtyp_Interface_TXT_Controler/Publish/ActionButtonNFCModule/History
Interface_TXT_Controler,11,Variable,string,"ExtensionObject(TypeId=NodeId(Identifier='TE_""typ_History""', NamespaceIndex=3, NodeIdType=<NodeIdType.String: 3>), Bo...","ns=3;s=""gtyp_Interface_TXT_Controler"".""Publish"".""ActionButtonNFCModule"".""History""[11]",Objects/Objects/DeviceSet/PLC/DataBlocksGlobal/gtyp_Interface_TXT_Controler/Publish/ActionButtonNFCModule/History
Interface_TXT_Controler,12,Variable,string,"ExtensionObject(TypeId=NodeId(Identifier='TE_""typ_History""', NamespaceIndex=3, NodeIdType=<NodeIdType.String: 3>), Bo...","ns=3;s=""gtyp_Interface_TXT_Controler"".""Publish"".""ActionButtonNFCModule"".""History""[12]",Objects/Objects/DeviceSet/PLC/DataBlocksGlobal/gtyp_Interface_TXT_Controler/Publish/ActionButtonNFCModule/History
Interface_TXT_Controler,13,Variable,string,"ExtensionObject(TypeId=NodeId(Identifier='TE_""typ_History""', NamespaceIndex=3, NodeIdType=<NodeIdType.String: 3>), Bo...","ns=3;s=""gtyp_Interface_TXT_Controler"".""Publish"".""ActionButtonNFCModule"".""History""[13]",Objects/Objects/DeviceSet/PLC/DataBlocksGlobal/gtyp_Interface_TXT_Controler/Publish/ActionButtonNFCModule/History
Interface_TXT_Controler,14,Variable,string,"ExtensionObject(TypeId=NodeId(Identifier='TE_""typ_History""', NamespaceIndex=3, NodeIdType=<NodeIdType.String: 3>), Bo...","ns=3;s=""gtyp_Interface_TXT_Controler"".""Publish"".""ActionButtonNFCModule"".""History""[14]",Objects/Objects/DeviceSet/PLC/DataBlocksGlobal/gtyp_Interface_TXT_Controler/Publish/ActionButtonNFCModule/History
Interface_TXT_Controler,15,Variable,string,"ExtensionObject(TypeId=NodeId(Identifier='TE_""typ_History""', NamespaceIndex=3, NodeIdType=<NodeIdType.String: 3>), Bo...","ns=3;s=""gtyp_Interface_TXT_Controler"".""Publish"".""ActionButtonNFCModule"".""History""[15]",Objects/Objects/DeviceSet/PLC/DataBlocksGlobal/gtyp_Interface_TXT_Controler/Publish/ActionButtonNFCModule/History
Interface_TXT_Controler,16,Variable,string,"ExtensionObject(TypeId=NodeId(Identifier='TE_""typ_History""', NamespaceIndex=3, NodeIdType=<NodeIdType.String: 3>), Bo...","ns=3;s=""gtyp_Interface_TXT_Controler"".""Publish"".""ActionButtonNFCModule"".""History""[16]",Objects/Objects/DeviceSet/PLC/DataBlocksGlobal/gtyp_Interface_TXT_Controler/Publish/ActionButtonNFCModule/History
Interface_TXT_Controler,17,Variable,string,"ExtensionObject(TypeId=NodeId(Identifier='TE_""typ_History""', NamespaceIndex=3, NodeIdType=<NodeIdType.String: 3>), Bo...","ns=3;s=""gtyp_Interface_TXT_Controler"".""Publish"".""ActionButtonNFCModule"".""History""[17]",Objects/Objects/DeviceSet/PLC/DataBlocksGlobal/gtyp_Interface_TXT_Controler/Publish/ActionButtonNFCModule/History
Interface_TXT_Controler,18,Variable,string,"ExtensionObject(TypeId=NodeId(Identifier='TE_""typ_History""', NamespaceIndex=3, NodeIdType=<NodeIdType.String: 3>), Bo...","ns=3;s=""gtyp_Interface_TXT_Controler"".""Publish"".""ActionButtonNFCModule"".""History""[18]",Objects/Objects/DeviceSet/PLC/DataBlocksGlobal/gtyp_Interface_TXT_Controler/Publish/ActionButtonNFCModule/History
Interface_TXT_Controler,19,Variable,string,"ExtensionObject(TypeId=NodeId(Identifier='TE_""typ_History""', NamespaceIndex=3, NodeIdType=<NodeIdType.String: 3>), Bo...","ns=3;s=""gtyp_Interface_TXT_Controler"".""Publish"".""ActionButtonNFCModule"".""History""[19]",Objects/Objects/DeviceSet/PLC/DataBlocksGlobal/gtyp_Interface_TXT_Controler/Publish/ActionButtonNFCModule/History
Interface_TXT_Controler,ldt_ts,Variable,string,1601-01-01 00:00:00+00:00,"ns=3;s=""gtyp_Interface_TXT_Controler"".""Publish"".""ActionButtonNFCModule"".""History""[0].""ldt_ts""",Objects/Objects/DeviceSet/PLC/DataBlocksGlobal/gtyp_Interface_TXT_Controler/Publish/ActionButtonNFCModule/History/0
Interface_TXT_Controler,i_code,Variable,int,0,"ns=3;s=""gtyp_Interface_TXT_Controler"".""Publish"".""ActionButtonNFCModule"".""History""[0].""i_code""",Objects/Objects/DeviceSet/PLC/DataBlocksGlobal/gtyp_Interface_TXT_Controler/Publish/ActionButtonNFCModule/History/0
Interface_TXT_Controler,ldt_ts,Variable,string,1601-01-01 00:00:00+00:00,"ns=3;s=""gtyp_Interface_TXT_Controler"".""Publish"".""ActionButtonNFCModule"".""History""[1].""ldt_ts""",Objects/Objects/DeviceSet/PLC/DataBlocksGlobal/gtyp_Interface_TXT_Controler/Publish/ActionButtonNFCModule/History/1
Interface_TXT_Controler,i_code,Variable,int,0,"ns=3;s=""gtyp_Interface_TXT_Controler"".""Publish"".""ActionButtonNFCModule"".""History""[1].""i_code""",Objects/Objects/DeviceSet/PLC/DataBlocksGlobal/gtyp_Interface_TXT_Controler/Publish/ActionButtonNFCModule/History/1
Interface_TXT_Controler,ldt_ts,Variable,string,1601-01-01 00:00:00+00:00,"ns=3;s=""gtyp_Interface_TXT_Controler"".""Publish"".""ActionButtonNFCModule"".""History""[10].""ldt_ts""",Objects/Objects/DeviceSet/PLC/DataBlocksGlobal/gtyp_Interface_TXT_Controler/Publish/ActionButtonNFCModule/History/10
Interface_TXT_Controler,i_code,Variable,int,0,"ns=3;s=""gtyp_Interface_TXT_Controler"".""Publish"".""ActionButtonNFCModule"".""History""[10].""i_code""",Objects/Objects/DeviceSet/PLC/DataBlocksGlobal/gtyp_Interface_TXT_Controler/Publish/ActionButtonNFCModule/History/10
Interface_TXT_Controler,ldt_ts,Variable,string,1601-01-01 00:00:00+00:00,"ns=3;s=""gtyp_Interface_TXT_Controler"".""Publish"".""ActionButtonNFCModule"".""History""[11].""ldt_ts""",Objects/Objects/DeviceSet/PLC/DataBlocksGlobal/gtyp_Interface_TXT_Controler/Publish/ActionButtonNFCModule/History/11
Interface_TXT_Controler,i_code,Variable,int,0,"ns=3;s=""gtyp_Interface_TXT_Controler"".""Publish"".""ActionButtonNFCModule"".""History""[11].""i_code""",Objects/Objects/DeviceSet/PLC/DataBlocksGlobal/gtyp_Interface_TXT_Controler/Publish/ActionButtonNFCModule/History/11
Interface_TXT_Controler,ldt_ts,Variable,string,1601-01-01 00:00:00+00:00,"ns=3;s=""gtyp_Interface_TXT_Controler"".""Publish"".""ActionButtonNFCModule"".""History""[12].""ldt_ts""",Objects/Objects/DeviceSet/PLC/DataBlocksGlobal/gtyp_Interface_TXT_Controler/Publish/ActionButtonNFCModule/History/12
Interface_TXT_Controler,i_code,Variable,int,0,"ns=3;s=""gtyp_Interface_TXT_Controler"".""Publish"".""ActionButtonNFCModule"".""History""[12].""i_code""",Objects/Objects/DeviceSet/PLC/DataBlocksGlobal/gtyp_Interface_TXT_Controler/Publish/ActionButtonNFCModule/History/12
Interface_TXT_Controler,ldt_ts,Variable,string,1601-01-01 00:00:00+00:00,"ns=3;s=""gtyp_Interface_TXT_Controler"".""Publish"".""ActionButtonNFCModule"".""History""[13].""ldt_ts""",Objects/Objects/DeviceSet/PLC/DataBlocksGlobal/gtyp_Interface_TXT_Controler/Publish/ActionButtonNFCModule/History/13
Interface_TXT_Controler,i_code,Variable,int,0,"ns=3;s=""gtyp_Interface_TXT_Controler"".""Publish"".""ActionButtonNFCModule"".""History""[13].""i_code""",Objects/Objects/DeviceSet/PLC/DataBlocksGlobal/gtyp_Interface_TXT_Controler/Publish/ActionButtonNFCModule/History/13
Interface_TXT_Controler,ldt_ts,Variable,string,1601-01-01 00:00:00+00:00,"ns=3;s=""gtyp_Interface_TXT_Controler"".""Publish"".""ActionButtonNFCModule"".""History""[14].""ldt_ts""",Objects/Objects/DeviceSet/PLC/DataBlocksGlobal/gtyp_Interface_TXT_Controler/Publish/ActionButtonNFCModule/History/14
Interface_TXT_Controler,i_code,Variable,int,0,"ns=3;s=""gtyp_Interface_TXT_Controler"".""Publish"".""ActionButtonNFCModule"".""History""[14].""i_code""",Objects/Objects/DeviceSet/PLC/DataBlocksGlobal/gtyp_Interface_TXT_Controler/Publish/ActionButtonNFCModule/History/14
Interface_TXT_Controler,ldt_ts,Variable,string,1601-01-01 00:00:00+00:00,"ns=3;s=""gtyp_Interface_TXT_Controler"".""Publish"".""ActionButtonNFCModule"".""History""[15].""ldt_ts""",Objects/Objects/DeviceSet/PLC/DataBlocksGlobal/gtyp_Interface_TXT_Controler/Publish/ActionButtonNFCModule/History/15
Interface_TXT_Controler,i_code,Variable,int,0,"ns=3;s=""gtyp_Interface_TXT_Controler"".""Publish"".""ActionButtonNFCModule"".""History""[15].""i_code""",Objects/Objects/DeviceSet/PLC/DataBlocksGlobal/gtyp_Interface_TXT_Controler/Publish/ActionButtonNFCModule/History/15
Interface_TXT_Controler,ldt_ts,Variable,string,1601-01-01 00:00:00+00:00,"ns=3;s=""gtyp_Interface_TXT_Controler"".""Publish"".""ActionButtonNFCModule"".""History""[16].""ldt_ts""",Objects/Objects/DeviceSet/PLC/DataBlocksGlobal/gtyp_Interface_TXT_Controler/Publish/ActionButtonNFCModule/History/16
Interface_TXT_Controler,i_code,Variable,int,0,"ns=3;s=""gtyp_Interface_TXT_Controler"".""Publish"".""ActionButtonNFCModule"".""History""[16].""i_code""",Objects/Objects/DeviceSet/PLC/DataBlocksGlobal/gtyp_Interface_TXT_Controler/Publish/ActionButtonNFCModule/History/16
Interface_TXT_Controler,ldt_ts,Variable,string,1601-01-01 00:00:00+00:00,"ns=3;s=""gtyp_Interface_TXT_Controler"".""Publish"".""ActionButtonNFCModule"".""History""[17].""ldt_ts""",Objects/Objects/DeviceSet/PLC/DataBlocksGlobal/gtyp_Interface_TXT_Controler/Publish/ActionButtonNFCModule/History/17
Interface_TXT_Controler,i_code,Variable,int,0,"ns=3;s=""gtyp_Interface_TXT_Controler"".""Publish"".""ActionButtonNFCModule"".""History""[17].""i_code""",Objects/Objects/DeviceSet/PLC/DataBlocksGlobal/gtyp_Interface_TXT_Controler/Publish/ActionButtonNFCModule/History/17
Interface_TXT_Controler,ldt_ts,Variable,string,1601-01-01 00:00:00+00:00,"ns=3;s=""gtyp_Interface_TXT_Controler"".""Publish"".""ActionButtonNFCModule"".""History""[18].""ldt_ts""",Objects/Objects/DeviceSet/PLC/DataBlocksGlobal/gtyp_Interface_TXT_Controler/Publish/ActionButtonNFCModule/History/18
Interface_TXT_Controler,i_code,Variable,int,0,"ns=3;s=""gtyp_Interface_TXT_Controler"".""Publish"".""ActionButtonNFCModule"".""History""[18].""i_code""",Objects/Objects/DeviceSet/PLC/DataBlocksGlobal/gtyp_Interface_TXT_Controler/Publish/ActionButtonNFCModule/History/18
Interface_TXT_Controler,ldt_ts,Variable,string,1601-01-01 00:00:00+00:00,"ns=3;s=""gtyp_Interface_TXT_Controler"".""Publish"".""ActionButtonNFCModule"".""History""[19].""ldt_ts""",Objects/Objects/DeviceSet/PLC/DataBlocksGlobal/gtyp_Interface_TXT_Controler/Publish/ActionButtonNFCModule/History/19
Interface_TXT_Controler,i_code,Variable,int,0,"ns=3;s=""gtyp_Interface_TXT_Controler"".""Publish"".""ActionButtonNFCModule"".""History""[19].""i_code""",Objects/Objects/DeviceSet/PLC/DataBlocksGlobal/gtyp_Interface_TXT_Controler/Publish/ActionButtonNFCModule/History/19
Interface_TXT_Controler,ldt_ts,Variable,string,1601-01-01 00:00:00+00:00,"ns=3;s=""gtyp_Interface_TXT_Controler"".""Publish"".""ActionButtonNFCModule"".""History""[2].""ldt_ts""",Objects/Objects/DeviceSet/PLC/DataBlocksGlobal/gtyp_Interface_TXT_Controler/Publish/ActionButtonNFCModule/History/2
Interface_TXT_Controler,i_code,Variable,int,0,"ns=3;s=""gtyp_Interface_TXT_Controler"".""Publish"".""ActionButtonNFCModule"".""History""[2].""i_code""",Objects/Objects/DeviceSet/PLC/DataBlocksGlobal/gtyp_Interface_TXT_Controler/Publish/ActionButtonNFCModule/History/2
Interface_TXT_Controler,ldt_ts,Variable,string,1601-01-01 00:00:00+00:00,"ns=3;s=""gtyp_Interface_TXT_Controler"".""Publish"".""ActionButtonNFCModule"".""History""[3].""ldt_ts""",Objects/Objects/DeviceSet/PLC/DataBlocksGlobal/gtyp_Interface_TXT_Controler/Publish/ActionButtonNFCModule/History/3
Interface_TXT_Controler,i_code,Variable,int,0,"ns=3;s=""gtyp_Interface_TXT_Controler"".""Publish"".""ActionButtonNFCModule"".""History""[3].""i_code""",Objects/Objects/DeviceSet/PLC/DataBlocksGlobal/gtyp_Interface_TXT_Controler/Publish/ActionButtonNFCModule/History/3
Interface_TXT_Controler,ldt_ts,Variable,string,1601-01-01 00:00:00+00:00,"ns=3;s=""gtyp_Interface_TXT_Controler"".""Publish"".""ActionButtonNFCModule"".""History""[4].""ldt_ts""",Objects/Objects/DeviceSet/PLC/DataBlocksGlobal/gtyp_Interface_TXT_Controler/Publish/ActionButtonNFCModule/History/4
Interface_TXT_Controler,i_code,Variable,int,0,"ns=3;s=""gtyp_Interface_TXT_Controler"".""Publish"".""ActionButtonNFCModule"".""History""[4].""i_code""",Objects/Objects/DeviceSet/PLC/DataBlocksGlobal/gtyp_Interface_TXT_Controler/Publish/ActionButtonNFCModule/History/4
Interface_TXT_Controler,ldt_ts,Variable,string,1601-01-01 00:00:00+00:00,"ns=3;s=""gtyp_Interface_TXT_Controler"".""Publish"".""ActionButtonNFCModule"".""History""[5].""ldt_ts""",Objects/Objects/DeviceSet/PLC/DataBlocksGlobal/gtyp_Interface_TXT_Controler/Publish/ActionButtonNFCModule/History/5
Interface_TXT_Controler,i_code,Variable,int,0,"ns=3;s=""gtyp_Interface_TXT_Controler"".""Publish"".""ActionButtonNFCModule"".""History""[5].""i_code""",Objects/Objects/DeviceSet/PLC/DataBlocksGlobal/gtyp_Interface_TXT_Controler/Publish/ActionButtonNFCModule/History/5
Interface_TXT_Controler,ldt_ts,Variable,string,1601-01-01 00:00:00+00:00,"ns=3;s=""gtyp_Interface_TXT_Controler"".""Publish"".""ActionButtonNFCModule"".""History""[6].""ldt_ts""",Objects/Objects/DeviceSet/PLC/DataBlocksGlobal/gtyp_Interface_TXT_Controler/Publish/ActionButtonNFCModule/History/6
Interface_TXT_Controler,i_code,Variable,int,0,"ns=3;s=""gtyp_Interface_TXT_Controler"".""Publish"".""ActionButtonNFCModule"".""History""[6].""i_code""",Objects/Objects/DeviceSet/PLC/DataBlocksGlobal/gtyp_Interface_TXT_Controler/Publish/ActionButtonNFCModule/History/6
Interface_TXT_Controler,ldt_ts,Variable,string,1601-01-01 00:00:00+00:00,"ns=3;s=""gtyp_Interface_TXT_Controler"".""Publish"".""ActionButtonNFCModule"".""History""[7].""ldt_ts""",Objects/Objects/DeviceSet/PLC/DataBlocksGlobal/gtyp_Interface_TXT_Controler/Publish/ActionButtonNFCModule/History/7
Interface_TXT_Controler,i_code,Variable,int,0,"ns=3;s=""gtyp_Interface_TXT_Controler"".""Publish"".""ActionButtonNFCModule"".""History""[7].""i_code""",Objects/Objects/DeviceSet/PLC/DataBlocksGlobal/gtyp_Interface_TXT_Controler/Publish/ActionButtonNFCModule/History/7
Interface_TXT_Controler,ldt_ts,Variable,string,1601-01-01 00:00:00+00:00,"ns=3;s=""gtyp_Interface_TXT_Controler"".""Publish"".""ActionButtonNFCModule"".""History""[8].""ldt_ts""",Objects/Objects/DeviceSet/PLC/DataBlocksGlobal/gtyp_Interface_TXT_Controler/Publish/ActionButtonNFCModule/History/8
Interface_TXT_Controler,i_code,Variable,int,0,"ns=3;s=""gtyp_Interface_TXT_Controler"".""Publish"".""ActionButtonNFCModule"".""History""[8].""i_code""",Objects/Objects/DeviceSet/PLC/DataBlocksGlobal/gtyp_Interface_TXT_Controler/Publish/ActionButtonNFCModule/History/8
Interface_TXT_Controler,ldt_ts,Variable,string,1601-01-01 00:00:00+00:00,"ns=3;s=""gtyp_Interface_TXT_Controler"".""Publish"".""ActionButtonNFCModule"".""History""[9].""ldt_ts""",Objects/Objects/DeviceSet/PLC/DataBlocksGlobal/gtyp_Interface_TXT_Controler/Publish/ActionButtonNFCModule/History/9
Interface_TXT_Controler,i_code,Variable,int,0,"ns=3;s=""gtyp_Interface_TXT_Controler"".""Publish"".""ActionButtonNFCModule"".""History""[9].""i_code""",Objects/Objects/DeviceSet/PLC/DataBlocksGlobal/gtyp_Interface_TXT_Controler/Publish/ActionButtonNFCModule/History/9
Interface_TXT_Controler,s_id,Variable,string,,"ns=3;s=""gtyp_Interface_TXT_Controler"".""Publish"".""ActionButtonNFCModule"".""Workpiece"".""s_id""",Objects/Objects/DeviceSet/PLC/DataBlocksGlobal/gtyp_Interface_TXT_Controler/Publish/ActionButtonNFCModule/Workpiece
Interface_TXT_Controler,s_type,Variable,string,,"ns=3;s=""gtyp_Interface_TXT_Controler"".""Publish"".""ActionButtonNFCModule"".""Workpiece"".""s_type""",Objects/Objects/DeviceSet/PLC/DataBlocksGlobal/gtyp_Interface_TXT_Controler/Publish/ActionButtonNFCModule/Workpiece
Interface_TXT_Controler,s_state,Variable,string,,"ns=3;s=""gtyp_Interface_TXT_Controler"".""Publish"".""ActionButtonNFCModule"".""Workpiece"".""s_state""",Objects/Objects/DeviceSet/PLC/DataBlocksGlobal/gtyp_Interface_TXT_Controler/Publish/ActionButtonNFCModule/Workpiece
Interface_TXT_Controler,State_NFC_Device,Variable,string,"ExtensionObject(TypeId=NodeId(Identifier='TE_""typ_SPS_NFC_Module_State""', NamespaceIndex=3, NodeIdType=<NodeIdType.St...","ns=3;s=""gtyp_Interface_TXT_Controler"".""Subscribe"".""State_NFC_Device""",Objects/Objects/DeviceSet/PLC/DataBlocksGlobal/gtyp_Interface_TXT_Controler/Subscribe
Interface_TXT_Controler,ldt_ts,Variable,string,1601-01-01 00:00:00+00:00,"ns=3;s=""gtyp_Interface_TXT_Controler"".""Subscribe"".""State_NFC_Device"".""ldt_ts""",Objects/Objects/DeviceSet/PLC/DataBlocksGlobal/gtyp_Interface_TXT_Controler/Subscribe/State_NFC_Device
Interface_TXT_Controler,Workpiece,Variable,string,"ExtensionObject(TypeId=NodeId(Identifier='TE_""typ_Workpiece""', NamespaceIndex=3, NodeIdType=<NodeIdType.String: 3>), ...","ns=3;s=""gtyp_Interface_TXT_Controler"".""Subscribe"".""State_NFC_Device"".""Workpiece""",Objects/Objects/DeviceSet/PLC/DataBlocksGlobal/gtyp_Interface_TXT_Controler/Subscribe/State_NFC_Device
Interface_TXT_Controler,History,Variable,string,"[ExtensionObject(TypeId=NodeId(Identifier='TE_""typ_History""', NamespaceIndex=3, NodeIdType=<NodeIdType.String: 3>), B...","ns=3;s=""gtyp_Interface_TXT_Controler"".""Subscribe"".""State_NFC_Device"".""History""",Objects/Objects/DeviceSet/PLC/DataBlocksGlobal/gtyp_Interface_TXT_Controler/Subscribe/State_NFC_Device
Interface_TXT_Controler,0,Variable,string,"ExtensionObject(TypeId=NodeId(Identifier='TE_""typ_History""', NamespaceIndex=3, NodeIdType=<NodeIdType.String: 3>), Bo...","ns=3;s=""gtyp_Interface_TXT_Controler"".""Subscribe"".""State_NFC_Device"".""History""[0]",Objects/Objects/DeviceSet/PLC/DataBlocksGlobal/gtyp_Interface_TXT_Controler/Subscribe/State_NFC_Device/History
Interface_TXT_Controler,1,Variable,string,"ExtensionObject(TypeId=NodeId(Identifier='TE_""typ_History""', NamespaceIndex=3, NodeIdType=<NodeIdType.String: 3>), Bo...","ns=3;s=""gtyp_Interface_TXT_Controler"".""Subscribe"".""State_NFC_Device"".""History""[1]",Objects/Objects/DeviceSet/PLC/DataBlocksGlobal/gtyp_Interface_TXT_Controler/Subscribe/State_NFC_Device/History
Interface_TXT_Controler,2,Variable,string,"ExtensionObject(TypeId=NodeId(Identifier='TE_""typ_History""', NamespaceIndex=3, NodeIdType=<NodeIdType.String: 3>), Bo...","ns=3;s=""gtyp_Interface_TXT_Controler"".""Subscribe"".""State_NFC_Device"".""History""[2]",Objects/Objects/DeviceSet/PLC/DataBlocksGlobal/gtyp_Interface_TXT_Controler/Subscribe/State_NFC_Device/History
Interface_TXT_Controler,3,Variable,string,"ExtensionObject(TypeId=NodeId(Identifier='TE_""typ_History""', NamespaceIndex=3, NodeIdType=<NodeIdType.String: 3>), Bo...","ns=3;s=""gtyp_Interface_TXT_Controler"".""Subscribe"".""State_NFC_Device"".""History""[3]",Objects/Objects/DeviceSet/PLC/DataBlocksGlobal/gtyp_Interface_TXT_Controler/Subscribe/State_NFC_Device/History
Interface_TXT_Controler,4,Variable,string,"ExtensionObject(TypeId=NodeId(Identifier='TE_""typ_History""', NamespaceIndex=3, NodeIdType=<NodeIdType.String: 3>), Bo...","ns=3;s=""gtyp_Interface_TXT_Controler"".""Subscribe"".""State_NFC_Device"".""History""[4]",Objects/Objects/DeviceSet/PLC/DataBlocksGlobal/gtyp_Interface_TXT_Controler/Subscribe/State_NFC_Device/History
Interface_TXT_Controler,5,Variable,string,"ExtensionObject(TypeId=NodeId(Identifier='TE_""typ_History""', NamespaceIndex=3, NodeIdType=<NodeIdType.String: 3>), Bo...","ns=3;s=""gtyp_Interface_TXT_Controler"".""Subscribe"".""State_NFC_Device"".""History""[5]",Objects/Objects/DeviceSet/PLC/DataBlocksGlobal/gtyp_Interface_TXT_Controler/Subscribe/State_NFC_Device/History
Interface_TXT_Controler,6,Variable,string,"ExtensionObject(TypeId=NodeId(Identifier='TE_""typ_History""', NamespaceIndex=3, NodeIdType=<NodeIdType.String: 3>), Bo...","ns=3;s=""gtyp_Interface_TXT_Controler"".""Subscribe"".""State_NFC_Device"".""History""[6]",Objects/Objects/DeviceSet/PLC/DataBlocksGlobal/gtyp_Interface_TXT_Controler/Subscribe/State_NFC_Device/History
Interface_TXT_Controler,7,Variable,string,"ExtensionObject(TypeId=NodeId(Identifier='TE_""typ_History""', NamespaceIndex=3, NodeIdType=<NodeIdType.String: 3>), Bo...","ns=3;s=""gtyp_Interface_TXT_Controler"".""Subscribe"".""State_NFC_Device"".""History""[7]",Objects/Objects/DeviceSet/PLC/DataBlocksGlobal/gtyp_Interface_TXT_Controler/Subscribe/State_NFC_Device/History
Interface_TXT_Controler,8,Variable,string,"ExtensionObject(TypeId=NodeId(Identifier='TE_""typ_History""', NamespaceIndex=3, NodeIdType=<NodeIdType.String: 3>), Bo...","ns=3;s=""gtyp_Interface_TXT_Controler"".""Subscribe"".""State_NFC_Device"".""History""[8]",Objects/Objects/DeviceSet/PLC/DataBlocksGlobal/gtyp_Interface_TXT_Controler/Subscribe/State_NFC_Device/History
Interface_TXT_Controler,9,Variable,string,"ExtensionObject(TypeId=NodeId(Identifier='TE_""typ_History""', NamespaceIndex=3, NodeIdType=<NodeIdType.String: 3>), Bo...","ns=3;s=""gtyp_Interface_TXT_Controler"".""Subscribe"".""State_NFC_Device"".""History""[9]",Objects/Objects/DeviceSet/PLC/DataBlocksGlobal/gtyp_Interface_TXT_Controler/Subscribe/State_NFC_Device/History
Interface_TXT_Controler,10,Variable,string,"ExtensionObject(TypeId=NodeId(Identifier='TE_""typ_History""', NamespaceIndex=3, NodeIdType=<NodeIdType.String: 3>), Bo...","ns=3;s=""gtyp_Interface_TXT_Controler"".""Subscribe"".""State_NFC_Device"".""History""[10]",Objects/Objects/DeviceSet/PLC/DataBlocksGlobal/gtyp_Interface_TXT_Controler/Subscribe/State_NFC_Device/History
Interface_TXT_Controler,11,Variable,string,"ExtensionObject(TypeId=NodeId(Identifier='TE_""typ_History""', NamespaceIndex=3, NodeIdType=<NodeIdType.String: 3>), Bo...","ns=3;s=""gtyp_Interface_TXT_Controler"".""Subscribe"".""State_NFC_Device"".""History""[11]",Objects/Objects/DeviceSet/PLC/DataBlocksGlobal/gtyp_Interface_TXT_Controler/Subscribe/State_NFC_Device/History
Interface_TXT_Controler,12,Variable,string,"ExtensionObject(TypeId=NodeId(Identifier='TE_""typ_History""', NamespaceIndex=3, NodeIdType=<NodeIdType.String: 3>), Bo...","ns=3;s=""gtyp_Interface_TXT_Controler"".""Subscribe"".""State_NFC_Device"".""History""[12]",Objects/Objects/DeviceSet/PLC/DataBlocksGlobal/gtyp_Interface_TXT_Controler/Subscribe/State_NFC_Device/History
Interface_TXT_Controler,13,Variable,string,"ExtensionObject(TypeId=NodeId(Identifier='TE_""typ_History""', NamespaceIndex=3, NodeIdType=<NodeIdType.String: 3>), Bo...","ns=3;s=""gtyp_Interface_TXT_Controler"".""Subscribe"".""State_NFC_Device"".""History""[13]",Objects/Objects/DeviceSet/PLC/DataBlocksGlobal/gtyp_Interface_TXT_Controler/Subscribe/State_NFC_Device/History
Interface_TXT_Controler,14,Variable,string,"ExtensionObject(TypeId=NodeId(Identifier='TE_""typ_History""', NamespaceIndex=3, NodeIdType=<NodeIdType.String: 3>), Bo...","ns=3;s=""gtyp_Interface_TXT_Controler"".""Subscribe"".""State_NFC_Device"".""History""[14]",Objects/Objects/DeviceSet/PLC/DataBlocksGlobal/gtyp_Interface_TXT_Controler/Subscribe/State_NFC_Device/History
Interface_TXT_Controler,15,Variable,string,"ExtensionObject(TypeId=NodeId(Identifier='TE_""typ_History""', NamespaceIndex=3, NodeIdType=<NodeIdType.String: 3>), Bo...","ns=3;s=""gtyp_Interface_TXT_Controler"".""Subscribe"".""State_NFC_Device"".""History""[15]",Objects/Objects/DeviceSet/PLC/DataBlocksGlobal/gtyp_Interface_TXT_Controler/Subscribe/State_NFC_Device/History
Interface_TXT_Controler,16,Variable,string,"ExtensionObject(TypeId=NodeId(Identifier='TE_""typ_History""', NamespaceIndex=3, NodeIdType=<NodeIdType.String: 3>), Bo...","ns=3;s=""gtyp_Interface_TXT_Controler"".""Subscribe"".""State_NFC_Device"".""History""[16]",Objects/Objects/DeviceSet/PLC/DataBlocksGlobal/gtyp_Interface_TXT_Controler/Subscribe/State_NFC_Device/History
Interface_TXT_Controler,17,Variable,string,"ExtensionObject(TypeId=NodeId(Identifier='TE_""typ_History""', NamespaceIndex=3, NodeIdType=<NodeIdType.String: 3>), Bo...","ns=3;s=""gtyp_Interface_TXT_Controler"".""Subscribe"".""State_NFC_Device"".""History""[17]",Objects/Objects/DeviceSet/PLC/DataBlocksGlobal/gtyp_Interface_TXT_Controler/Subscribe/State_NFC_Device/History
Interface_TXT_Controler,18,Variable,string,"ExtensionObject(TypeId=NodeId(Identifier='TE_""typ_History""', NamespaceIndex=3, NodeIdType=<NodeIdType.String: 3>), Bo...","ns=3;s=""gtyp_Interface_TXT_Controler"".""Subscribe"".""State_NFC_Device"".""History""[18]",Objects/Objects/DeviceSet/PLC/DataBlocksGlobal/gtyp_Interface_TXT_Controler/Subscribe/State_NFC_Device/History
Interface_TXT_Controler,19,Variable,string,"ExtensionObject(TypeId=NodeId(Identifier='TE_""typ_History""', NamespaceIndex=3, NodeIdType=<NodeIdType.String: 3>), Bo...","ns=3;s=""gtyp_Interface_TXT_Controler"".""Subscribe"".""State_NFC_Device"".""History""[19]",Objects/Objects/DeviceSet/PLC/DataBlocksGlobal/gtyp_Interface_TXT_Controler/Subscribe/State_NFC_Device/History
Interface_TXT_Controler,ldt_ts,Variable,string,1601-01-01 00:00:00+00:00,"ns=3;s=""gtyp_Interface_TXT_Controler"".""Subscribe"".""State_NFC_Device"".""History""[0].""ldt_ts""",Objects/Objects/DeviceSet/PLC/DataBlocksGlobal/gtyp_Interface_TXT_Controler/Subscribe/State_NFC_Device/History/0
Interface_TXT_Controler,i_code,Variable,int,0,"ns=3;s=""gtyp_Interface_TXT_Controler"".""Subscribe"".""State_NFC_Device"".""History""[0].""i_code""",Objects/Objects/DeviceSet/PLC/DataBlocksGlobal/gtyp_Interface_TXT_Controler/Subscribe/State_NFC_Device/History/0
Interface_TXT_Controler,ldt_ts,Variable,string,1601-01-01 00:00:00+00:00,"ns=3;s=""gtyp_Interface_TXT_Controler"".""Subscribe"".""State_NFC_Device"".""History""[1].""ldt_ts""",Objects/Objects/DeviceSet/PLC/DataBlocksGlobal/gtyp_Interface_TXT_Controler/Subscribe/State_NFC_Device/History/1
Interface_TXT_Controler,i_code,Variable,int,0,"ns=3;s=""gtyp_Interface_TXT_Controler"".""Subscribe"".""State_NFC_Device"".""History""[1].""i_code""",Objects/Objects/DeviceSet/PLC/DataBlocksGlobal/gtyp_Interface_TXT_Controler/Subscribe/State_NFC_Device/History/1
Interface_TXT_Controler,ldt_ts,Variable,string,1601-01-01 00:00:00+00:00,"ns=3;s=""gtyp_Interface_TXT_Controler"".""Subscribe"".""State_NFC_Device"".""History""[10].""ldt_ts""",Objects/Objects/DeviceSet/PLC/DataBlocksGlobal/gtyp_Interface_TXT_Controler/Subscribe/State_NFC_Device/History/10
Interface_TXT_Controler,i_code,Variable,int,0,"ns=3;s=""gtyp_Interface_TXT_Controler"".""Subscribe"".""State_NFC_Device"".""History""[10].""i_code""",Objects/Objects/DeviceSet/PLC/DataBlocksGlobal/gtyp_Interface_TXT_Controler/Subscribe/State_NFC_Device/History/10
Interface_TXT_Controler,ldt_ts,Variable,string,1601-01-01 00:00:00+00:00,"ns=3;s=""gtyp_Interface_TXT_Controler"".""Subscribe"".""State_NFC_Device"".""History""[11].""ldt_ts""",Objects/Objects/DeviceSet/PLC/DataBlocksGlobal/gtyp_Interface_TXT_Controler/Subscribe/State_NFC_Device/History/11
Interface_TXT_Controler,i_code,Variable,int,0,"ns=3;s=""gtyp_Interface_TXT_Controler"".""Subscribe"".""State_NFC_Device"".""History""[11].""i_code""",Objects/Objects/DeviceSet/PLC/DataBlocksGlobal/gtyp_Interface_TXT_Controler/Subscribe/State_NFC_Device/History/11
Interface_TXT_Controler,ldt_ts,Variable,string,1601-01-01 00:00:00+00:00,"ns=3;s=""gtyp_Interface_TXT_Controler"".""Subscribe"".""State_NFC_Device"".""History""[12].""ldt_ts""",Objects/Objects/DeviceSet/PLC/DataBlocksGlobal/gtyp_Interface_TXT_Controler/Subscribe/State_NFC_Device/History/12
Interface_TXT_Controler,i_code,Variable,int,0,"ns=3;s=""gtyp_Interface_TXT_Controler"".""Subscribe"".""State_NFC_Device"".""History""[12].""i_code""",Objects/Objects/DeviceSet/PLC/DataBlocksGlobal/gtyp_Interface_TXT_Controler/Subscribe/State_NFC_Device/History/12
Interface_TXT_Controler,ldt_ts,Variable,string,1601-01-01 00:00:00+00:00,"ns=3;s=""gtyp_Interface_TXT_Controler"".""Subscribe"".""State_NFC_Device"".""History""[13].""ldt_ts""",Objects/Objects/DeviceSet/PLC/DataBlocksGlobal/gtyp_Interface_TXT_Controler/Subscribe/State_NFC_Device/History/13
Interface_TXT_Controler,i_code,Variable,int,0,"ns=3;s=""gtyp_Interface_TXT_Controler"".""Subscribe"".""State_NFC_Device"".""History""[13].""i_code""",Objects/Objects/DeviceSet/PLC/DataBlocksGlobal/gtyp_Interface_TXT_Controler/Subscribe/State_NFC_Device/History/13
Interface_TXT_Controler,ldt_ts,Variable,string,1601-01-01 00:00:00+00:00,"ns=3;s=""gtyp_Interface_TXT_Controler"".""Subscribe"".""State_NFC_Device"".""History""[14].""ldt_ts""",Objects/Objects/DeviceSet/PLC/DataBlocksGlobal/gtyp_Interface_TXT_Controler/Subscribe/State_NFC_Device/History/14
Interface_TXT_Controler,i_code,Variable,int,0,"ns=3;s=""gtyp_Interface_TXT_Controler"".""Subscribe"".""State_NFC_Device"".""History""[14].""i_code""",Objects/Objects/DeviceSet/PLC/DataBlocksGlobal/gtyp_Interface_TXT_Controler/Subscribe/State_NFC_Device/History/14
Interface_TXT_Controler,ldt_ts,Variable,string,1601-01-01 00:00:00+00:00,"ns=3;s=""gtyp_Interface_TXT_Controler"".""Subscribe"".""State_NFC_Device"".""History""[15].""ldt_ts""",Objects/Objects/DeviceSet/PLC/DataBlocksGlobal/gtyp_Interface_TXT_Controler/Subscribe/State_NFC_Device/History/15
Interface_TXT_Controler,i_code,Variable,int,0,"ns=3;s=""gtyp_Interface_TXT_Controler"".""Subscribe"".""State_NFC_Device"".""History""[15].""i_code""",Objects/Objects/DeviceSet/PLC/DataBlocksGlobal/gtyp_Interface_TXT_Controler/Subscribe/State_NFC_Device/History/15
Interface_TXT_Controler,ldt_ts,Variable,string,1601-01-01 00:00:00+00:00,"ns=3;s=""gtyp_Interface_TXT_Controler"".""Subscribe"".""State_NFC_Device"".""History""[16].""ldt_ts""",Objects/Objects/DeviceSet/PLC/DataBlocksGlobal/gtyp_Interface_TXT_Controler/Subscribe/State_NFC_Device/History/16
Interface_TXT_Controler,i_code,Variable,int,0,"ns=3;s=""gtyp_Interface_TXT_Controler"".""Subscribe"".""State_NFC_Device"".""History""[16].""i_code""",Objects/Objects/DeviceSet/PLC/DataBlocksGlobal/gtyp_Interface_TXT_Controler/Subscribe/State_NFC_Device/History/16
Interface_TXT_Controler,ldt_ts,Variable,string,1601-01-01 00:00:00+00:00,"ns=3;s=""gtyp_Interface_TXT_Controler"".""Subscribe"".""State_NFC_Device"".""History""[17].""ldt_ts""",Objects/Objects/DeviceSet/PLC/DataBlocksGlobal/gtyp_Interface_TXT_Controler/Subscribe/State_NFC_Device/History/17
Interface_TXT_Controler,i_code,Variable,int,0,"ns=3;s=""gtyp_Interface_TXT_Controler"".""Subscribe"".""State_NFC_Device"".""History""[17].""i_code""",Objects/Objects/DeviceSet/PLC/DataBlocksGlobal/gtyp_Interface_TXT_Controler/Subscribe/State_NFC_Device/History/17
Interface_TXT_Controler,ldt_ts,Variable,string,1601-01-01 00:00:00+00:00,"ns=3;s=""gtyp_Interface_TXT_Controler"".""Subscribe"".""State_NFC_Device"".""History""[18].""ldt_ts""",Objects/Objects/DeviceSet/PLC/DataBlocksGlobal/gtyp_Interface_TXT_Controler/Subscribe/State_NFC_Device/History/18
Interface_TXT_Controler,i_code,Variable,int,0,"ns=3;s=""gtyp_Interface_TXT_Controler"".""Subscribe"".""State_NFC_Device"".""History""[18].""i_code""",Objects/Objects/DeviceSet/PLC/DataBlocksGlobal/gtyp_Interface_TXT_Controler/Subscribe/State_NFC_Device/History/18
Interface_TXT_Controler,ldt_ts,Variable,string,1601-01-01 00:00:00+00:00,"ns=3;s=""gtyp_Interface_TXT_Controler"".""Subscribe"".""State_NFC_Device"".""History""[19].""ldt_ts""",Objects/Objects/DeviceSet/PLC/DataBlocksGlobal/gtyp_Interface_TXT_Controler/Subscribe/State_NFC_Device/History/19
Interface_TXT_Controler,i_code,Variable,int,0,"ns=3;s=""gtyp_Interface_TXT_Controler"".""Subscribe"".""State_NFC_Device"".""History""[19].""i_code""",Objects/Objects/DeviceSet/PLC/DataBlocksGlobal/gtyp_Interface_TXT_Controler/Subscribe/State_NFC_Device/History/19
Interface_TXT_Controler,ldt_ts,Variable,string,1601-01-01 00:00:00+00:00,"ns=3;s=""gtyp_Interface_TXT_Controler"".""Subscribe"".""State_NFC_Device"".""History""[2].""ldt_ts""",Objects/Objects/DeviceSet/PLC/DataBlocksGlobal/gtyp_Interface_TXT_Controler/Subscribe/State_NFC_Device/History/2
Interface_TXT_Controler,i_code,Variable,int,0,"ns=3;s=""gtyp_Interface_TXT_Controler"".""Subscribe"".""State_NFC_Device"".""History""[2].""i_code""",Objects/Objects/DeviceSet/PLC/DataBlocksGlobal/gtyp_Interface_TXT_Controler/Subscribe/State_NFC_Device/History/2
Interface_TXT_Controler,ldt_ts,Variable,string,1601-01-01 00:00:00+00:00,"ns=3;s=""gtyp_Interface_TXT_Controler"".""Subscribe"".""State_NFC_Device"".""History""[3].""ldt_ts""",Objects/Objects/DeviceSet/PLC/DataBlocksGlobal/gtyp_Interface_TXT_Controler/Subscribe/State_NFC_Device/History/3
Interface_TXT_Controler,i_code,Variable,int,0,"ns=3;s=""gtyp_Interface_TXT_Controler"".""Subscribe"".""State_NFC_Device"".""History""[3].""i_code""",Objects/Objects/DeviceSet/PLC/DataBlocksGlobal/gtyp_Interface_TXT_Controler/Subscribe/State_NFC_Device/History/3
Interface_TXT_Controler,ldt_ts,Variable,string,1601-01-01 00:00:00+00:00,"ns=3;s=""gtyp_Interface_TXT_Controler"".""Subscribe"".""State_NFC_Device"".""History""[4].""ldt_ts""",Objects/Objects/DeviceSet/PLC/DataBlocksGlobal/gtyp_Interface_TXT_Controler/Subscribe/State_NFC_Device/History/4
Interface_TXT_Controler,i_code,Variable,int,0,"ns=3;s=""gtyp_Interface_TXT_Controler"".""Subscribe"".""State_NFC_Device"".""History""[4].""i_code""",Objects/Objects/DeviceSet/PLC/DataBlocksGlobal/gtyp_Interface_TXT_Controler/Subscribe/State_NFC_Device/History/4
Interface_TXT_Controler,ldt_ts,Variable,string,1601-01-01 00:00:00+00:00,"ns=3;s=""gtyp_Interface_TXT_Controler"".""Subscribe"".""State_NFC_Device"".""History""[5].""ldt_ts""",Objects/Objects/DeviceSet/PLC/DataBlocksGlobal/gtyp_Interface_TXT_Controler/Subscribe/State_NFC_Device/History/5
Interface_TXT_Controler,i_code,Variable,int,0,"ns=3;s=""gtyp_Interface_TXT_Controler"".""Subscribe"".""State_NFC_Device"".""History""[5].""i_code""",Objects/Objects/DeviceSet/PLC/DataBlocksGlobal/gtyp_Interface_TXT_Controler/Subscribe/State_NFC_Device/History/5
Interface_TXT_Controler,ldt_ts,Variable,string,1601-01-01 00:00:00+00:00,"ns=3;s=""gtyp_Interface_TXT_Controler"".""Subscribe"".""State_NFC_Device"".""History""[6].""ldt_ts""",Objects/Objects/DeviceSet/PLC/DataBlocksGlobal/gtyp_Interface_TXT_Controler/Subscribe/State_NFC_Device/History/6
Interface_TXT_Controler,i_code,Variable,int,0,"ns=3;s=""gtyp_Interface_TXT_Controler"".""Subscribe"".""State_NFC_Device"".""History""[6].""i_code""",Objects/Objects/DeviceSet/PLC/DataBlocksGlobal/gtyp_Interface_TXT_Controler/Subscribe/State_NFC_Device/History/6
Interface_TXT_Controler,ldt_ts,Variable,string,1601-01-01 00:00:00+00:00,"ns=3;s=""gtyp_Interface_TXT_Controler"".""Subscribe"".""State_NFC_Device"".""History""[7].""ldt_ts""",Objects/Objects/DeviceSet/PLC/DataBlocksGlobal/gtyp_Interface_TXT_Controler/Subscribe/State_NFC_Device/History/7
Interface_TXT_Controler,i_code,Variable,int,0,"ns=3;s=""gtyp_Interface_TXT_Controler"".""Subscribe"".""State_NFC_Device"".""History""[7].""i_code""",Objects/Objects/DeviceSet/PLC/DataBlocksGlobal/gtyp_Interface_TXT_Controler/Subscribe/State_NFC_Device/History/7
Interface_TXT_Controler,ldt_ts,Variable,string,1601-01-01 00:00:00+00:00,"ns=3;s=""gtyp_Interface_TXT_Controler"".""Subscribe"".""State_NFC_Device"".""History""[8].""ldt_ts""",Objects/Objects/DeviceSet/PLC/DataBlocksGlobal/gtyp_Interface_TXT_Controler/Subscribe/State_NFC_Device/History/8
Interface_TXT_Controler,i_code,Variable,int,0,"ns=3;s=""gtyp_Interface_TXT_Controler"".""Subscribe"".""State_NFC_Device"".""History""[8].""i_code""",Objects/Objects/DeviceSet/PLC/DataBlocksGlobal/gtyp_Interface_TXT_Controler/Subscribe/State_NFC_Device/History/8
Interface_TXT_Controler,ldt_ts,Variable,string,1601-01-01 00:00:00+00:00,"ns=3;s=""gtyp_Interface_TXT_Controler"".""Subscribe"".""State_NFC_Device"".""History""[9].""ldt_ts""",Objects/Objects/DeviceSet/PLC/DataBlocksGlobal/gtyp_Interface_TXT_Controler/Subscribe/State_NFC_Device/History/9
Interface_TXT_Controler,i_code,Variable,int,0,"ns=3;s=""gtyp_Interface_TXT_Controler"".""Subscribe"".""State_NFC_Device"".""History""[9].""i_code""",Objects/Objects/DeviceSet/PLC/DataBlocksGlobal/gtyp_Interface_TXT_Controler/Subscribe/State_NFC_Device/History/9
Interface_TXT_Controler,s_id,Variable,string,,"ns=3;s=""gtyp_Interface_TXT_Controler"".""Subscribe"".""State_NFC_Device"".""Workpiece"".""s_id""",Objects/Objects/DeviceSet/PLC/DataBlocksGlobal/gtyp_Interface_TXT_Controler/Subscribe/State_NFC_Device/Workpiece
Interface_TXT_Controler,s_type,Variable,string,,"ns=3;s=""gtyp_Interface_TXT_Controler"".""Subscribe"".""State_NFC_Device"".""Workpiece"".""s_type""",Objects/Objects/DeviceSet/PLC/DataBlocksGlobal/gtyp_Interface_TXT_Controler/Subscribe/State_NFC_Device/Workpiece
Interface_TXT_Controler,s_state,Variable,string,,"ns=3;s=""gtyp_Interface_TXT_Controler"".""Subscribe"".""State_NFC_Device"".""Workpiece"".""s_state""",Objects/Objects/DeviceSet/PLC/DataBlocksGlobal/gtyp_Interface_TXT_Controler/Subscribe/State_NFC_Device/Workpiece
MPO,gtyp_MPO,Object,,,"ns=3;s=""gtyp_MPO""",Objects/Objects/DeviceSet/PLC/DataBlocksGlobal
MPO,x_Start_Park_Position,Variable,bool,False,"ns=3;s=""gtyp_MPO"".""x_Start_Park_Position""",Objects/Objects/DeviceSet/PLC/DataBlocksGlobal/gtyp_MPO
MPO,x_Park_Position_Reached,Variable,bool,False,"ns=3;s=""gtyp_MPO"".""x_Park_Position_Reached""",Objects/Objects/DeviceSet/PLC/DataBlocksGlobal/gtyp_MPO
MPO,x_Discard_Ready,Variable,bool,False,"ns=3;s=""gtyp_MPO"".""x_Discard_Ready""",Objects/Objects/DeviceSet/PLC/DataBlocksGlobal/gtyp_MPO
MPO,x_MPO_Discards_Accepted,Variable,bool,False,"ns=3;s=""gtyp_MPO"".""x_MPO_Discards_Accepted""",Objects/Objects/DeviceSet/PLC/DataBlocksGlobal/gtyp_MPO
MPO,x_Error,Variable,bool,False,"ns=3;s=""gtyp_MPO"".""x_Error""",Objects/Objects/DeviceSet/PLC/DataBlocksGlobal/gtyp_MPO
MPO,i_PWM_TurnTable,Variable,int,1000,"ns=3;s=""gtyp_MPO"".""i_PWM_TurnTable""",Objects/Objects/DeviceSet/PLC/DataBlocksGlobal/gtyp_MPO
MPO,i_PWM_Vacuum,Variable,int,1000,"ns=3;s=""gtyp_MPO"".""i_PWM_Vacuum""",Objects/Objects/DeviceSet/PLC/DataBlocksGlobal/gtyp_MPO
MPO,Workpiece,Variable,string,"ExtensionObject(TypeId=NodeId(Identifier='TE_""typ_Workpiece""', NamespaceIndex=3, NodeIdType=<NodeIdType.String: 3>), ...","ns=3;s=""gtyp_MPO"".""Workpiece""",Objects/Objects/DeviceSet/PLC/DataBlocksGlobal/gtyp_MPO
MPO,History,Variable,string,"[ExtensionObject(TypeId=NodeId(Identifier='TE_""typ_History""', NamespaceIndex=3, NodeIdType=<NodeIdType.String: 3>), B...","ns=3;s=""gtyp_MPO"".""History""",Objects/Objects/DeviceSet/PLC/DataBlocksGlobal/gtyp_MPO
MPO,0,Variable,string,"ExtensionObject(TypeId=NodeId(Identifier='TE_""typ_History""', NamespaceIndex=3, NodeIdType=<NodeIdType.String: 3>), Bo...","ns=3;s=""gtyp_MPO"".""History""[0]",Objects/Objects/DeviceSet/PLC/DataBlocksGlobal/gtyp_MPO/History
MPO,1,Variable,string,"ExtensionObject(TypeId=NodeId(Identifier='TE_""typ_History""', NamespaceIndex=3, NodeIdType=<NodeIdType.String: 3>), Bo...","ns=3;s=""gtyp_MPO"".""History""[1]",Objects/Objects/DeviceSet/PLC/DataBlocksGlobal/gtyp_MPO/History
MPO,2,Variable,string,"ExtensionObject(TypeId=NodeId(Identifier='TE_""typ_History""', NamespaceIndex=3, NodeIdType=<NodeIdType.String: 3>), Bo...","ns=3;s=""gtyp_MPO"".""History""[2]",Objects/Objects/DeviceSet/PLC/DataBlocksGlobal/gtyp_MPO/History
MPO,3,Variable,string,"ExtensionObject(TypeId=NodeId(Identifier='TE_""typ_History""', NamespaceIndex=3, NodeIdType=<NodeIdType.String: 3>), Bo...","ns=3;s=""gtyp_MPO"".""History""[3]",Objects/Objects/DeviceSet/PLC/DataBlocksGlobal/gtyp_MPO/History
MPO,4,Variable,string,"ExtensionObject(TypeId=NodeId(Identifier='TE_""typ_History""', NamespaceIndex=3, NodeIdType=<NodeIdType.String: 3>), Bo...","ns=3;s=""gtyp_MPO"".""History""[4]",Objects/Objects/DeviceSet/PLC/DataBlocksGlobal/gtyp_MPO/History
MPO,5,Variable,string,"ExtensionObject(TypeId=NodeId(Identifier='TE_""typ_History""', NamespaceIndex=3, NodeIdType=<NodeIdType.String: 3>), Bo...","ns=3;s=""gtyp_MPO"".""History""[5]",Objects/Objects/DeviceSet/PLC/DataBlocksGlobal/gtyp_MPO/History
MPO,6,Variable,string,"ExtensionObject(TypeId=NodeId(Identifier='TE_""typ_History""', NamespaceIndex=3, NodeIdType=<NodeIdType.String: 3>), Bo...","ns=3;s=""gtyp_MPO"".""History""[6]",Objects/Objects/DeviceSet/PLC/DataBlocksGlobal/gtyp_MPO/History
MPO,7,Variable,string,"ExtensionObject(TypeId=NodeId(Identifier='TE_""typ_History""', NamespaceIndex=3, NodeIdType=<NodeIdType.String: 3>), Bo...","ns=3;s=""gtyp_MPO"".""History""[7]",Objects/Objects/DeviceSet/PLC/DataBlocksGlobal/gtyp_MPO/History
MPO,8,Variable,string,"ExtensionObject(TypeId=NodeId(Identifier='TE_""typ_History""', NamespaceIndex=3, NodeIdType=<NodeIdType.String: 3>), Bo...","ns=3;s=""gtyp_MPO"".""History""[8]",Objects/Objects/DeviceSet/PLC/DataBlocksGlobal/gtyp_MPO/History
MPO,9,Variable,string,"ExtensionObject(TypeId=NodeId(Identifier='TE_""typ_History""', NamespaceIndex=3, NodeIdType=<NodeIdType.String: 3>), Bo...","ns=3;s=""gtyp_MPO"".""History""[9]",Objects/Objects/DeviceSet/PLC/DataBlocksGlobal/gtyp_MPO/History
MPO,10,Variable,string,"ExtensionObject(TypeId=NodeId(Identifier='TE_""typ_History""', NamespaceIndex=3, NodeIdType=<NodeIdType.String: 3>), Bo...","ns=3;s=""gtyp_MPO"".""History""[10]",Objects/Objects/DeviceSet/PLC/DataBlocksGlobal/gtyp_MPO/History
MPO,11,Variable,string,"ExtensionObject(TypeId=NodeId(Identifier='TE_""typ_History""', NamespaceIndex=3, NodeIdType=<NodeIdType.String: 3>), Bo...","ns=3;s=""gtyp_MPO"".""History""[11]",Objects/Objects/DeviceSet/PLC/DataBlocksGlobal/gtyp_MPO/History
MPO,12,Variable,string,"ExtensionObject(TypeId=NodeId(Identifier='TE_""typ_History""', NamespaceIndex=3, NodeIdType=<NodeIdType.String: 3>), Bo...","ns=3;s=""gtyp_MPO"".""History""[12]",Objects/Objects/DeviceSet/PLC/DataBlocksGlobal/gtyp_MPO/History
MPO,13,Variable,string,"ExtensionObject(TypeId=NodeId(Identifier='TE_""typ_History""', NamespaceIndex=3, NodeIdType=<NodeIdType.String: 3>), Bo...","ns=3;s=""gtyp_MPO"".""History""[13]",Objects/Objects/DeviceSet/PLC/DataBlocksGlobal/gtyp_MPO/History
MPO,14,Variable,string,"ExtensionObject(TypeId=NodeId(Identifier='TE_""typ_History""', NamespaceIndex=3, NodeIdType=<NodeIdType.String: 3>), Bo...","ns=3;s=""gtyp_MPO"".""History""[14]",Objects/Objects/DeviceSet/PLC/DataBlocksGlobal/gtyp_MPO/History
MPO,15,Variable,string,"ExtensionObject(TypeId=NodeId(Identifier='TE_""typ_History""', NamespaceIndex=3, NodeIdType=<NodeIdType.String: 3>), Bo...","ns=3;s=""gtyp_MPO"".""History""[15]",Objects/Objects/DeviceSet/PLC/DataBlocksGlobal/gtyp_MPO/History
MPO,16,Variable,string,"ExtensionObject(TypeId=NodeId(Identifier='TE_""typ_History""', NamespaceIndex=3, NodeIdType=<NodeIdType.String: 3>), Bo...","ns=3;s=""gtyp_MPO"".""History""[16]",Objects/Objects/DeviceSet/PLC/DataBlocksGlobal/gtyp_MPO/History
MPO,17,Variable,string,"ExtensionObject(TypeId=NodeId(Identifier='TE_""typ_History""', NamespaceIndex=3, NodeIdType=<NodeIdType.String: 3>), Bo...","ns=3;s=""gtyp_MPO"".""History""[17]",Objects/Objects/DeviceSet/PLC/DataBlocksGlobal/gtyp_MPO/History
MPO,18,Variable,string,"ExtensionObject(TypeId=NodeId(Identifier='TE_""typ_History""', NamespaceIndex=3, NodeIdType=<NodeIdType.String: 3>), Bo...","ns=3;s=""gtyp_MPO"".""History""[18]",Objects/Objects/DeviceSet/PLC/DataBlocksGlobal/gtyp_MPO/History
MPO,19,Variable,string,"ExtensionObject(TypeId=NodeId(Identifier='TE_""typ_History""', NamespaceIndex=3, NodeIdType=<NodeIdType.String: 3>), Bo...","ns=3;s=""gtyp_MPO"".""History""[19]",Objects/Objects/DeviceSet/PLC/DataBlocksGlobal/gtyp_MPO/History
MPO,ldt_ts,Variable,string,1990-01-01 00:00:00+00:00,"ns=3;s=""gtyp_MPO"".""History""[0].""ldt_ts""",Objects/Objects/DeviceSet/PLC/DataBlocksGlobal/gtyp_MPO/History/0
MPO,i_code,Variable,int,0,"ns=3;s=""gtyp_MPO"".""History""[0].""i_code""",Objects/Objects/DeviceSet/PLC/DataBlocksGlobal/gtyp_MPO/History/0
MPO,ldt_ts,Variable,string,1990-01-01 00:00:00+00:00,"ns=3;s=""gtyp_MPO"".""History""[1].""ldt_ts""",Objects/Objects/DeviceSet/PLC/DataBlocksGlobal/gtyp_MPO/History/1
MPO,i_code,Variable,int,0,"ns=3;s=""gtyp_MPO"".""History""[1].""i_code""",Objects/Objects/DeviceSet/PLC/DataBlocksGlobal/gtyp_MPO/History/1
MPO,ldt_ts,Variable,string,1601-01-01 00:00:00+00:00,"ns=3;s=""gtyp_MPO"".""History""[10].""ldt_ts""",Objects/Objects/DeviceSet/PLC/DataBlocksGlobal/gtyp_MPO/History/10
MPO,i_code,Variable,int,0,"ns=3;s=""gtyp_MPO"".""History""[10].""i_code""",Objects/Objects/DeviceSet/PLC/DataBlocksGlobal/gtyp_MPO/History/10
MPO,ldt_ts,Variable,string,1601-01-01 00:00:00+00:00,"ns=3;s=""gtyp_MPO"".""History""[11].""ldt_ts""",Objects/Objects/DeviceSet/PLC/DataBlocksGlobal/gtyp_MPO/History/11
MPO,i_code,Variable,int,0,"ns=3;s=""gtyp_MPO"".""History""[11].""i_code""",Objects/Objects/DeviceSet/PLC/DataBlocksGlobal/gtyp_MPO/History/11
MPO,ldt_ts,Variable,string,1601-01-01 00:00:00+00:00,"ns=3;s=""gtyp_MPO"".""History""[12].""ldt_ts""",Objects/Objects/DeviceSet/PLC/DataBlocksGlobal/gtyp_MPO/History/12
MPO,i_code,Variable,int,0,"ns=3;s=""gtyp_MPO"".""History""[12].""i_code""",Objects/Objects/DeviceSet/PLC/DataBlocksGlobal/gtyp_MPO/History/12
MPO,ldt_ts,Variable,string,1601-01-01 00:00:00+00:00,"ns=3;s=""gtyp_MPO"".""History""[13].""ldt_ts""",Objects/Objects/DeviceSet/PLC/DataBlocksGlobal/gtyp_MPO/History/13
MPO,i_code,Variable,int,0,"ns=3;s=""gtyp_MPO"".""History""[13].""i_code""",Objects/Objects/DeviceSet/PLC/DataBlocksGlobal/gtyp_MPO/History/13
MPO,ldt_ts,Variable,string,1601-01-01 00:00:00+00:00,"ns=3;s=""gtyp_MPO"".""History""[14].""ldt_ts""",Objects/Objects/DeviceSet/PLC/DataBlocksGlobal/gtyp_MPO/History/14
MPO,i_code,Variable,int,0,"ns=3;s=""gtyp_MPO"".""History""[14].""i_code""",Objects/Objects/DeviceSet/PLC/DataBlocksGlobal/gtyp_MPO/History/14
MPO,ldt_ts,Variable,string,1601-01-01 00:00:00+00:00,"ns=3;s=""gtyp_MPO"".""History""[15].""ldt_ts""",Objects/Objects/DeviceSet/PLC/DataBlocksGlobal/gtyp_MPO/History/15
MPO,i_code,Variable,int,0,"ns=3;s=""gtyp_MPO"".""History""[15].""i_code""",Objects/Objects/DeviceSet/PLC/DataBlocksGlobal/gtyp_MPO/History/15
MPO,ldt_ts,Variable,string,1601-01-01 00:00:00+00:00,"ns=3;s=""gtyp_MPO"".""History""[16].""ldt_ts""",Objects/Objects/DeviceSet/PLC/DataBlocksGlobal/gtyp_MPO/History/16
MPO,i_code,Variable,int,0,"ns=3;s=""gtyp_MPO"".""History""[16].""i_code""",Objects/Objects/DeviceSet/PLC/DataBlocksGlobal/gtyp_MPO/History/16
MPO,ldt_ts,Variable,string,1601-01-01 00:00:00+00:00,"ns=3;s=""gtyp_MPO"".""History""[17].""ldt_ts""",Objects/Objects/DeviceSet/PLC/DataBlocksGlobal/gtyp_MPO/History/17
MPO,i_code,Variable,int,0,"ns=3;s=""gtyp_MPO"".""History""[17].""i_code""",Objects/Objects/DeviceSet/PLC/DataBlocksGlobal/gtyp_MPO/History/17
MPO,ldt_ts,Variable,string,1601-01-01 00:00:00+00:00,"ns=3;s=""gtyp_MPO"".""History""[18].""ldt_ts""",Objects/Objects/DeviceSet/PLC/DataBlocksGlobal/gtyp_MPO/History/18
MPO,i_code,Variable,int,0,"ns=3;s=""gtyp_MPO"".""History""[18].""i_code""",Objects/Objects/DeviceSet/PLC/DataBlocksGlobal/gtyp_MPO/History/18
MPO,ldt_ts,Variable,string,1601-01-01 00:00:00+00:00,"ns=3;s=""gtyp_MPO"".""History""[19].""ldt_ts""",Objects/Objects/DeviceSet/PLC/DataBlocksGlobal/gtyp_MPO/History/19
MPO,i_code,Variable,int,0,"ns=3;s=""gtyp_MPO"".""History""[19].""i_code""",Objects/Objects/DeviceSet/PLC/DataBlocksGlobal/gtyp_MPO/History/19
MPO,ldt_ts,Variable,string,1990-01-01 00:00:00+00:00,"ns=3;s=""gtyp_MPO"".""History""[2].""ldt_ts""",Objects/Objects/DeviceSet/PLC/DataBlocksGlobal/gtyp_MPO/History/2
MPO,i_code,Variable,int,0,"ns=3;s=""gtyp_MPO"".""History""[2].""i_code""",Objects/Objects/DeviceSet/PLC/DataBlocksGlobal/gtyp_MPO/History/2
MPO,ldt_ts,Variable,string,1990-01-01 00:00:00+00:00,"ns=3;s=""gtyp_MPO"".""History""[3].""ldt_ts""",Objects/Objects/DeviceSet/PLC/DataBlocksGlobal/gtyp_MPO/History/3
MPO,i_code,Variable,int,0,"ns=3;s=""gtyp_MPO"".""History""[3].""i_code""",Objects/Objects/DeviceSet/PLC/DataBlocksGlobal/gtyp_MPO/History/3
MPO,ldt_ts,Variable,string,1990-01-01 00:00:00+00:00,"ns=3;s=""gtyp_MPO"".""History""[4].""ldt_ts""",Objects/Objects/DeviceSet/PLC/DataBlocksGlobal/gtyp_MPO/History/4
MPO,i_code,Variable,int,0,"ns=3;s=""gtyp_MPO"".""History""[4].""i_code""",Objects/Objects/DeviceSet/PLC/DataBlocksGlobal/gtyp_MPO/History/4
MPO,ldt_ts,Variable,string,1990-01-01 00:00:00+00:00,"ns=3;s=""gtyp_MPO"".""History""[5].""ldt_ts""",Objects/Objects/DeviceSet/PLC/DataBlocksGlobal/gtyp_MPO/History/5
MPO,i_code,Variable,int,0,"ns=3;s=""gtyp_MPO"".""History""[5].""i_code""",Objects/Objects/DeviceSet/PLC/DataBlocksGlobal/gtyp_MPO/History/5
MPO,ldt_ts,Variable,string,1990-01-01 00:00:00+00:00,"ns=3;s=""gtyp_MPO"".""History""[6].""ldt_ts""",Objects/Objects/DeviceSet/PLC/DataBlocksGlobal/gtyp_MPO/History/6
MPO,i_code,Variable,int,0,"ns=3;s=""gtyp_MPO"".""History""[6].""i_code""",Objects/Objects/DeviceSet/PLC/DataBlocksGlobal/gtyp_MPO/History/6
MPO,ldt_ts,Variable,string,1990-01-01 00:00:00+00:00,"ns=3;s=""gtyp_MPO"".""History""[7].""ldt_ts""",Objects/Objects/DeviceSet/PLC/DataBlocksGlobal/gtyp_MPO/History/7
MPO,i_code,Variable,int,0,"ns=3;s=""gtyp_MPO"".""History""[7].""i_code""",Objects/Objects/DeviceSet/PLC/DataBlocksGlobal/gtyp_MPO/History/7
MPO,ldt_ts,Variable,string,1601-01-01 00:00:00+00:00,"ns=3;s=""gtyp_MPO"".""History""[8].""ldt_ts""",Objects/Objects/DeviceSet/PLC/DataBlocksGlobal/gtyp_MPO/History/8
MPO,i_code,Variable,int,0,"ns=3;s=""gtyp_MPO"".""History""[8].""i_code""",Objects/Objects/DeviceSet/PLC/DataBlocksGlobal/gtyp_MPO/History/8
MPO,ldt_ts,Variable,string,1601-01-01 00:00:00+00:00,"ns=3;s=""gtyp_MPO"".""History""[9].""ldt_ts""",Objects/Objects/DeviceSet/PLC/DataBlocksGlobal/gtyp_MPO/History/9
MPO,i_code,Variable,int,0,"ns=3;s=""gtyp_MPO"".""History""[9].""i_code""",Objects/Objects/DeviceSet/PLC/DataBlocksGlobal/gtyp_MPO/History/9
MPO,s_id,Variable,string,0,"ns=3;s=""gtyp_MPO"".""Workpiece"".""s_id""",Objects/Objects/DeviceSet/PLC/DataBlocksGlobal/gtyp_MPO/Workpiece
MPO,s_type,Variable,string,,"ns=3;s=""gtyp_MPO"".""Workpiece"".""s_type""",Objects/Objects/DeviceSet/PLC/DataBlocksGlobal/gtyp_MPO/Workpiece
MPO,s_state,Variable,string,,"ns=3;s=""gtyp_MPO"".""Workpiece"".""s_state""",Objects/Objects/DeviceSet/PLC/DataBlocksGlobal/gtyp_MPO/Workpiece
SLD,gtyp_SLD,Object,,,"ns=3;s=""gtyp_SLD""",Objects/Objects/DeviceSet/PLC/DataBlocksGlobal
SLD,x_Error,Variable,bool,False,"ns=3;s=""gtyp_SLD"".""x_Error""",Objects/Objects/DeviceSet/PLC/DataBlocksGlobal/gtyp_SLD
SLD,i_CounterValue_Blue,Variable,int,26,"ns=3;s=""gtyp_SLD"".""i_CounterValue_Blue""",Objects/Objects/DeviceSet/PLC/DataBlocksGlobal/gtyp_SLD
SLD,i_CounterValue_White,Variable,int,5,"ns=3;s=""gtyp_SLD"".""i_CounterValue_White""",Objects/Objects/DeviceSet/PLC/DataBlocksGlobal/gtyp_SLD
SLD,i_CounterValue_Red,Variable,int,16,"ns=3;s=""gtyp_SLD"".""i_CounterValue_Red""",Objects/Objects/DeviceSet/PLC/DataBlocksGlobal/gtyp_SLD
SLD,i_Counter_Actual,Variable,int,0,"ns=3;s=""gtyp_SLD"".""i_Counter_Actual""",Objects/Objects/DeviceSet/PLC/DataBlocksGlobal/gtyp_SLD
SLD,w_Threshold_White_Red,Variable,int,13402,"ns=3;s=""gtyp_SLD"".""w_Threshold_White_Red""",Objects/Objects/DeviceSet/PLC/DataBlocksGlobal/gtyp_SLD
SLD,w_Threshold_Red_Blue,Variable,int,18935,"ns=3;s=""gtyp_SLD"".""w_Threshold_Red_Blue""",Objects/Objects/DeviceSet/PLC/DataBlocksGlobal/gtyp_SLD
SLD,Workpiece,Variable,string,"ExtensionObject(TypeId=NodeId(Identifier='TE_""typ_Workpiece""', NamespaceIndex=3, NodeIdType=<NodeIdType.String: 3>), ...","ns=3;s=""gtyp_SLD"".""Workpiece""",Objects/Objects/DeviceSet/PLC/DataBlocksGlobal/gtyp_SLD
SLD,History,Variable,string,"[ExtensionObject(TypeId=NodeId(Identifier='TE_""typ_History""', NamespaceIndex=3, NodeIdType=<NodeIdType.String: 3>), B...","ns=3;s=""gtyp_SLD"".""History""",Objects/Objects/DeviceSet/PLC/DataBlocksGlobal/gtyp_SLD
SLD,0,Variable,string,"ExtensionObject(TypeId=NodeId(Identifier='TE_""typ_History""', NamespaceIndex=3, NodeIdType=<NodeIdType.String: 3>), Bo...","ns=3;s=""gtyp_SLD"".""History""[0]",Objects/Objects/DeviceSet/PLC/DataBlocksGlobal/gtyp_SLD/History
SLD,1,Variable,string,"ExtensionObject(TypeId=NodeId(Identifier='TE_""typ_History""', NamespaceIndex=3, NodeIdType=<NodeIdType.String: 3>), Bo...","ns=3;s=""gtyp_SLD"".""History""[1]",Objects/Objects/DeviceSet/PLC/DataBlocksGlobal/gtyp_SLD/History
SLD,2,Variable,string,"ExtensionObject(TypeId=NodeId(Identifier='TE_""typ_History""', NamespaceIndex=3, NodeIdType=<NodeIdType.String: 3>), Bo...","ns=3;s=""gtyp_SLD"".""History""[2]",Objects/Objects/DeviceSet/PLC/DataBlocksGlobal/gtyp_SLD/History
SLD,3,Variable,string,"ExtensionObject(TypeId=NodeId(Identifier='TE_""typ_History""', NamespaceIndex=3, NodeIdType=<NodeIdType.String: 3>), Bo...","ns=3;s=""gtyp_SLD"".""History""[3]",Objects/Objects/DeviceSet/PLC/DataBlocksGlobal/gtyp_SLD/History
SLD,4,Variable,string,"ExtensionObject(TypeId=NodeId(Identifier='TE_""typ_History""', NamespaceIndex=3, NodeIdType=<NodeIdType.String: 3>), Bo...","ns=3;s=""gtyp_SLD"".""History""[4]",Objects/Objects/DeviceSet/PLC/DataBlocksGlobal/gtyp_SLD/History
SLD,5,Variable,string,"ExtensionObject(TypeId=NodeId(Identifier='TE_""typ_History""', NamespaceIndex=3, NodeIdType=<NodeIdType.String: 3>), Bo...","ns=3;s=""gtyp_SLD"".""History""[5]",Objects/Objects/DeviceSet/PLC/DataBlocksGlobal/gtyp_SLD/History
SLD,6,Variable,string,"ExtensionObject(TypeId=NodeId(Identifier='TE_""typ_History""', NamespaceIndex=3, NodeIdType=<NodeIdType.String: 3>), Bo...","ns=3;s=""gtyp_SLD"".""History""[6]",Objects/Objects/DeviceSet/PLC/DataBlocksGlobal/gtyp_SLD/History
SLD,7,Variable,string,"ExtensionObject(TypeId=NodeId(Identifier='TE_""typ_History""', NamespaceIndex=3, NodeIdType=<NodeIdType.String: 3>), Bo...","ns=3;s=""gtyp_SLD"".""History""[7]",Objects/Objects/DeviceSet/PLC/DataBlocksGlobal/gtyp_SLD/History
SLD,8,Variable,string,"ExtensionObject(TypeId=NodeId(Identifier='TE_""typ_History""', NamespaceIndex=3, NodeIdType=<NodeIdType.String: 3>), Bo...","ns=3;s=""gtyp_SLD"".""History""[8]",Objects/Objects/DeviceSet/PLC/DataBlocksGlobal/gtyp_SLD/History
SLD,9,Variable,string,"ExtensionObject(TypeId=NodeId(Identifier='TE_""typ_History""', NamespaceIndex=3, NodeIdType=<NodeIdType.String: 3>), Bo...","ns=3;s=""gtyp_SLD"".""History""[9]",Objects/Objects/DeviceSet/PLC/DataBlocksGlobal/gtyp_SLD/History
SLD,10,Variable,string,"ExtensionObject(TypeId=NodeId(Identifier='TE_""typ_History""', NamespaceIndex=3, NodeIdType=<NodeIdType.String: 3>), Bo...","ns=3;s=""gtyp_SLD"".""History""[10]",Objects/Objects/DeviceSet/PLC/DataBlocksGlobal/gtyp_SLD/History
SLD,11,Variable,string,"ExtensionObject(TypeId=NodeId(Identifier='TE_""typ_History""', NamespaceIndex=3, NodeIdType=<NodeIdType.String: 3>), Bo...","ns=3;s=""gtyp_SLD"".""History""[11]",Objects/Objects/DeviceSet/PLC/DataBlocksGlobal/gtyp_SLD/History
SLD,12,Variable,string,"ExtensionObject(TypeId=NodeId(Identifier='TE_""typ_History""', NamespaceIndex=3, NodeIdType=<NodeIdType.String: 3>), Bo...","ns=3;s=""gtyp_SLD"".""History""[12]",Objects/Objects/DeviceSet/PLC/DataBlocksGlobal/gtyp_SLD/History
SLD,13,Variable,string,"ExtensionObject(TypeId=NodeId(Identifier='TE_""typ_History""', NamespaceIndex=3, NodeIdType=<NodeIdType.String: 3>), Bo...","ns=3;s=""gtyp_SLD"".""History""[13]",Objects/Objects/DeviceSet/PLC/DataBlocksGlobal/gtyp_SLD/History
SLD,14,Variable,string,"ExtensionObject(TypeId=NodeId(Identifier='TE_""typ_History""', NamespaceIndex=3, NodeIdType=<NodeIdType.String: 3>), Bo...","ns=3;s=""gtyp_SLD"".""History""[14]",Objects/Objects/DeviceSet/PLC/DataBlocksGlobal/gtyp_SLD/History
SLD,15,Variable,string,"ExtensionObject(TypeId=NodeId(Identifier='TE_""typ_History""', NamespaceIndex=3, NodeIdType=<NodeIdType.String: 3>), Bo...","ns=3;s=""gtyp_SLD"".""History""[15]",Objects/Objects/DeviceSet/PLC/DataBlocksGlobal/gtyp_SLD/History
SLD,16,Variable,string,"ExtensionObject(TypeId=NodeId(Identifier='TE_""typ_History""', NamespaceIndex=3, NodeIdType=<NodeIdType.String: 3>), Bo...","ns=3;s=""gtyp_SLD"".""History""[16]",Objects/Objects/DeviceSet/PLC/DataBlocksGlobal/gtyp_SLD/History
SLD,17,Variable,string,"ExtensionObject(TypeId=NodeId(Identifier='TE_""typ_History""', NamespaceIndex=3, NodeIdType=<NodeIdType.String: 3>), Bo...","ns=3;s=""gtyp_SLD"".""History""[17]",Objects/Objects/DeviceSet/PLC/DataBlocksGlobal/gtyp_SLD/History
SLD,18,Variable,string,"ExtensionObject(TypeId=NodeId(Identifier='TE_""typ_History""', NamespaceIndex=3, NodeIdType=<NodeIdType.String: 3>), Bo...","ns=3;s=""gtyp_SLD"".""History""[18]",Objects/Objects/DeviceSet/PLC/DataBlocksGlobal/gtyp_SLD/History
SLD,19,Variable,string,"ExtensionObject(TypeId=NodeId(Identifier='TE_""typ_History""', NamespaceIndex=3, NodeIdType=<NodeIdType.String: 3>), Bo...","ns=3;s=""gtyp_SLD"".""History""[19]",Objects/Objects/DeviceSet/PLC/DataBlocksGlobal/gtyp_SLD/History
SLD,ldt_ts,Variable,string,1990-01-01 00:00:00+00:00,"ns=3;s=""gtyp_SLD"".""History""[0].""ldt_ts""",Objects/Objects/DeviceSet/PLC/DataBlocksGlobal/gtyp_SLD/History/0
SLD,i_code,Variable,int,0,"ns=3;s=""gtyp_SLD"".""History""[0].""i_code""",Objects/Objects/DeviceSet/PLC/DataBlocksGlobal/gtyp_SLD/History/0
SLD,ldt_ts,Variable,string,1990-01-01 00:00:00+00:00,"ns=3;s=""gtyp_SLD"".""History""[1].""ldt_ts""",Objects/Objects/DeviceSet/PLC/DataBlocksGlobal/gtyp_SLD/History/1
SLD,i_code,Variable,int,0,"ns=3;s=""gtyp_SLD"".""History""[1].""i_code""",Objects/Objects/DeviceSet/PLC/DataBlocksGlobal/gtyp_SLD/History/1
SLD,ldt_ts,Variable,string,1601-01-01 00:00:00+00:00,"ns=3;s=""gtyp_SLD"".""History""[10].""ldt_ts""",Objects/Objects/DeviceSet/PLC/DataBlocksGlobal/gtyp_SLD/History/10
SLD,i_code,Variable,int,0,"ns=3;s=""gtyp_SLD"".""History""[10].""i_code""",Objects/Objects/DeviceSet/PLC/DataBlocksGlobal/gtyp_SLD/History/10
SLD,ldt_ts,Variable,string,1601-01-01 00:00:00+00:00,"ns=3;s=""gtyp_SLD"".""History""[11].""ldt_ts""",Objects/Objects/DeviceSet/PLC/DataBlocksGlobal/gtyp_SLD/History/11
SLD,i_code,Variable,int,0,"ns=3;s=""gtyp_SLD"".""History""[11].""i_code""",Objects/Objects/DeviceSet/PLC/DataBlocksGlobal/gtyp_SLD/History/11
SLD,ldt_ts,Variable,string,1601-01-01 00:00:00+00:00,"ns=3;s=""gtyp_SLD"".""History""[12].""ldt_ts""",Objects/Objects/DeviceSet/PLC/DataBlocksGlobal/gtyp_SLD/History/12
SLD,i_code,Variable,int,0,"ns=3;s=""gtyp_SLD"".""History""[12].""i_code""",Objects/Objects/DeviceSet/PLC/DataBlocksGlobal/gtyp_SLD/History/12
SLD,ldt_ts,Variable,string,1601-01-01 00:00:00+00:00,"ns=3;s=""gtyp_SLD"".""History""[13].""ldt_ts""",Objects/Objects/DeviceSet/PLC/DataBlocksGlobal/gtyp_SLD/History/13
SLD,i_code,Variable,int,0,"ns=3;s=""gtyp_SLD"".""History""[13].""i_code""",Objects/Objects/DeviceSet/PLC/DataBlocksGlobal/gtyp_SLD/History/13
SLD,ldt_ts,Variable,string,1601-01-01 00:00:00+00:00,"ns=3;s=""gtyp_SLD"".""History""[14].""ldt_ts""",Objects/Objects/DeviceSet/PLC/DataBlocksGlobal/gtyp_SLD/History/14
SLD,i_code,Variable,int,0,"ns=3;s=""gtyp_SLD"".""History""[14].""i_code""",Objects/Objects/DeviceSet/PLC/DataBlocksGlobal/gtyp_SLD/History/14
SLD,ldt_ts,Variable,string,1601-01-01 00:00:00+00:00,"ns=3;s=""gtyp_SLD"".""History""[15].""ldt_ts""",Objects/Objects/DeviceSet/PLC/DataBlocksGlobal/gtyp_SLD/History/15
SLD,i_code,Variable,int,0,"ns=3;s=""gtyp_SLD"".""History""[15].""i_code""",Objects/Objects/DeviceSet/PLC/DataBlocksGlobal/gtyp_SLD/History/15
SLD,ldt_ts,Variable,string,1601-01-01 00:00:00+00:00,"ns=3;s=""gtyp_SLD"".""History""[16].""ldt_ts""",Objects/Objects/DeviceSet/PLC/DataBlocksGlobal/gtyp_SLD/History/16
SLD,i_code,Variable,int,0,"ns=3;s=""gtyp_SLD"".""History""[16].""i_code""",Objects/Objects/DeviceSet/PLC/DataBlocksGlobal/gtyp_SLD/History/16
SLD,ldt_ts,Variable,string,1601-01-01 00:00:00+00:00,"ns=3;s=""gtyp_SLD"".""History""[17].""ldt_ts""",Objects/Objects/DeviceSet/PLC/DataBlocksGlobal/gtyp_SLD/History/17
SLD,i_code,Variable,int,0,"ns=3;s=""gtyp_SLD"".""History""[17].""i_code""",Objects/Objects/DeviceSet/PLC/DataBlocksGlobal/gtyp_SLD/History/17
SLD,ldt_ts,Variable,string,1601-01-01 00:00:00+00:00,"ns=3;s=""gtyp_SLD"".""History""[18].""ldt_ts""",Objects/Objects/DeviceSet/PLC/DataBlocksGlobal/gtyp_SLD/History/18
SLD,i_code,Variable,int,0,"ns=3;s=""gtyp_SLD"".""History""[18].""i_code""",Objects/Objects/DeviceSet/PLC/DataBlocksGlobal/gtyp_SLD/History/18
SLD,ldt_ts,Variable,string,1601-01-01 00:00:00+00:00,"ns=3;s=""gtyp_SLD"".""History""[19].""ldt_ts""",Objects/Objects/DeviceSet/PLC/DataBlocksGlobal/gtyp_SLD/History/19
SLD,i_code,Variable,int,0,"ns=3;s=""gtyp_SLD"".""History""[19].""i_code""",Objects/Objects/DeviceSet/PLC/DataBlocksGlobal/gtyp_SLD/History/19
SLD,ldt_ts,Variable,string,1990-01-01 00:00:00+00:00,"ns=3;s=""gtyp_SLD"".""History""[2].""ldt_ts""",Objects/Objects/DeviceSet/PLC/DataBlocksGlobal/gtyp_SLD/History/2
SLD,i_code,Variable,int,0,"ns=3;s=""gtyp_SLD"".""History""[2].""i_code""",Objects/Objects/DeviceSet/PLC/DataBlocksGlobal/gtyp_SLD/History/2
SLD,ldt_ts,Variable,string,1990-01-01 00:00:00+00:00,"ns=3;s=""gtyp_SLD"".""History""[3].""ldt_ts""",Objects/Objects/DeviceSet/PLC/DataBlocksGlobal/gtyp_SLD/History/3
SLD,i_code,Variable,int,0,"ns=3;s=""gtyp_SLD"".""History""[3].""i_code""",Objects/Objects/DeviceSet/PLC/DataBlocksGlobal/gtyp_SLD/History/3
SLD,ldt_ts,Variable,string,1990-01-01 00:00:00+00:00,"ns=3;s=""gtyp_SLD"".""History""[4].""ldt_ts""",Objects/Objects/DeviceSet/PLC/DataBlocksGlobal/gtyp_SLD/History/4
SLD,i_code,Variable,int,0,"ns=3;s=""gtyp_SLD"".""History""[4].""i_code""",Objects/Objects/DeviceSet/PLC/DataBlocksGlobal/gtyp_SLD/History/4
SLD,ldt_ts,Variable,string,1990-01-01 00:00:00+00:00,"ns=3;s=""gtyp_SLD"".""History""[5].""ldt_ts""",Objects/Objects/DeviceSet/PLC/DataBlocksGlobal/gtyp_SLD/History/5
SLD,i_code,Variable,int,0,"ns=3;s=""gtyp_SLD"".""History""[5].""i_code""",Objects/Objects/DeviceSet/PLC/DataBlocksGlobal/gtyp_SLD/History/5
SLD,ldt_ts,Variable,string,1990-01-01 00:00:00+00:00,"ns=3;s=""gtyp_SLD"".""History""[6].""ldt_ts""",Objects/Objects/DeviceSet/PLC/DataBlocksGlobal/gtyp_SLD/History/6
SLD,i_code,Variable,int,0,"ns=3;s=""gtyp_SLD"".""History""[6].""i_code""",Objects/Objects/DeviceSet/PLC/DataBlocksGlobal/gtyp_SLD/History/6
SLD,ldt_ts,Variable,string,1990-01-01 00:00:00+00:00,"ns=3;s=""gtyp_SLD"".""History""[7].""ldt_ts""",Objects/Objects/DeviceSet/PLC/DataBlocksGlobal/gtyp_SLD/History/7
SLD,i_code,Variable,int,0,"ns=3;s=""gtyp_SLD"".""History""[7].""i_code""",Objects/Objects/DeviceSet/PLC/DataBlocksGlobal/gtyp_SLD/History/7
SLD,ldt_ts,Variable,string,1601-01-01 00:00:00+00:00,"ns=3;s=""gtyp_SLD"".""History""[8].""ldt_ts""",Objects/Objects/DeviceSet/PLC/DataBlocksGlobal/gtyp_SLD/History/8
SLD,i_code,Variable,int,0,"ns=3;s=""gtyp_SLD"".""History""[8].""i_code""",Objects/Objects/DeviceSet/PLC/DataBlocksGlobal/gtyp_SLD/History/8
SLD,ldt_ts,Variable,string,1601-01-01 00:00:00+00:00,"ns=3;s=""gtyp_SLD"".""History""[9].""ldt_ts""",Objects/Objects/DeviceSet/PLC/DataBlocksGlobal/gtyp_SLD/History/9
SLD,i_code,Variable,int,0,"ns=3;s=""gtyp_SLD"".""History""[9].""i_code""",Objects/Objects/DeviceSet/PLC/DataBlocksGlobal/gtyp_SLD/History/9
SLD,s_id,Variable,string,0,"ns=3;s=""gtyp_SLD"".""Workpiece"".""s_id""",Objects/Objects/DeviceSet/PLC/DataBlocksGlobal/gtyp_SLD/Workpiece
SLD,s_type,Variable,string,,"ns=3;s=""gtyp_SLD"".""Workpiece"".""s_type""",Objects/Objects/DeviceSet/PLC/DataBlocksGlobal/gtyp_SLD/Workpiece
SLD,s_state,Variable,string,,"ns=3;s=""gtyp_SLD"".""Workpiece"".""s_state""",Objects/Objects/DeviceSet/PLC/DataBlocksGlobal/gtyp_SLD/Workpiece
SSC,gtyp_SSC,Object,,,"ns=3;s=""gtyp_SSC""",Objects/Objects/DeviceSet/PLC/DataBlocksGlobal
SSC,x_Start_Park_Position,Variable,bool,False,"ns=3;s=""gtyp_SSC"".""x_Start_Park_Position""",Objects/Objects/DeviceSet/PLC/DataBlocksGlobal/gtyp_SSC
SSC,x_Park_Position_Reached,Variable,bool,False,"ns=3;s=""gtyp_SSC"".""x_Park_Position_Reached""",Objects/Objects/DeviceSet/PLC/DataBlocksGlobal/gtyp_SSC
SSC,x_Error,Variable,bool,False,"ns=3;s=""gtyp_SSC"".""x_Error""",Objects/Objects/DeviceSet/PLC/DataBlocksGlobal/gtyp_SSC
SSC,di_Pos_Centre_Horizontal,Variable,int,3000,"ns=3;s=""gtyp_SSC"".""di_Pos_Centre_Horizontal""",Objects/Objects/DeviceSet/PLC/DataBlocksGlobal/gtyp_SSC
SSC,di_Pos_Centre_Vertical,Variable,int,1400,"ns=3;s=""gtyp_SSC"".""di_Pos_Centre_Vertical""",Objects/Objects/DeviceSet/PLC/DataBlocksGlobal/gtyp_SSC
SSC,di_Pos_HBW_Horizontal,Variable,int,5400,"ns=3;s=""gtyp_SSC"".""di_Pos_HBW_Horizontal""",Objects/Objects/DeviceSet/PLC/DataBlocksGlobal/gtyp_SSC
SSC,di_Pos_HBW_Vertical,Variable,int,950,"ns=3;s=""gtyp_SSC"".""di_Pos_HBW_Vertical""",Objects/Objects/DeviceSet/PLC/DataBlocksGlobal/gtyp_SSC
SSC,di_Pos_Park_Horizontal,Variable,int,3000,"ns=3;s=""gtyp_SSC"".""di_Pos_Park_Horizontal""",Objects/Objects/DeviceSet/PLC/DataBlocksGlobal/gtyp_SSC
SSC,di_Pos_Park_Vertical,Variable,int,200,"ns=3;s=""gtyp_SSC"".""di_Pos_Park_Vertical""",Objects/Objects/DeviceSet/PLC/DataBlocksGlobal/gtyp_SSC
SSC,w_Threshold_White_Red,Variable,int,15782,"ns=3;s=""gtyp_SSC"".""w_Threshold_White_Red""",Objects/Objects/DeviceSet/PLC/DataBlocksGlobal/gtyp_SSC
SSC,w_Threshold_Red_Blue,Variable,int,21062,"ns=3;s=""gtyp_SSC"".""w_Threshold_Red_Blue""",Objects/Objects/DeviceSet/PLC/DataBlocksGlobal/gtyp_SSC
SSC,Horizontal_Axis,Variable,string,"ExtensionObject(TypeId=NodeId(Identifier='TE_""typ_Axis""', NamespaceIndex=3, NodeIdType=<NodeIdType.String: 3>), Body=...","ns=3;s=""gtyp_SSC"".""Horizontal_Axis""",Objects/Objects/DeviceSet/PLC/DataBlocksGlobal/gtyp_SSC
SSC,Vertical_Axis,Variable,string,"ExtensionObject(TypeId=NodeId(Identifier='TE_""typ_Axis""', NamespaceIndex=3, NodeIdType=<NodeIdType.String: 3>), Body=...","ns=3;s=""gtyp_SSC"".""Vertical_Axis""",Objects/Objects/DeviceSet/PLC/DataBlocksGlobal/gtyp_SSC
SSC,Workpiece,Variable,string,"ExtensionObject(TypeId=NodeId(Identifier='TE_""typ_Workpiece""', NamespaceIndex=3, NodeIdType=<NodeIdType.String: 3>), ...","ns=3;s=""gtyp_SSC"".""Workpiece""",Objects/Objects/DeviceSet/PLC/DataBlocksGlobal/gtyp_SSC
SSC,History,Variable,string,"[ExtensionObject(TypeId=NodeId(Identifier='TE_""typ_History""', NamespaceIndex=3, NodeIdType=<NodeIdType.String: 3>), B...","ns=3;s=""gtyp_SSC"".""History""",Objects/Objects/DeviceSet/PLC/DataBlocksGlobal/gtyp_SSC
SSC,0,Variable,string,"ExtensionObject(TypeId=NodeId(Identifier='TE_""typ_History""', NamespaceIndex=3, NodeIdType=<NodeIdType.String: 3>), Bo...","ns=3;s=""gtyp_SSC"".""History""[0]",Objects/Objects/DeviceSet/PLC/DataBlocksGlobal/gtyp_SSC/History
SSC,1,Variable,string,"ExtensionObject(TypeId=NodeId(Identifier='TE_""typ_History""', NamespaceIndex=3, NodeIdType=<NodeIdType.String: 3>), Bo...","ns=3;s=""gtyp_SSC"".""History""[1]",Objects/Objects/DeviceSet/PLC/DataBlocksGlobal/gtyp_SSC/History
SSC,2,Variable,string,"ExtensionObject(TypeId=NodeId(Identifier='TE_""typ_History""', NamespaceIndex=3, NodeIdType=<NodeIdType.String: 3>), Bo...","ns=3;s=""gtyp_SSC"".""History""[2]",Objects/Objects/DeviceSet/PLC/DataBlocksGlobal/gtyp_SSC/History
SSC,3,Variable,string,"ExtensionObject(TypeId=NodeId(Identifier='TE_""typ_History""', NamespaceIndex=3, NodeIdType=<NodeIdType.String: 3>), Bo...","ns=3;s=""gtyp_SSC"".""History""[3]",Objects/Objects/DeviceSet/PLC/DataBlocksGlobal/gtyp_SSC/History
SSC,4,Variable,string,"ExtensionObject(TypeId=NodeId(Identifier='TE_""typ_History""', NamespaceIndex=3, NodeIdType=<NodeIdType.String: 3>), Bo...","ns=3;s=""gtyp_SSC"".""History""[4]",Objects/Objects/DeviceSet/PLC/DataBlocksGlobal/gtyp_SSC/History
SSC,5,Variable,string,"ExtensionObject(TypeId=NodeId(Identifier='TE_""typ_History""', NamespaceIndex=3, NodeIdType=<NodeIdType.String: 3>), Bo...","ns=3;s=""gtyp_SSC"".""History""[5]",Objects/Objects/DeviceSet/PLC/DataBlocksGlobal/gtyp_SSC/History
SSC,6,Variable,string,"ExtensionObject(TypeId=NodeId(Identifier='TE_""typ_History""', NamespaceIndex=3, NodeIdType=<NodeIdType.String: 3>), Bo...","ns=3;s=""gtyp_SSC"".""History""[6]",Objects/Objects/DeviceSet/PLC/DataBlocksGlobal/gtyp_SSC/History
SSC,7,Variable,string,"ExtensionObject(TypeId=NodeId(Identifier='TE_""typ_History""', NamespaceIndex=3, NodeIdType=<NodeIdType.String: 3>), Bo...","ns=3;s=""gtyp_SSC"".""History""[7]",Objects/Objects/DeviceSet/PLC/DataBlocksGlobal/gtyp_SSC/History
SSC,8,Variable,string,"ExtensionObject(TypeId=NodeId(Identifier='TE_""typ_History""', NamespaceIndex=3, NodeIdType=<NodeIdType.String: 3>), Bo...","ns=3;s=""gtyp_SSC"".""History""[8]",Objects/Objects/DeviceSet/PLC/DataBlocksGlobal/gtyp_SSC/History
SSC,9,Variable,string,"ExtensionObject(TypeId=NodeId(Identifier='TE_""typ_History""', NamespaceIndex=3, NodeIdType=<NodeIdType.String: 3>), Bo...","ns=3;s=""gtyp_SSC"".""History""[9]",Objects/Objects/DeviceSet/PLC/DataBlocksGlobal/gtyp_SSC/History
SSC,10,Variable,string,"ExtensionObject(TypeId=NodeId(Identifier='TE_""typ_History""', NamespaceIndex=3, NodeIdType=<NodeIdType.String: 3>), Bo...","ns=3;s=""gtyp_SSC"".""History""[10]",Objects/Objects/DeviceSet/PLC/DataBlocksGlobal/gtyp_SSC/History
SSC,11,Variable,string,"ExtensionObject(TypeId=NodeId(Identifier='TE_""typ_History""', NamespaceIndex=3, NodeIdType=<NodeIdType.String: 3>), Bo...","ns=3;s=""gtyp_SSC"".""History""[11]",Objects/Objects/DeviceSet/PLC/DataBlocksGlobal/gtyp_SSC/History
SSC,12,Variable,string,"ExtensionObject(TypeId=NodeId(Identifier='TE_""typ_History""', NamespaceIndex=3, NodeIdType=<NodeIdType.String: 3>), Bo...","ns=3;s=""gtyp_SSC"".""History""[12]",Objects/Objects/DeviceSet/PLC/DataBlocksGlobal/gtyp_SSC/History
SSC,13,Variable,string,"ExtensionObject(TypeId=NodeId(Identifier='TE_""typ_History""', NamespaceIndex=3, NodeIdType=<NodeIdType.String: 3>), Bo...","ns=3;s=""gtyp_SSC"".""History""[13]",Objects/Objects/DeviceSet/PLC/DataBlocksGlobal/gtyp_SSC/History
SSC,14,Variable,string,"ExtensionObject(TypeId=NodeId(Identifier='TE_""typ_History""', NamespaceIndex=3, NodeIdType=<NodeIdType.String: 3>), Bo...","ns=3;s=""gtyp_SSC"".""History""[14]",Objects/Objects/DeviceSet/PLC/DataBlocksGlobal/gtyp_SSC/History
SSC,15,Variable,string,"ExtensionObject(TypeId=NodeId(Identifier='TE_""typ_History""', NamespaceIndex=3, NodeIdType=<NodeIdType.String: 3>), Bo...","ns=3;s=""gtyp_SSC"".""History""[15]",Objects/Objects/DeviceSet/PLC/DataBlocksGlobal/gtyp_SSC/History
SSC,16,Variable,string,"ExtensionObject(TypeId=NodeId(Identifier='TE_""typ_History""', NamespaceIndex=3, NodeIdType=<NodeIdType.String: 3>), Bo...","ns=3;s=""gtyp_SSC"".""History""[16]",Objects/Objects/DeviceSet/PLC/DataBlocksGlobal/gtyp_SSC/History
SSC,17,Variable,string,"ExtensionObject(TypeId=NodeId(Identifier='TE_""typ_History""', NamespaceIndex=3, NodeIdType=<NodeIdType.String: 3>), Bo...","ns=3;s=""gtyp_SSC"".""History""[17]",Objects/Objects/DeviceSet/PLC/DataBlocksGlobal/gtyp_SSC/History
SSC,18,Variable,string,"ExtensionObject(TypeId=NodeId(Identifier='TE_""typ_History""', NamespaceIndex=3, NodeIdType=<NodeIdType.String: 3>), Bo...","ns=3;s=""gtyp_SSC"".""History""[18]",Objects/Objects/DeviceSet/PLC/DataBlocksGlobal/gtyp_SSC/History
SSC,19,Variable,string,"ExtensionObject(TypeId=NodeId(Identifier='TE_""typ_History""', NamespaceIndex=3, NodeIdType=<NodeIdType.String: 3>), Bo...","ns=3;s=""gtyp_SSC"".""History""[19]",Objects/Objects/DeviceSet/PLC/DataBlocksGlobal/gtyp_SSC/History
SSC,ldt_ts,Variable,string,2026-08-12 10:46:17.942000+00:00,"ns=3;s=""gtyp_SSC"".""History""[0].""ldt_ts""",Objects/Objects/DeviceSet/PLC/DataBlocksGlobal/gtyp_SSC/History/0
SSC,i_code,Variable,int,100,"ns=3;s=""gtyp_SSC"".""History""[0].""i_code""",Objects/Objects/DeviceSet/PLC/DataBlocksGlobal/gtyp_SSC/History/0
SSC,ldt_ts,Variable,string,2026-08-12 10:46:17.942000+00:00,"ns=3;s=""gtyp_SSC"".""History""[1].""ldt_ts""",Objects/Objects/DeviceSet/PLC/DataBlocksGlobal/gtyp_SSC/History/1
SSC,i_code,Variable,int,200,"ns=3;s=""gtyp_SSC"".""History""[1].""i_code""",Objects/Objects/DeviceSet/PLC/DataBlocksGlobal/gtyp_SSC/History/1
SSC,ldt_ts,Variable,string,1601-01-01 00:00:00+00:00,"ns=3;s=""gtyp_SSC"".""History""[10].""ldt_ts""",Objects/Objects/DeviceSet/PLC/DataBlocksGlobal/gtyp_SSC/History/10
SSC,i_code,Variable,int,0,"ns=3;s=""gtyp_SSC"".""History""[10].""i_code""",Objects/Objects/DeviceSet/PLC/DataBlocksGlobal/gtyp_SSC/History/10
SSC,ldt_ts,Variable,string,1601-01-01 00:00:00+00:00,"ns=3;s=""gtyp_SSC"".""History""[11].""ldt_ts""",Objects/Objects/DeviceSet/PLC/DataBlocksGlobal/gtyp_SSC/History/11
SSC,i_code,Variable,int,0,"ns=3;s=""gtyp_SSC"".""History""[11].""i_code""",Objects/Objects/DeviceSet/PLC/DataBlocksGlobal/gtyp_SSC/History/11
SSC,ldt_ts,Variable,string,1601-01-01 00:00:00+00:00,"ns=3;s=""gtyp_SSC"".""History""[12].""ldt_ts""",Objects/Objects/DeviceSet/PLC/DataBlocksGlobal/gtyp_SSC/History/12
SSC,i_code,Variable,int,0,"ns=3;s=""gtyp_SSC"".""History""[12].""i_code""",Objects/Objects/DeviceSet/PLC/DataBlocksGlobal/gtyp_SSC/History/12
SSC,ldt_ts,Variable,string,1601-01-01 00:00:00+00:00,"ns=3;s=""gtyp_SSC"".""History""[13].""ldt_ts""",Objects/Objects/DeviceSet/PLC/DataBlocksGlobal/gtyp_SSC/History/13
SSC,i_code,Variable,int,0,"ns=3;s=""gtyp_SSC"".""History""[13].""i_code""",Objects/Objects/DeviceSet/PLC/DataBlocksGlobal/gtyp_SSC/History/13
SSC,ldt_ts,Variable,string,1601-01-01 00:00:00+00:00,"ns=3;s=""gtyp_SSC"".""History""[14].""ldt_ts""",Objects/Objects/DeviceSet/PLC/DataBlocksGlobal/gtyp_SSC/History/14
SSC,i_code,Variable,int,0,"ns=3;s=""gtyp_SSC"".""History""[14].""i_code""",Objects/Objects/DeviceSet/PLC/DataBlocksGlobal/gtyp_SSC/History/14
SSC,ldt_ts,Variable,string,1601-01-01 00:00:00+00:00,"ns=3;s=""gtyp_SSC"".""History""[15].""ldt_ts""",Objects/Objects/DeviceSet/PLC/DataBlocksGlobal/gtyp_SSC/History/15
SSC,i_code,Variable,int,0,"ns=3;s=""gtyp_SSC"".""History""[15].""i_code""",Objects/Objects/DeviceSet/PLC/DataBlocksGlobal/gtyp_SSC/History/15
SSC,ldt_ts,Variable,string,1601-01-01 00:00:00+00:00,"ns=3;s=""gtyp_SSC"".""History""[16].""ldt_ts""",Objects/Objects/DeviceSet/PLC/DataBlocksGlobal/gtyp_SSC/History/16
SSC,i_code,Variable,int,0,"ns=3;s=""gtyp_SSC"".""History""[16].""i_code""",Objects/Objects/DeviceSet/PLC/DataBlocksGlobal/gtyp_SSC/History/16
SSC,ldt_ts,Variable,string,1601-01-01 00:00:00+00:00,"ns=3;s=""gtyp_SSC"".""History""[17].""ldt_ts""",Objects/Objects/DeviceSet/PLC/DataBlocksGlobal/gtyp_SSC/History/17
SSC,i_code,Variable,int,0,"ns=3;s=""gtyp_SSC"".""History""[17].""i_code""",Objects/Objects/DeviceSet/PLC/DataBlocksGlobal/gtyp_SSC/History/17
SSC,ldt_ts,Variable,string,1601-01-01 00:00:00+00:00,"ns=3;s=""gtyp_SSC"".""History""[18].""ldt_ts""",Objects/Objects/DeviceSet/PLC/DataBlocksGlobal/gtyp_SSC/History/18
SSC,i_code,Variable,int,0,"ns=3;s=""gtyp_SSC"".""History""[18].""i_code""",Objects/Objects/DeviceSet/PLC/DataBlocksGlobal/gtyp_SSC/History/18
SSC,ldt_ts,Variable,string,1601-01-01 00:00:00+00:00,"ns=3;s=""gtyp_SSC"".""History""[19].""ldt_ts""",Objects/Objects/DeviceSet/PLC/DataBlocksGlobal/gtyp_SSC/History/19
SSC,i_code,Variable,int,0,"ns=3;s=""gtyp_SSC"".""History""[19].""i_code""",Objects/Objects/DeviceSet/PLC/DataBlocksGlobal/gtyp_SSC/History/19
SSC,ldt_ts,Variable,string,2026-08-12 10:46:17.942000+00:00,"ns=3;s=""gtyp_SSC"".""History""[2].""ldt_ts""",Objects/Objects/DeviceSet/PLC/DataBlocksGlobal/gtyp_SSC/History/2
SSC,i_code,Variable,int,300,"ns=3;s=""gtyp_SSC"".""History""[2].""i_code""",Objects/Objects/DeviceSet/PLC/DataBlocksGlobal/gtyp_SSC/History/2
SSC,ldt_ts,Variable,string,2026-08-13 10:22:06.234000+00:00,"ns=3;s=""gtyp_SSC"".""History""[3].""ldt_ts""",Objects/Objects/DeviceSet/PLC/DataBlocksGlobal/gtyp_SSC/History/3
SSC,i_code,Variable,int,400,"ns=3;s=""gtyp_SSC"".""History""[3].""i_code""",Objects/Objects/DeviceSet/PLC/DataBlocksGlobal/gtyp_SSC/History/3
SSC,ldt_ts,Variable,string,2026-08-13 10:22:58.612000+00:00,"ns=3;s=""gtyp_SSC"".""History""[4].""ldt_ts""",Objects/Objects/DeviceSet/PLC/DataBlocksGlobal/gtyp_SSC/History/4
SSC,i_code,Variable,int,500,"ns=3;s=""gtyp_SSC"".""History""[4].""i_code""",Objects/Objects/DeviceSet/PLC/DataBlocksGlobal/gtyp_SSC/History/4
SSC,ldt_ts,Variable,string,2026-08-13 10:23:24.897000+00:00,"ns=3;s=""gtyp_SSC"".""History""[5].""ldt_ts""",Objects/Objects/DeviceSet/PLC/DataBlocksGlobal/gtyp_SSC/History/5
SSC,i_code,Variable,int,600,"ns=3;s=""gtyp_SSC"".""History""[5].""i_code""",Objects/Objects/DeviceSet/PLC/DataBlocksGlobal/gtyp_SSC/History/5
SSC,ldt_ts,Variable,string,2026-08-13 10:23:36.346000+00:00,"ns=3;s=""gtyp_SSC"".""History""[6].""ldt_ts""",Objects/Objects/DeviceSet/PLC/DataBlocksGlobal/gtyp_SSC/History/6
SSC,i_code,Variable,int,700,"ns=3;s=""gtyp_SSC"".""History""[6].""i_code""",Objects/Objects/DeviceSet/PLC/DataBlocksGlobal/gtyp_SSC/History/6
SSC,ldt_ts,Variable,string,2026-08-13 10:23:57.270000+00:00,"ns=3;s=""gtyp_SSC"".""History""[7].""ldt_ts""",Objects/Objects/DeviceSet/PLC/DataBlocksGlobal/gtyp_SSC/History/7
SSC,i_code,Variable,int,800,"ns=3;s=""gtyp_SSC"".""History""[7].""i_code""",Objects/Objects/DeviceSet/PLC/DataBlocksGlobal/gtyp_SSC/History/7
SSC,ldt_ts,Variable,string,1601-01-01 00:00:00+00:00,"ns=3;s=""gtyp_SSC"".""History""[8].""ldt_ts""",Objects/Objects/DeviceSet/PLC/DataBlocksGlobal/gtyp_SSC/History/8
SSC,i_code,Variable,int,0,"ns=3;s=""gtyp_SSC"".""History""[8].""i_code""",Objects/Objects/DeviceSet/PLC/DataBlocksGlobal/gtyp_SSC/History/8
SSC,ldt_ts,Variable,string,1601-01-01 00:00:00+00:00,"ns=3;s=""gtyp_SSC"".""History""[9].""ldt_ts""",Objects/Objects/DeviceSet/PLC/DataBlocksGlobal/gtyp_SSC/History/9
SSC,i_code,Variable,int,0,"ns=3;s=""gtyp_SSC"".""History""[9].""i_code""",Objects/Objects/DeviceSet/PLC/DataBlocksGlobal/gtyp_SSC/History/9
SSC,x_Start_Positioning,Variable,bool,False,"ns=3;s=""gtyp_SSC"".""Horizontal_Axis"".""x_Start_Positioning""",Objects/Objects/DeviceSet/PLC/DataBlocksGlobal/gtyp_SSC/Horizontal_Axis
SSC,x_Reference,Variable,bool,False,"ns=3;s=""gtyp_SSC"".""Horizontal_Axis"".""x_Reference""",Objects/Objects/DeviceSet/PLC/DataBlocksGlobal/gtyp_SSC/Horizontal_Axis
SSC,x_Referenced,Variable,bool,True,"ns=3;s=""gtyp_SSC"".""Horizontal_Axis"".""x_Referenced""",Objects/Objects/DeviceSet/PLC/DataBlocksGlobal/gtyp_SSC/Horizontal_Axis
SSC,x_Position_Reached,Variable,bool,True,"ns=3;s=""gtyp_SSC"".""Horizontal_Axis"".""x_Position_Reached""",Objects/Objects/DeviceSet/PLC/DataBlocksGlobal/gtyp_SSC/Horizontal_Axis
SSC,di_Target_Position,Variable,int,5400,"ns=3;s=""gtyp_SSC"".""Horizontal_Axis"".""di_Target_Position""",Objects/Objects/DeviceSet/PLC/DataBlocksGlobal/gtyp_SSC/Horizontal_Axis
SSC,di_Increment,Variable,int,5404,"ns=3;s=""gtyp_SSC"".""Horizontal_Axis"".""di_Increment""",Objects/Objects/DeviceSet/PLC/DataBlocksGlobal/gtyp_SSC/Horizontal_Axis
SSC,di_Actual_Position,Variable,int,5404,"ns=3;s=""gtyp_SSC"".""Horizontal_Axis"".""di_Actual_Position""",Objects/Objects/DeviceSet/PLC/DataBlocksGlobal/gtyp_SSC/Horizontal_Axis
SSC,i_PWM,Variable,int,1000,"ns=3;s=""gtyp_SSC"".""Horizontal_Axis"".""i_PWM""",Objects/Objects/DeviceSet/PLC/DataBlocksGlobal/gtyp_SSC/Horizontal_Axis
SSC,Config,Variable,string,"ExtensionObject(TypeId=NodeId(Identifier='TE_""typ_Axis_Data""', NamespaceIndex=3, NodeIdType=<NodeIdType.String: 3>), ...","ns=3;s=""gtyp_SSC"".""Horizontal_Axis"".""Config""",Objects/Objects/DeviceSet/PLC/DataBlocksGlobal/gtyp_SSC/Horizontal_Axis
SSC,di_Pos_Soft_Switch,Variable,int,5450,"ns=3;s=""gtyp_SSC"".""Horizontal_Axis"".""Config"".""di_Pos_Soft_Switch""",Objects/Objects/DeviceSet/PLC/DataBlocksGlobal/gtyp_SSC/Horizontal_Axis/Config
SSC,di_Neg_Soft_Switch,Variable,int,0,"ns=3;s=""gtyp_SSC"".""Horizontal_Axis"".""Config"".""di_Neg_Soft_Switch""",Objects/Objects/DeviceSet/PLC/DataBlocksGlobal/gtyp_SSC/Horizontal_Axis/Config
SSC,di_Ref_Pos,Variable,int,0,"ns=3;s=""gtyp_SSC"".""Horizontal_Axis"".""Config"".""di_Ref_Pos""",Objects/Objects/DeviceSet/PLC/DataBlocksGlobal/gtyp_SSC/Horizontal_Axis/Config
SSC,di_Loop_Value,Variable,int,0,"ns=3;s=""gtyp_SSC"".""Horizontal_Axis"".""Config"".""di_Loop_Value""",Objects/Objects/DeviceSet/PLC/DataBlocksGlobal/gtyp_SSC/Horizontal_Axis/Config
SSC,di_Pos_Window,Variable,int,25,"ns=3;s=""gtyp_SSC"".""Horizontal_Axis"".""Config"".""di_Pos_Window""",Objects/Objects/DeviceSet/PLC/DataBlocksGlobal/gtyp_SSC/Horizontal_Axis/Config
SSC,x_Start_Positioning,Variable,bool,False,"ns=3;s=""gtyp_SSC"".""Vertical_Axis"".""x_Start_Positioning""",Objects/Objects/DeviceSet/PLC/DataBlocksGlobal/gtyp_SSC/Vertical_Axis
SSC,x_Reference,Variable,bool,False,"ns=3;s=""gtyp_SSC"".""Vertical_Axis"".""x_Reference""",Objects/Objects/DeviceSet/PLC/DataBlocksGlobal/gtyp_SSC/Vertical_Axis
SSC,x_Referenced,Variable,bool,True,"ns=3;s=""gtyp_SSC"".""Vertical_Axis"".""x_Referenced""",Objects/Objects/DeviceSet/PLC/DataBlocksGlobal/gtyp_SSC/Vertical_Axis
SSC,x_Position_Reached,Variable,bool,True,"ns=3;s=""gtyp_SSC"".""Vertical_Axis"".""x_Position_Reached""",Objects/Objects/DeviceSet/PLC/DataBlocksGlobal/gtyp_SSC/Vertical_Axis
SSC,di_Target_Position,Variable,int,950,"ns=3;s=""gtyp_SSC"".""Vertical_Axis"".""di_Target_Position""",Objects/Objects/DeviceSet/PLC/DataBlocksGlobal/gtyp_SSC/Vertical_Axis
SSC,di_Increment,Variable,int,948,"ns=3;s=""gtyp_SSC"".""Vertical_Axis"".""di_Increment""",Objects/Objects/DeviceSet/PLC/DataBlocksGlobal/gtyp_SSC/Vertical_Axis
SSC,di_Actual_Position,Variable,int,948,"ns=3;s=""gtyp_SSC"".""Vertical_Axis"".""di_Actual_Position""",Objects/Objects/DeviceSet/PLC/DataBlocksGlobal/gtyp_SSC/Vertical_Axis
SSC,i_PWM,Variable,int,1000,"ns=3;s=""gtyp_SSC"".""Vertical_Axis"".""i_PWM""",Objects/Objects/DeviceSet/PLC/DataBlocksGlobal/gtyp_SSC/Vertical_Axis
SSC,Config,Variable,string,"ExtensionObject(TypeId=NodeId(Identifier='TE_""typ_Axis_Data""', NamespaceIndex=3, NodeIdType=<NodeIdType.String: 3>), ...","ns=3;s=""gtyp_SSC"".""Vertical_Axis"".""Config""",Objects/Objects/DeviceSet/PLC/DataBlocksGlobal/gtyp_SSC/Vertical_Axis
SSC,di_Pos_Soft_Switch,Variable,int,3000,"ns=3;s=""gtyp_SSC"".""Vertical_Axis"".""Config"".""di_Pos_Soft_Switch""",Objects/Objects/DeviceSet/PLC/DataBlocksGlobal/gtyp_SSC/Vertical_Axis/Config
SSC,di_Neg_Soft_Switch,Variable,int,0,"ns=3;s=""gtyp_SSC"".""Vertical_Axis"".""Config"".""di_Neg_Soft_Switch""",Objects/Objects/DeviceSet/PLC/DataBlocksGlobal/gtyp_SSC/Vertical_Axis/Config
SSC,di_Ref_Pos,Variable,int,0,"ns=3;s=""gtyp_SSC"".""Vertical_Axis"".""Config"".""di_Ref_Pos""",Objects/Objects/DeviceSet/PLC/DataBlocksGlobal/gtyp_SSC/Vertical_Axis/Config
SSC,di_Loop_Value,Variable,int,0,"ns=3;s=""gtyp_SSC"".""Vertical_Axis"".""Config"".""di_Loop_Value""",Objects/Objects/DeviceSet/PLC/DataBlocksGlobal/gtyp_SSC/Vertical_Axis/Config
SSC,di_Pos_Window,Variable,int,25,"ns=3;s=""gtyp_SSC"".""Vertical_Axis"".""Config"".""di_Pos_Window""",Objects/Objects/DeviceSet/PLC/DataBlocksGlobal/gtyp_SSC/Vertical_Axis/Config
SSC,s_id,Variable,string,04c34892186586,"ns=3;s=""gtyp_SSC"".""Workpiece"".""s_id""",Objects/Objects/DeviceSet/PLC/DataBlocksGlobal/gtyp_SSC/Workpiece
SSC,s_type,Variable,string,BLUE,"ns=3;s=""gtyp_SSC"".""Workpiece"".""s_type""",Objects/Objects/DeviceSet/PLC/DataBlocksGlobal/gtyp_SSC/Workpiece
SSC,s_state,Variable,string,PROCESSED,"ns=3;s=""gtyp_SSC"".""Workpiece"".""s_state""",Objects/Objects/DeviceSet/PLC/DataBlocksGlobal/gtyp_SSC/Workpiece
Setup,gtyp_Setup,Object,,,"ns=3;s=""gtyp_Setup""",Objects/Objects/DeviceSet/PLC/DataBlocksGlobal
Setup,r_Version_SPS,Variable,float,1.5,"ns=3;s=""gtyp_Setup"".""r_Version_SPS""",Objects/Objects/DeviceSet/PLC/DataBlocksGlobal/gtyp_Setup
Setup,x_Fill_Rack_HBW,Variable,bool,False,"ns=3;s=""gtyp_Setup"".""x_Fill_Rack_HBW""",Objects/Objects/DeviceSet/PLC/DataBlocksGlobal/gtyp_Setup
Setup,x_Start_TON_Fill_HBW,Variable,bool,False,"ns=3;s=""gtyp_Setup"".""x_Start_TON_Fill_HBW""",Objects/Objects/DeviceSet/PLC/DataBlocksGlobal/gtyp_Setup
Setup,x_Clean_Rack_HBW,Variable,bool,False,"ns=3;s=""gtyp_Setup"".""x_Clean_Rack_HBW""",Objects/Objects/DeviceSet/PLC/DataBlocksGlobal/gtyp_Setup
Setup,x_Park_Position,Variable,bool,False,"ns=3;s=""gtyp_Setup"".""x_Park_Position""",Objects/Objects/DeviceSet/PLC/DataBlocksGlobal/gtyp_Setup
Setup,x_AcknowledgeButton,Variable,bool,False,"ns=3;s=""gtyp_Setup"".""x_AcknowledgeButton""",Objects/Objects/DeviceSet/PLC/DataBlocksGlobal/gtyp_Setup
Setup,x_Color_Sensor_Calibration,Variable,bool,False,"ns=3;s=""gtyp_Setup"".""x_Color_Sensor_Calibration""",Objects/Objects/DeviceSet/PLC/DataBlocksGlobal/gtyp_Setup
Setup,x_Set_Calib_Value_Color_Blue,Variable,bool,False,"ns=3;s=""gtyp_Setup"".""x_Set_Calib_Value_Color_Blue""",Objects/Objects/DeviceSet/PLC/DataBlocksGlobal/gtyp_Setup
Setup,x_Set_Calib_Value_Color_White,Variable,bool,False,"ns=3;s=""gtyp_Setup"".""x_Set_Calib_Value_Color_White""",Objects/Objects/DeviceSet/PLC/DataBlocksGlobal/gtyp_Setup
Setup,x_Set_Calib_Value_Color_Red,Variable,bool,False,"ns=3;s=""gtyp_Setup"".""x_Set_Calib_Value_Color_Red""",Objects/Objects/DeviceSet/PLC/DataBlocksGlobal/gtyp_Setup
Setup,x_Calculate_Value_Color,Variable,bool,False,"ns=3;s=""gtyp_Setup"".""x_Calculate_Value_Color""",Objects/Objects/DeviceSet/PLC/DataBlocksGlobal/gtyp_Setup
Setup,i_Color_Sensor_Selection,Variable,int,0,"ns=3;s=""gtyp_Setup"".""i_Color_Sensor_Selection""",Objects/Objects/DeviceSet/PLC/DataBlocksGlobal/gtyp_Setup
Setup,w_Calib_ColorValue_Blue,Variable,int,0,"ns=3;s=""gtyp_Setup"".""w_Calib_ColorValue_Blue""",Objects/Objects/DeviceSet/PLC/DataBlocksGlobal/gtyp_Setup
Setup,w_Calib_ColorValue_White,Variable,int,0,"ns=3;s=""gtyp_Setup"".""w_Calib_ColorValue_White""",Objects/Objects/DeviceSet/PLC/DataBlocksGlobal/gtyp_Setup
Setup,w_Calib_ColorValue_Red,Variable,int,0,"ns=3;s=""gtyp_Setup"".""w_Calib_ColorValue_Red""",Objects/Objects/DeviceSet/PLC/DataBlocksGlobal/gtyp_Setup
Setup,w_Threshold_White_Red,Variable,int,0,"ns=3;s=""gtyp_Setup"".""w_Threshold_White_Red""",Objects/Objects/DeviceSet/PLC/DataBlocksGlobal/gtyp_Setup
Setup,w_Threshold_Red_Blue,Variable,int,0,"ns=3;s=""gtyp_Setup"".""w_Threshold_Red_Blue""",Objects/Objects/DeviceSet/PLC/DataBlocksGlobal/gtyp_Setup
Setup,w_Actual_ColorValue,Variable,int,0,"ns=3;s=""gtyp_Setup"".""w_Actual_ColorValue""",Objects/Objects/DeviceSet/PLC/DataBlocksGlobal/gtyp_Setup
Setup,x_Set_Pos_Activ,Variable,bool,False,"ns=3;s=""gtyp_Setup"".""x_Set_Pos_Activ""",Objects/Objects/DeviceSet/PLC/DataBlocksGlobal/gtyp_Setup
Setup,x_Start_Positioning,Variable,bool,False,"ns=3;s=""gtyp_Setup"".""x_Start_Positioning""",Objects/Objects/DeviceSet/PLC/DataBlocksGlobal/gtyp_Setup
Setup,x_Final_Positioning,Variable,bool,False,"ns=3;s=""gtyp_Setup"".""x_Final_Positioning""",Objects/Objects/DeviceSet/PLC/DataBlocksGlobal/gtyp_Setup
Setup,x_Home_Positioning,Variable,bool,False,"ns=3;s=""gtyp_Setup"".""x_Home_Positioning""",Objects/Objects/DeviceSet/PLC/DataBlocksGlobal/gtyp_Setup
Setup,x_Start_Offset,Variable,bool,False,"ns=3;s=""gtyp_Setup"".""x_Start_Offset""",Objects/Objects/DeviceSet/PLC/DataBlocksGlobal/gtyp_Setup
Setup,i_Pos_Selection,Variable,int,0,"ns=3;s=""gtyp_Setup"".""i_Pos_Selection""",Objects/Objects/DeviceSet/PLC/DataBlocksGlobal/gtyp_Setup
Setup,di_Pos_Horizontal,Variable,int,0,"ns=3;s=""gtyp_Setup"".""di_Pos_Horizontal""",Objects/Objects/DeviceSet/PLC/DataBlocksGlobal/gtyp_Setup
Setup,di_Pos_Vertical,Variable,int,0,"ns=3;s=""gtyp_Setup"".""di_Pos_Vertical""",Objects/Objects/DeviceSet/PLC/DataBlocksGlobal/gtyp_Setup
Setup,di_Pos_Rotate,Variable,int,0,"ns=3;s=""gtyp_Setup"".""di_Pos_Rotate""",Objects/Objects/DeviceSet/PLC/DataBlocksGlobal/gtyp_Setup
Setup,x_Counter_Value_Calibration,Variable,bool,False,"ns=3;s=""gtyp_Setup"".""x_Counter_Value_Calibration""",Objects/Objects/DeviceSet/PLC/DataBlocksGlobal/gtyp_Setup
Setup,i_Calib_CounterValue_Blue,Variable,int,26,"ns=3;s=""gtyp_Setup"".""i_Calib_CounterValue_Blue""",Objects/Objects/DeviceSet/PLC/DataBlocksGlobal/gtyp_Setup
Setup,i_Calib_CounterValue_White,Variable,int,5,"ns=3;s=""gtyp_Setup"".""i_Calib_CounterValue_White""",Objects/Objects/DeviceSet/PLC/DataBlocksGlobal/gtyp_Setup
Setup,i_Calib_CounterValue_Red,Variable,int,16,"ns=3;s=""gtyp_Setup"".""i_Calib_CounterValue_Red""",Objects/Objects/DeviceSet/PLC/DataBlocksGlobal/gtyp_Setup
Setup,x_Set_CounterValues,Variable,bool,False,"ns=3;s=""gtyp_Setup"".""x_Set_CounterValues""",Objects/Objects/DeviceSet/PLC/DataBlocksGlobal/gtyp_Setup
Setup,x_Activate_Continuous_Operation,Variable,bool,False,"ns=3;s=""gtyp_Setup"".""x_Activate_Continuous_Operation""",Objects/Objects/DeviceSet/PLC/DataBlocksGlobal/gtyp_Setup
SetupAxis,gtyp_SetupAxis,Object,,,"ns=3;s=""gtyp_SetupAxis""",Objects/Objects/DeviceSet/PLC/DataBlocksGlobal
SetupAxis,x_Setup_Activ,Variable,bool,False,"ns=3;s=""gtyp_SetupAxis"".""x_Setup_Activ""",Objects/Objects/DeviceSet/PLC/DataBlocksGlobal/gtyp_SetupAxis
SetupAxis,i_AxisSelection,Variable,int,0,"ns=3;s=""gtyp_SetupAxis"".""i_AxisSelection""",Objects/Objects/DeviceSet/PLC/DataBlocksGlobal/gtyp_SetupAxis
SetupAxis,i_Function,Variable,int,0,"ns=3;s=""gtyp_SetupAxis"".""i_Function""",Objects/Objects/DeviceSet/PLC/DataBlocksGlobal/gtyp_SetupAxis
SetupAxis,x_Set_Ref_Pos,Variable,bool,False,"ns=3;s=""gtyp_SetupAxis"".""x_Set_Ref_Pos""",Objects/Objects/DeviceSet/PLC/DataBlocksGlobal/gtyp_SetupAxis
SetupAxis,x_Set_Soft_End_Pos,Variable,bool,False,"ns=3;s=""gtyp_SetupAxis"".""x_Set_Soft_End_Pos""",Objects/Objects/DeviceSet/PLC/DataBlocksGlobal/gtyp_SetupAxis
SetupAxis,x_Approach_Ref_Pos,Variable,bool,False,"ns=3;s=""gtyp_SetupAxis"".""x_Approach_Ref_Pos""",Objects/Objects/DeviceSet/PLC/DataBlocksGlobal/gtyp_SetupAxis
SetupAxis,x_Axis_Pos,Variable,bool,False,"ns=3;s=""gtyp_SetupAxis"".""x_Axis_Pos""",Objects/Objects/DeviceSet/PLC/DataBlocksGlobal/gtyp_SetupAxis
SetupAxis,x_Axis_Neg,Variable,bool,False,"ns=3;s=""gtyp_SetupAxis"".""x_Axis_Neg""",Objects/Objects/DeviceSet/PLC/DataBlocksGlobal/gtyp_SetupAxis
SetupAxis,x_Approach_Target_Pos,Variable,bool,False,"ns=3;s=""gtyp_SetupAxis"".""x_Approach_Target_Pos""",Objects/Objects/DeviceSet/PLC/DataBlocksGlobal/gtyp_SetupAxis
SetupAxis,w_Increment,Variable,int,0,"ns=3;s=""gtyp_SetupAxis"".""w_Increment""",Objects/Objects/DeviceSet/PLC/DataBlocksGlobal/gtyp_SetupAxis
SetupAxis,i_PWM,Variable,int,0,"ns=3;s=""gtyp_SetupAxis"".""i_PWM""",Objects/Objects/DeviceSet/PLC/DataBlocksGlobal/gtyp_SetupAxis
SetupAxis,di_Target_Position,Variable,int,0,"ns=3;s=""gtyp_SetupAxis"".""di_Target_Position""",Objects/Objects/DeviceSet/PLC/DataBlocksGlobal/gtyp_SetupAxis
SetupAxis,di_ActualPosition,Variable,int,0,"ns=3;s=""gtyp_SetupAxis"".""di_ActualPosition""",Objects/Objects/DeviceSet/PLC/DataBlocksGlobal/gtyp_SetupAxis
SetupAxis,di_Ref_Pos,Variable,int,0,"ns=3;s=""gtyp_SetupAxis"".""di_Ref_Pos""",Objects/Objects/DeviceSet/PLC/DataBlocksGlobal/gtyp_SetupAxis
SetupAxis,di_Actual_Ref_Pos,Variable,int,0,"ns=3;s=""gtyp_SetupAxis"".""di_Actual_Ref_Pos""",Objects/Objects/DeviceSet/PLC/DataBlocksGlobal/gtyp_SetupAxis
SetupAxis,di_Soft_End_Pos_Neg,Variable,int,0,"ns=3;s=""gtyp_SetupAxis"".""di_Soft_End_Pos_Neg""",Objects/Objects/DeviceSet/PLC/DataBlocksGlobal/gtyp_SetupAxis
SetupAxis,di_Actual_Soft_End_Pos_Neg,Variable,int,0,"ns=3;s=""gtyp_SetupAxis"".""di_Actual_Soft_End_Pos_Neg""",Objects/Objects/DeviceSet/PLC/DataBlocksGlobal/gtyp_SetupAxis
SetupAxis,di_Soft_End_Pos_Pos,Variable,int,0,"ns=3;s=""gtyp_SetupAxis"".""di_Soft_End_Pos_Pos""",Objects/Objects/DeviceSet/PLC/DataBlocksGlobal/gtyp_SetupAxis
SetupAxis,di_Actual_Soft_End_Pos_Pos,Variable,int,0,"ns=3;s=""gtyp_SetupAxis"".""di_Actual_Soft_End_Pos_Pos""",Objects/Objects/DeviceSet/PLC/DataBlocksGlobal/gtyp_SetupAxis
SetupAxis,di_LoopValue,Variable,int,0,"ns=3;s=""gtyp_SetupAxis"".""di_LoopValue""",Objects/Objects/DeviceSet/PLC/DataBlocksGlobal/gtyp_SetupAxis
VGR,gtyp_VGR,Object,,,"ns=3;s=""gtyp_VGR""",Objects/Objects/DeviceSet/PLC/DataBlocksGlobal
VGR,x_Start_Park_Position,Variable,bool,False,"ns=3;s=""gtyp_VGR"".""x_Start_Park_Position""",Objects/Objects/DeviceSet/PLC/DataBlocksGlobal/gtyp_VGR
VGR,x_Park_Position_Reached,Variable,bool,False,"ns=3;s=""gtyp_VGR"".""x_Park_Position_Reached""",Objects/Objects/DeviceSet/PLC/DataBlocksGlobal/gtyp_VGR
VGR,x_NFC_Start_First,Variable,bool,False,"ns=3;s=""gtyp_VGR"".""x_NFC_Start_First""",Objects/Objects/DeviceSet/PLC/DataBlocksGlobal/gtyp_VGR
VGR,x_NFC_Start,Variable,bool,False,"ns=3;s=""gtyp_VGR"".""x_NFC_Start""",Objects/Objects/DeviceSet/PLC/DataBlocksGlobal/gtyp_VGR
VGR,x_NFC_Completed,Variable,bool,False,"ns=3;s=""gtyp_VGR"".""x_NFC_Completed""",Objects/Objects/DeviceSet/PLC/DataBlocksGlobal/gtyp_VGR
VGR,x_HBW_Storage,Variable,bool,False,"ns=3;s=""gtyp_VGR"".""x_HBW_Storage""",Objects/Objects/DeviceSet/PLC/DataBlocksGlobal/gtyp_VGR
VGR,x_HBW_Outsource,Variable,bool,False,"ns=3;s=""gtyp_VGR"".""x_HBW_Outsource""",Objects/Objects/DeviceSet/PLC/DataBlocksGlobal/gtyp_VGR
VGR,s_HBW_Outsource_Typ,Variable,string,,"ns=3;s=""gtyp_VGR"".""s_HBW_Outsource_Typ""",Objects/Objects/DeviceSet/PLC/DataBlocksGlobal/gtyp_VGR
VGR,x_HBW_Discards,Variable,bool,False,"ns=3;s=""gtyp_VGR"".""x_HBW_Discards""",Objects/Objects/DeviceSet/PLC/DataBlocksGlobal/gtyp_VGR
VGR,x_HBW_PickedUp,Variable,bool,False,"ns=3;s=""gtyp_VGR"".""x_HBW_PickedUp""",Objects/Objects/DeviceSet/PLC/DataBlocksGlobal/gtyp_VGR
VGR,x_MPO_Req_Discard,Variable,bool,False,"ns=3;s=""gtyp_VGR"".""x_MPO_Req_Discard""",Objects/Objects/DeviceSet/PLC/DataBlocksGlobal/gtyp_VGR
VGR,x_MPO_Discards,Variable,bool,False,"ns=3;s=""gtyp_VGR"".""x_MPO_Discards""",Objects/Objects/DeviceSet/PLC/DataBlocksGlobal/gtyp_VGR
VGR,x_Ready_For_Outsource,Variable,bool,True,"ns=3;s=""gtyp_VGR"".""x_Ready_For_Outsource""",Objects/Objects/DeviceSet/PLC/DataBlocksGlobal/gtyp_VGR
VGR,x_State_Process,Variable,bool,False,"ns=3;s=""gtyp_VGR"".""x_State_Process""",Objects/Objects/DeviceSet/PLC/DataBlocksGlobal/gtyp_VGR
VGR,x_Workpiece_NiO,Variable,bool,False,"ns=3;s=""gtyp_VGR"".""x_Workpiece_NiO""",Objects/Objects/DeviceSet/PLC/DataBlocksGlobal/gtyp_VGR
VGR,horizontal_Axis,Variable,string,"ExtensionObject(TypeId=NodeId(Identifier='TE_""typ_Axis""', NamespaceIndex=3, NodeIdType=<NodeIdType.String: 3>), Body=...","ns=3;s=""gtyp_VGR"".""horizontal_Axis""",Objects/Objects/DeviceSet/PLC/DataBlocksGlobal/gtyp_VGR
VGR,vertical_Axis,Variable,string,"ExtensionObject(TypeId=NodeId(Identifier='TE_""typ_Axis""', NamespaceIndex=3, NodeIdType=<NodeIdType.String: 3>), Body=...","ns=3;s=""gtyp_VGR"".""vertical_Axis""",Objects/Objects/DeviceSet/PLC/DataBlocksGlobal/gtyp_VGR
VGR,rotate_Axis,Variable,string,"ExtensionObject(TypeId=NodeId(Identifier='TE_""typ_Axis""', NamespaceIndex=3, NodeIdType=<NodeIdType.String: 3>), Body=...","ns=3;s=""gtyp_VGR"".""rotate_Axis""",Objects/Objects/DeviceSet/PLC/DataBlocksGlobal/gtyp_VGR
VGR,Workpiece,Variable,string,"ExtensionObject(TypeId=NodeId(Identifier='TE_""typ_Workpiece""', NamespaceIndex=3, NodeIdType=<NodeIdType.String: 3>), ...","ns=3;s=""gtyp_VGR"".""Workpiece""",Objects/Objects/DeviceSet/PLC/DataBlocksGlobal/gtyp_VGR
VGR,History,Variable,string,"[ExtensionObject(TypeId=NodeId(Identifier='TE_""typ_History""', NamespaceIndex=3, NodeIdType=<NodeIdType.String: 3>), B...","ns=3;s=""gtyp_VGR"".""History""",Objects/Objects/DeviceSet/PLC/DataBlocksGlobal/gtyp_VGR
VGR,di_Pos_DSI_horizontal,Variable,int,22,"ns=3;s=""gtyp_VGR"".""di_Pos_DSI_horizontal""",Objects/Objects/DeviceSet/PLC/DataBlocksGlobal/gtyp_VGR
VGR,di_Pos_DSI_Collect_vertical,Variable,int,3000,"ns=3;s=""gtyp_VGR"".""di_Pos_DSI_Collect_vertical""",Objects/Objects/DeviceSet/PLC/DataBlocksGlobal/gtyp_VGR
VGR,di_Pos_DSI_Discard_vertical,Variable,int,0,"ns=3;s=""gtyp_VGR"".""di_Pos_DSI_Discard_vertical""",Objects/Objects/DeviceSet/PLC/DataBlocksGlobal/gtyp_VGR
VGR,di_Offset_Pos_DSI_NFC_vertical,Variable,int,1200,"ns=3;s=""gtyp_VGR"".""di_Offset_Pos_DSI_NFC_vertical""",Objects/Objects/DeviceSet/PLC/DataBlocksGlobal/gtyp_VGR
VGR,di_Pos_DSI_rotate,Variable,int,16,"ns=3;s=""gtyp_VGR"".""di_Pos_DSI_rotate""",Objects/Objects/DeviceSet/PLC/DataBlocksGlobal/gtyp_VGR
VGR,di_Pos_DSO_horizontal,Variable,int,2110,"ns=3;s=""gtyp_VGR"".""di_Pos_DSO_horizontal""",Objects/Objects/DeviceSet/PLC/DataBlocksGlobal/gtyp_VGR
VGR,di_Pos_DSO_Collect_vertical,Variable,int,0,"ns=3;s=""gtyp_VGR"".""di_Pos_DSO_Collect_vertical""",Objects/Objects/DeviceSet/PLC/DataBlocksGlobal/gtyp_VGR
VGR,di_Pos_DSO_Discard_vertical,Variable,int,1430,"ns=3;s=""gtyp_VGR"".""di_Pos_DSO_Discard_vertical""",Objects/Objects/DeviceSet/PLC/DataBlocksGlobal/gtyp_VGR
VGR,di_Offset_Pos_DSO_vertical,Variable,int,500,"ns=3;s=""gtyp_VGR"".""di_Offset_Pos_DSO_vertical""",Objects/Objects/DeviceSet/PLC/DataBlocksGlobal/gtyp_VGR
VGR,di_Pos_DSO_rotate,Variable,int,921,"ns=3;s=""gtyp_VGR"".""di_Pos_DSO_rotate""",Objects/Objects/DeviceSet/PLC/DataBlocksGlobal/gtyp_VGR
VGR,di_Pos_Color_horizontal,Variable,int,174,"ns=3;s=""gtyp_VGR"".""di_Pos_Color_horizontal""",Objects/Objects/DeviceSet/PLC/DataBlocksGlobal/gtyp_VGR
VGR,di_Pos_Color_vertical,Variable,int,3300,"ns=3;s=""gtyp_VGR"".""di_Pos_Color_vertical""",Objects/Objects/DeviceSet/PLC/DataBlocksGlobal/gtyp_VGR
VGR,di_Pos_Color_rotate,Variable,int,406,"ns=3;s=""gtyp_VGR"".""di_Pos_Color_rotate""",Objects/Objects/DeviceSet/PLC/DataBlocksGlobal/gtyp_VGR
VGR,di_Pos_NFC_horizontal,Variable,int,900,"ns=3;s=""gtyp_VGR"".""di_Pos_NFC_horizontal""",Objects/Objects/DeviceSet/PLC/DataBlocksGlobal/gtyp_VGR
VGR,di_Pos_NFC_vertical,Variable,int,2450,"ns=3;s=""gtyp_VGR"".""di_Pos_NFC_vertical""",Objects/Objects/DeviceSet/PLC/DataBlocksGlobal/gtyp_VGR
VGR,di_Pos_NFC_rotate,Variable,int,682,"ns=3;s=""gtyp_VGR"".""di_Pos_NFC_rotate""",Objects/Objects/DeviceSet/PLC/DataBlocksGlobal/gtyp_VGR
VGR,di_Pos_MPO_horizontal,Variable,int,3385,"ns=3;s=""gtyp_VGR"".""di_Pos_MPO_horizontal""",Objects/Objects/DeviceSet/PLC/DataBlocksGlobal/gtyp_VGR
VGR,di_Pos_MPO_vertical,Variable,int,1920,"ns=3;s=""gtyp_VGR"".""di_Pos_MPO_vertical""",Objects/Objects/DeviceSet/PLC/DataBlocksGlobal/gtyp_VGR
VGR,di_Offset_Pos_MPO_vertical,Variable,int,650,"ns=3;s=""gtyp_VGR"".""di_Offset_Pos_MPO_vertical""",Objects/Objects/DeviceSet/PLC/DataBlocksGlobal/gtyp_VGR
VGR,di_Pos_MPO_rotate,Variable,int,3495,"ns=3;s=""gtyp_VGR"".""di_Pos_MPO_rotate""",Objects/Objects/DeviceSet/PLC/DataBlocksGlobal/gtyp_VGR
VGR,di_Pos_HBW_horizontal,Variable,int,640,"ns=3;s=""gtyp_VGR"".""di_Pos_HBW_horizontal""",Objects/Objects/DeviceSet/PLC/DataBlocksGlobal/gtyp_VGR
VGR,di_Offset_Pos_HBW_horizontal,Variable,int,0,"ns=3;s=""gtyp_VGR"".""di_Offset_Pos_HBW_horizontal""",Objects/Objects/DeviceSet/PLC/DataBlocksGlobal/gtyp_VGR
VGR,di_Pos_HBW_Collect_vertical,Variable,int,655,"ns=3;s=""gtyp_VGR"".""di_Pos_HBW_Collect_vertical""",Objects/Objects/DeviceSet/PLC/DataBlocksGlobal/gtyp_VGR
VGR,di_Pos_HBW_Discard_vertical,Variable,int,200,"ns=3;s=""gtyp_VGR"".""di_Pos_HBW_Discard_vertical""",Objects/Objects/DeviceSet/PLC/DataBlocksGlobal/gtyp_VGR
VGR,di_Offset_Pos_HBW_vertical,Variable,int,100,"ns=3;s=""gtyp_VGR"".""di_Offset_Pos_HBW_vertical""",Objects/Objects/DeviceSet/PLC/DataBlocksGlobal/gtyp_VGR
VGR,di_Pos_HBW_rotate,Variable,int,5338,"ns=3;s=""gtyp_VGR"".""di_Pos_HBW_rotate""",Objects/Objects/DeviceSet/PLC/DataBlocksGlobal/gtyp_VGR
VGR,di_Pos_NiO_horizontal,Variable,int,0,"ns=3;s=""gtyp_VGR"".""di_Pos_NiO_horizontal""",Objects/Objects/DeviceSet/PLC/DataBlocksGlobal/gtyp_VGR
VGR,di_Pos_NiO_vertical,Variable,int,2700,"ns=3;s=""gtyp_VGR"".""di_Pos_NiO_vertical""",Objects/Objects/DeviceSet/PLC/DataBlocksGlobal/gtyp_VGR
VGR,di_Pos_NiO_rotate,Variable,int,1100,"ns=3;s=""gtyp_VGR"".""di_Pos_NiO_rotate""",Objects/Objects/DeviceSet/PLC/DataBlocksGlobal/gtyp_VGR
VGR,di_Pos_SLD_Blue_horizontal,Variable,int,2195,"ns=3;s=""gtyp_VGR"".""di_Pos_SLD_Blue_horizontal""",Objects/Objects/DeviceSet/PLC/DataBlocksGlobal/gtyp_VGR
VGR,di_Pos_SLD_Blue_vertical,Variable,int,3100,"ns=3;s=""gtyp_VGR"".""di_Pos_SLD_Blue_vertical""",Objects/Objects/DeviceSet/PLC/DataBlocksGlobal/gtyp_VGR
VGR,di_Pos_SLD_Blue_rotate,Variable,int,1168,"ns=3;s=""gtyp_VGR"".""di_Pos_SLD_Blue_rotate""",Objects/Objects/DeviceSet/PLC/DataBlocksGlobal/gtyp_VGR
VGR,di_Pos_SLD_Red_horizontal,Variable,int,1587,"ns=3;s=""gtyp_VGR"".""di_Pos_SLD_Red_horizontal""",Objects/Objects/DeviceSet/PLC/DataBlocksGlobal/gtyp_VGR
VGR,di_Pos_SLD_Red_vertical,Variable,int,3115,"ns=3;s=""gtyp_VGR"".""di_Pos_SLD_Red_vertical""",Objects/Objects/DeviceSet/PLC/DataBlocksGlobal/gtyp_VGR
VGR,di_Pos_SLD_Red_rotate,Variable,int,1433,"ns=3;s=""gtyp_VGR"".""di_Pos_SLD_Red_rotate""",Objects/Objects/DeviceSet/PLC/DataBlocksGlobal/gtyp_VGR
VGR,di_Pos_SLD_White_horizontal,Variable,int,1390,"ns=3;s=""gtyp_VGR"".""di_Pos_SLD_White_horizontal""",Objects/Objects/DeviceSet/PLC/DataBlocksGlobal/gtyp_VGR
VGR,di_Pos_SLD_White_vertical,Variable,int,3100,"ns=3;s=""gtyp_VGR"".""di_Pos_SLD_White_vertical""",Objects/Objects/DeviceSet/PLC/DataBlocksGlobal/gtyp_VGR
VGR,di_Pos_SLD_White_rotate,Variable,int,1742,"ns=3;s=""gtyp_VGR"".""di_Pos_SLD_White_rotate""",Objects/Objects/DeviceSet/PLC/DataBlocksGlobal/gtyp_VGR
VGR,di_Pos_Park_horizontal,Variable,int,150,"ns=3;s=""gtyp_VGR"".""di_Pos_Park_horizontal""",Objects/Objects/DeviceSet/PLC/DataBlocksGlobal/gtyp_VGR
VGR,di_Pos_Park_vertical,Variable,int,3000,"ns=3;s=""gtyp_VGR"".""di_Pos_Park_vertical""",Objects/Objects/DeviceSet/PLC/DataBlocksGlobal/gtyp_VGR
VGR,di_Pos_Park_rotate,Variable,int,1750,"ns=3;s=""gtyp_VGR"".""di_Pos_Park_rotate""",Objects/Objects/DeviceSet/PLC/DataBlocksGlobal/gtyp_VGR
VGR,0,Variable,string,"ExtensionObject(TypeId=NodeId(Identifier='TE_""typ_History""', NamespaceIndex=3, NodeIdType=<NodeIdType.String: 3>), Bo...","ns=3;s=""gtyp_VGR"".""History""[0]",Objects/Objects/DeviceSet/PLC/DataBlocksGlobal/gtyp_VGR/History
VGR,1,Variable,string,"ExtensionObject(TypeId=NodeId(Identifier='TE_""typ_History""', NamespaceIndex=3, NodeIdType=<NodeIdType.String: 3>), Bo...","ns=3;s=""gtyp_VGR"".""History""[1]",Objects/Objects/DeviceSet/PLC/DataBlocksGlobal/gtyp_VGR/History
VGR,2,Variable,string,"ExtensionObject(TypeId=NodeId(Identifier='TE_""typ_History""', NamespaceIndex=3, NodeIdType=<NodeIdType.String: 3>), Bo...","ns=3;s=""gtyp_VGR"".""History""[2]",Objects/Objects/DeviceSet/PLC/DataBlocksGlobal/gtyp_VGR/History
VGR,3,Variable,string,"ExtensionObject(TypeId=NodeId(Identifier='TE_""typ_History""', NamespaceIndex=3, NodeIdType=<NodeIdType.String: 3>), Bo...","ns=3;s=""gtyp_VGR"".""History""[3]",Objects/Objects/DeviceSet/PLC/DataBlocksGlobal/gtyp_VGR/History
VGR,4,Variable,string,"ExtensionObject(TypeId=NodeId(Identifier='TE_""typ_History""', NamespaceIndex=3, NodeIdType=<NodeIdType.String: 3>), Bo...","ns=3;s=""gtyp_VGR"".""History""[4]",Objects/Objects/DeviceSet/PLC/DataBlocksGlobal/gtyp_VGR/History
VGR,5,Variable,string,"ExtensionObject(TypeId=NodeId(Identifier='TE_""typ_History""', NamespaceIndex=3, NodeIdType=<NodeIdType.String: 3>), Bo...","ns=3;s=""gtyp_VGR"".""History""[5]",Objects/Objects/DeviceSet/PLC/DataBlocksGlobal/gtyp_VGR/History
VGR,6,Variable,string,"ExtensionObject(TypeId=NodeId(Identifier='TE_""typ_History""', NamespaceIndex=3, NodeIdType=<NodeIdType.String: 3>), Bo...","ns=3;s=""gtyp_VGR"".""History""[6]",Objects/Objects/DeviceSet/PLC/DataBlocksGlobal/gtyp_VGR/History
VGR,7,Variable,string,"ExtensionObject(TypeId=NodeId(Identifier='TE_""typ_History""', NamespaceIndex=3, NodeIdType=<NodeIdType.String: 3>), Bo...","ns=3;s=""gtyp_VGR"".""History""[7]",Objects/Objects/DeviceSet/PLC/DataBlocksGlobal/gtyp_VGR/History
VGR,8,Variable,string,"ExtensionObject(TypeId=NodeId(Identifier='TE_""typ_History""', NamespaceIndex=3, NodeIdType=<NodeIdType.String: 3>), Bo...","ns=3;s=""gtyp_VGR"".""History""[8]",Objects/Objects/DeviceSet/PLC/DataBlocksGlobal/gtyp_VGR/History
VGR,9,Variable,string,"ExtensionObject(TypeId=NodeId(Identifier='TE_""typ_History""', NamespaceIndex=3, NodeIdType=<NodeIdType.String: 3>), Bo...","ns=3;s=""gtyp_VGR"".""History""[9]",Objects/Objects/DeviceSet/PLC/DataBlocksGlobal/gtyp_VGR/History
VGR,10,Variable,string,"ExtensionObject(TypeId=NodeId(Identifier='TE_""typ_History""', NamespaceIndex=3, NodeIdType=<NodeIdType.String: 3>), Bo...","ns=3;s=""gtyp_VGR"".""History""[10]",Objects/Objects/DeviceSet/PLC/DataBlocksGlobal/gtyp_VGR/History
VGR,11,Variable,string,"ExtensionObject(TypeId=NodeId(Identifier='TE_""typ_History""', NamespaceIndex=3, NodeIdType=<NodeIdType.String: 3>), Bo...","ns=3;s=""gtyp_VGR"".""History""[11]",Objects/Objects/DeviceSet/PLC/DataBlocksGlobal/gtyp_VGR/History
VGR,12,Variable,string,"ExtensionObject(TypeId=NodeId(Identifier='TE_""typ_History""', NamespaceIndex=3, NodeIdType=<NodeIdType.String: 3>), Bo...","ns=3;s=""gtyp_VGR"".""History""[12]",Objects/Objects/DeviceSet/PLC/DataBlocksGlobal/gtyp_VGR/History
VGR,13,Variable,string,"ExtensionObject(TypeId=NodeId(Identifier='TE_""typ_History""', NamespaceIndex=3, NodeIdType=<NodeIdType.String: 3>), Bo...","ns=3;s=""gtyp_VGR"".""History""[13]",Objects/Objects/DeviceSet/PLC/DataBlocksGlobal/gtyp_VGR/History
VGR,14,Variable,string,"ExtensionObject(TypeId=NodeId(Identifier='TE_""typ_History""', NamespaceIndex=3, NodeIdType=<NodeIdType.String: 3>), Bo...","ns=3;s=""gtyp_VGR"".""History""[14]",Objects/Objects/DeviceSet/PLC/DataBlocksGlobal/gtyp_VGR/History
VGR,15,Variable,string,"ExtensionObject(TypeId=NodeId(Identifier='TE_""typ_History""', NamespaceIndex=3, NodeIdType=<NodeIdType.String: 3>), Bo...","ns=3;s=""gtyp_VGR"".""History""[15]",Objects/Objects/DeviceSet/PLC/DataBlocksGlobal/gtyp_VGR/History
VGR,16,Variable,string,"ExtensionObject(TypeId=NodeId(Identifier='TE_""typ_History""', NamespaceIndex=3, NodeIdType=<NodeIdType.String: 3>), Bo...","ns=3;s=""gtyp_VGR"".""History""[16]",Objects/Objects/DeviceSet/PLC/DataBlocksGlobal/gtyp_VGR/History
VGR,17,Variable,string,"ExtensionObject(TypeId=NodeId(Identifier='TE_""typ_History""', NamespaceIndex=3, NodeIdType=<NodeIdType.String: 3>), Bo...","ns=3;s=""gtyp_VGR"".""History""[17]",Objects/Objects/DeviceSet/PLC/DataBlocksGlobal/gtyp_VGR/History
VGR,18,Variable,string,"ExtensionObject(TypeId=NodeId(Identifier='TE_""typ_History""', NamespaceIndex=3, NodeIdType=<NodeIdType.String: 3>), Bo...","ns=3;s=""gtyp_VGR"".""History""[18]",Objects/Objects/DeviceSet/PLC/DataBlocksGlobal/gtyp_VGR/History
VGR,19,Variable,string,"ExtensionObject(TypeId=NodeId(Identifier='TE_""typ_History""', NamespaceIndex=3, NodeIdType=<NodeIdType.String: 3>), Bo...","ns=3;s=""gtyp_VGR"".""History""[19]",Objects/Objects/DeviceSet/PLC/DataBlocksGlobal/gtyp_VGR/History
VGR,ldt_ts,Variable,string,1990-01-01 00:00:00+00:00,"ns=3;s=""gtyp_VGR"".""History""[0].""ldt_ts""",Objects/Objects/DeviceSet/PLC/DataBlocksGlobal/gtyp_VGR/History/0
VGR,i_code,Variable,int,0,"ns=3;s=""gtyp_VGR"".""History""[0].""i_code""",Objects/Objects/DeviceSet/PLC/DataBlocksGlobal/gtyp_VGR/History/0
VGR,ldt_ts,Variable,string,1990-01-01 00:00:00+00:00,"ns=3;s=""gtyp_VGR"".""History""[1].""ldt_ts""",Objects/Objects/DeviceSet/PLC/DataBlocksGlobal/gtyp_VGR/History/1
VGR,i_code,Variable,int,0,"ns=3;s=""gtyp_VGR"".""History""[1].""i_code""",Objects/Objects/DeviceSet/PLC/DataBlocksGlobal/gtyp_VGR/History/1
VGR,ldt_ts,Variable,string,1601-01-01 00:00:00+00:00,"ns=3;s=""gtyp_VGR"".""History""[10].""ldt_ts""",Objects/Objects/DeviceSet/PLC/DataBlocksGlobal/gtyp_VGR/History/10
VGR,i_code,Variable,int,0,"ns=3;s=""gtyp_VGR"".""History""[10].""i_code""",Objects/Objects/DeviceSet/PLC/DataBlocksGlobal/gtyp_VGR/History/10
VGR,ldt_ts,Variable,string,1601-01-01 00:00:00+00:00,"ns=3;s=""gtyp_VGR"".""History""[11].""ldt_ts""",Objects/Objects/DeviceSet/PLC/DataBlocksGlobal/gtyp_VGR/History/11
VGR,i_code,Variable,int,0,"ns=3;s=""gtyp_VGR"".""History""[11].""i_code""",Objects/Objects/DeviceSet/PLC/DataBlocksGlobal/gtyp_VGR/History/11
VGR,ldt_ts,Variable,string,1601-01-01 00:00:00+00:00,"ns=3;s=""gtyp_VGR"".""History""[12].""ldt_ts""",Objects/Objects/DeviceSet/PLC/DataBlocksGlobal/gtyp_VGR/History/12
VGR,i_code,Variable,int,0,"ns=3;s=""gtyp_VGR"".""History""[12].""i_code""",Objects/Objects/DeviceSet/PLC/DataBlocksGlobal/gtyp_VGR/History/12
VGR,ldt_ts,Variable,string,1601-01-01 00:00:00+00:00,"ns=3;s=""gtyp_VGR"".""History""[13].""ldt_ts""",Objects/Objects/DeviceSet/PLC/DataBlocksGlobal/gtyp_VGR/History/13
VGR,i_code,Variable,int,0,"ns=3;s=""gtyp_VGR"".""History""[13].""i_code""",Objects/Objects/DeviceSet/PLC/DataBlocksGlobal/gtyp_VGR/History/13
VGR,ldt_ts,Variable,string,1601-01-01 00:00:00+00:00,"ns=3;s=""gtyp_VGR"".""History""[14].""ldt_ts""",Objects/Objects/DeviceSet/PLC/DataBlocksGlobal/gtyp_VGR/History/14
VGR,i_code,Variable,int,0,"ns=3;s=""gtyp_VGR"".""History""[14].""i_code""",Objects/Objects/DeviceSet/PLC/DataBlocksGlobal/gtyp_VGR/History/14
VGR,ldt_ts,Variable,string,1601-01-01 00:00:00+00:00,"ns=3;s=""gtyp_VGR"".""History""[15].""ldt_ts""",Objects/Objects/DeviceSet/PLC/DataBlocksGlobal/gtyp_VGR/History/15
VGR,i_code,Variable,int,0,"ns=3;s=""gtyp_VGR"".""History""[15].""i_code""",Objects/Objects/DeviceSet/PLC/DataBlocksGlobal/gtyp_VGR/History/15
VGR,ldt_ts,Variable,string,1601-01-01 00:00:00+00:00,"ns=3;s=""gtyp_VGR"".""History""[16].""ldt_ts""",Objects/Objects/DeviceSet/PLC/DataBlocksGlobal/gtyp_VGR/History/16
VGR,i_code,Variable,int,0,"ns=3;s=""gtyp_VGR"".""History""[16].""i_code""",Objects/Objects/DeviceSet/PLC/DataBlocksGlobal/gtyp_VGR/History/16
VGR,ldt_ts,Variable,string,1601-01-01 00:00:00+00:00,"ns=3;s=""gtyp_VGR"".""History""[17].""ldt_ts""",Objects/Objects/DeviceSet/PLC/DataBlocksGlobal/gtyp_VGR/History/17
VGR,i_code,Variable,int,0,"ns=3;s=""gtyp_VGR"".""History""[17].""i_code""",Objects/Objects/DeviceSet/PLC/DataBlocksGlobal/gtyp_VGR/History/17
VGR,ldt_ts,Variable,string,1601-01-01 00:00:00+00:00,"ns=3;s=""gtyp_VGR"".""History""[18].""ldt_ts""",Objects/Objects/DeviceSet/PLC/DataBlocksGlobal/gtyp_VGR/History/18
VGR,i_code,Variable,int,0,"ns=3;s=""gtyp_VGR"".""History""[18].""i_code""",Objects/Objects/DeviceSet/PLC/DataBlocksGlobal/gtyp_VGR/History/18
VGR,ldt_ts,Variable,string,1601-01-01 00:00:00+00:00,"ns=3;s=""gtyp_VGR"".""History""[19].""ldt_ts""",Objects/Objects/DeviceSet/PLC/DataBlocksGlobal/gtyp_VGR/History/19
VGR,i_code,Variable,int,0,"ns=3;s=""gtyp_VGR"".""History""[19].""i_code""",Objects/Objects/DeviceSet/PLC/DataBlocksGlobal/gtyp_VGR/History/19
VGR,ldt_ts,Variable,string,1990-01-01 00:00:00+00:00,"ns=3;s=""gtyp_VGR"".""History""[2].""ldt_ts""",Objects/Objects/DeviceSet/PLC/DataBlocksGlobal/gtyp_VGR/History/2
VGR,i_code,Variable,int,0,"ns=3;s=""gtyp_VGR"".""History""[2].""i_code""",Objects/Objects/DeviceSet/PLC/DataBlocksGlobal/gtyp_VGR/History/2
VGR,ldt_ts,Variable,string,1990-01-01 00:00:00+00:00,"ns=3;s=""gtyp_VGR"".""History""[3].""ldt_ts""",Objects/Objects/DeviceSet/PLC/DataBlocksGlobal/gtyp_VGR/History/3
VGR,i_code,Variable,int,0,"ns=3;s=""gtyp_VGR"".""History""[3].""i_code""",Objects/Objects/DeviceSet/PLC/DataBlocksGlobal/gtyp_VGR/History/3
VGR,ldt_ts,Variable,string,1990-01-01 00:00:00+00:00,"ns=3;s=""gtyp_VGR"".""History""[4].""ldt_ts""",Objects/Objects/DeviceSet/PLC/DataBlocksGlobal/gtyp_VGR/History/4
VGR,i_code,Variable,int,0,"ns=3;s=""gtyp_VGR"".""History""[4].""i_code""",Objects/Objects/DeviceSet/PLC/DataBlocksGlobal/gtyp_VGR/History/4
VGR,ldt_ts,Variable,string,1990-01-01 00:00:00+00:00,"ns=3;s=""gtyp_VGR"".""History""[5].""ldt_ts""",Objects/Objects/DeviceSet/PLC/DataBlocksGlobal/gtyp_VGR/History/5
VGR,i_code,Variable,int,0,"ns=3;s=""gtyp_VGR"".""History""[5].""i_code""",Objects/Objects/DeviceSet/PLC/DataBlocksGlobal/gtyp_VGR/History/5
VGR,ldt_ts,Variable,string,1990-01-01 00:00:00+00:00,"ns=3;s=""gtyp_VGR"".""History""[6].""ldt_ts""",Objects/Objects/DeviceSet/PLC/DataBlocksGlobal/gtyp_VGR/History/6
VGR,i_code,Variable,int,0,"ns=3;s=""gtyp_VGR"".""History""[6].""i_code""",Objects/Objects/DeviceSet/PLC/DataBlocksGlobal/gtyp_VGR/History/6
VGR,ldt_ts,Variable,string,1990-01-01 00:00:00+00:00,"ns=3;s=""gtyp_VGR"".""History""[7].""ldt_ts""",Objects/Objects/DeviceSet/PLC/DataBlocksGlobal/gtyp_VGR/History/7
VGR,i_code,Variable,int,0,"ns=3;s=""gtyp_VGR"".""History""[7].""i_code""",Objects/Objects/DeviceSet/PLC/DataBlocksGlobal/gtyp_VGR/History/7
VGR,ldt_ts,Variable,string,1601-01-01 00:00:00+00:00,"ns=3;s=""gtyp_VGR"".""History""[8].""ldt_ts""",Objects/Objects/DeviceSet/PLC/DataBlocksGlobal/gtyp_VGR/History/8
VGR,i_code,Variable,int,0,"ns=3;s=""gtyp_VGR"".""History""[8].""i_code""",Objects/Objects/DeviceSet/PLC/DataBlocksGlobal/gtyp_VGR/History/8
VGR,ldt_ts,Variable,string,1601-01-01 00:00:00+00:00,"ns=3;s=""gtyp_VGR"".""History""[9].""ldt_ts""",Objects/Objects/DeviceSet/PLC/DataBlocksGlobal/gtyp_VGR/History/9
VGR,i_code,Variable,int,0,"ns=3;s=""gtyp_VGR"".""History""[9].""i_code""",Objects/Objects/DeviceSet/PLC/DataBlocksGlobal/gtyp_VGR/History/9
VGR,s_id,Variable,string,,"ns=3;s=""gtyp_VGR"".""Workpiece"".""s_id""",Objects/Objects/DeviceSet/PLC/DataBlocksGlobal/gtyp_VGR/Workpiece
VGR,s_type,Variable,string,,"ns=3;s=""gtyp_VGR"".""Workpiece"".""s_type""",Objects/Objects/DeviceSet/PLC/DataBlocksGlobal/gtyp_VGR/Workpiece
VGR,s_state,Variable,string,,"ns=3;s=""gtyp_VGR"".""Workpiece"".""s_state""",Objects/Objects/DeviceSet/PLC/DataBlocksGlobal/gtyp_VGR/Workpiece
VGR,x_Start_Positioning,Variable,bool,False,"ns=3;s=""gtyp_VGR"".""horizontal_Axis"".""x_Start_Positioning""",Objects/Objects/DeviceSet/PLC/DataBlocksGlobal/gtyp_VGR/horizontal_Axis
VGR,x_Reference,Variable,bool,False,"ns=3;s=""gtyp_VGR"".""horizontal_Axis"".""x_Reference""",Objects/Objects/DeviceSet/PLC/DataBlocksGlobal/gtyp_VGR/horizontal_Axis
VGR,x_Referenced,Variable,bool,True,"ns=3;s=""gtyp_VGR"".""horizontal_Axis"".""x_Referenced""",Objects/Objects/DeviceSet/PLC/DataBlocksGlobal/gtyp_VGR/horizontal_Axis
VGR,x_Position_Reached,Variable,bool,False,"ns=3;s=""gtyp_VGR"".""horizontal_Axis"".""x_Position_Reached""",Objects/Objects/DeviceSet/PLC/DataBlocksGlobal/gtyp_VGR/horizontal_Axis
VGR,di_Target_Position,Variable,int,2110,"ns=3;s=""gtyp_VGR"".""horizontal_Axis"".""di_Target_Position""",Objects/Objects/DeviceSet/PLC/DataBlocksGlobal/gtyp_VGR/horizontal_Axis
VGR,di_Increment,Variable,int,0,"ns=3;s=""gtyp_VGR"".""horizontal_Axis"".""di_Increment""",Objects/Objects/DeviceSet/PLC/DataBlocksGlobal/gtyp_VGR/horizontal_Axis
VGR,di_Actual_Position,Variable,int,0,"ns=3;s=""gtyp_VGR"".""horizontal_Axis"".""di_Actual_Position""",Objects/Objects/DeviceSet/PLC/DataBlocksGlobal/gtyp_VGR/horizontal_Axis
VGR,i_PWM,Variable,int,500,"ns=3;s=""gtyp_VGR"".""horizontal_Axis"".""i_PWM""",Objects/Objects/DeviceSet/PLC/DataBlocksGlobal/gtyp_VGR/horizontal_Axis
VGR,Config,Variable,string,"ExtensionObject(TypeId=NodeId(Identifier='TE_""typ_Axis_Data""', NamespaceIndex=3, NodeIdType=<NodeIdType.String: 3>), ...","ns=3;s=""gtyp_VGR"".""horizontal_Axis"".""Config""",Objects/Objects/DeviceSet/PLC/DataBlocksGlobal/gtyp_VGR/horizontal_Axis
VGR,di_Pos_Soft_Switch,Variable,int,20000,"ns=3;s=""gtyp_VGR"".""horizontal_Axis"".""Config"".""di_Pos_Soft_Switch""",Objects/Objects/DeviceSet/PLC/DataBlocksGlobal/gtyp_VGR/horizontal_Axis/Config
VGR,di_Neg_Soft_Switch,Variable,int,0,"ns=3;s=""gtyp_VGR"".""horizontal_Axis"".""Config"".""di_Neg_Soft_Switch""",Objects/Objects/DeviceSet/PLC/DataBlocksGlobal/gtyp_VGR/horizontal_Axis/Config
VGR,di_Ref_Pos,Variable,int,0,"ns=3;s=""gtyp_VGR"".""horizontal_Axis"".""Config"".""di_Ref_Pos""",Objects/Objects/DeviceSet/PLC/DataBlocksGlobal/gtyp_VGR/horizontal_Axis/Config
VGR,di_Loop_Value,Variable,int,0,"ns=3;s=""gtyp_VGR"".""horizontal_Axis"".""Config"".""di_Loop_Value""",Objects/Objects/DeviceSet/PLC/DataBlocksGlobal/gtyp_VGR/horizontal_Axis/Config
VGR,di_Pos_Window,Variable,int,15,"ns=3;s=""gtyp_VGR"".""horizontal_Axis"".""Config"".""di_Pos_Window""",Objects/Objects/DeviceSet/PLC/DataBlocksGlobal/gtyp_VGR/horizontal_Axis/Config
VGR,x_Start_Positioning,Variable,bool,False,"ns=3;s=""gtyp_VGR"".""rotate_Axis"".""x_Start_Positioning""",Objects/Objects/DeviceSet/PLC/DataBlocksGlobal/gtyp_VGR/rotate_Axis
VGR,x_Reference,Variable,bool,False,"ns=3;s=""gtyp_VGR"".""rotate_Axis"".""x_Reference""",Objects/Objects/DeviceSet/PLC/DataBlocksGlobal/gtyp_VGR/rotate_Axis
VGR,x_Referenced,Variable,bool,True,"ns=3;s=""gtyp_VGR"".""rotate_Axis"".""x_Referenced""",Objects/Objects/DeviceSet/PLC/DataBlocksGlobal/gtyp_VGR/rotate_Axis
VGR,x_Position_Reached,Variable,bool,False,"ns=3;s=""gtyp_VGR"".""rotate_Axis"".""x_Position_Reached""",Objects/Objects/DeviceSet/PLC/DataBlocksGlobal/gtyp_VGR/rotate_Axis
VGR,di_Target_Position,Variable,int,921,"ns=3;s=""gtyp_VGR"".""rotate_Axis"".""di_Target_Position""",Objects/Objects/DeviceSet/PLC/DataBlocksGlobal/gtyp_VGR/rotate_Axis
VGR,di_Increment,Variable,int,0,"ns=3;s=""gtyp_VGR"".""rotate_Axis"".""di_Increment""",Objects/Objects/DeviceSet/PLC/DataBlocksGlobal/gtyp_VGR/rotate_Axis
VGR,di_Actual_Position,Variable,int,0,"ns=3;s=""gtyp_VGR"".""rotate_Axis"".""di_Actual_Position""",Objects/Objects/DeviceSet/PLC/DataBlocksGlobal/gtyp_VGR/rotate_Axis
VGR,i_PWM,Variable,int,500,"ns=3;s=""gtyp_VGR"".""rotate_Axis"".""i_PWM""",Objects/Objects/DeviceSet/PLC/DataBlocksGlobal/gtyp_VGR/rotate_Axis
VGR,Config,Variable,string,"ExtensionObject(TypeId=NodeId(Identifier='TE_""typ_Axis_Data""', NamespaceIndex=3, NodeIdType=<NodeIdType.String: 3>), ...","ns=3;s=""gtyp_VGR"".""rotate_Axis"".""Config""",Objects/Objects/DeviceSet/PLC/DataBlocksGlobal/gtyp_VGR/rotate_Axis
VGR,di_Pos_Soft_Switch,Variable,int,20000,"ns=3;s=""gtyp_VGR"".""rotate_Axis"".""Config"".""di_Pos_Soft_Switch""",Objects/Objects/DeviceSet/PLC/DataBlocksGlobal/gtyp_VGR/rotate_Axis/Config
VGR,di_Neg_Soft_Switch,Variable,int,0,"ns=3;s=""gtyp_VGR"".""rotate_Axis"".""Config"".""di_Neg_Soft_Switch""",Objects/Objects/DeviceSet/PLC/DataBlocksGlobal/gtyp_VGR/rotate_Axis/Config
VGR,di_Ref_Pos,Variable,int,0,"ns=3;s=""gtyp_VGR"".""rotate_Axis"".""Config"".""di_Ref_Pos""",Objects/Objects/DeviceSet/PLC/DataBlocksGlobal/gtyp_VGR/rotate_Axis/Config
VGR,di_Loop_Value,Variable,int,0,"ns=3;s=""gtyp_VGR"".""rotate_Axis"".""Config"".""di_Loop_Value""",Objects/Objects/DeviceSet/PLC/DataBlocksGlobal/gtyp_VGR/rotate_Axis/Config
VGR,di_Pos_Window,Variable,int,15,"ns=3;s=""gtyp_VGR"".""rotate_Axis"".""Config"".""di_Pos_Window""",Objects/Objects/DeviceSet/PLC/DataBlocksGlobal/gtyp_VGR/rotate_Axis/Config
VGR,x_Start_Positioning,Variable,bool,False,"ns=3;s=""gtyp_VGR"".""vertical_Axis"".""x_Start_Positioning""",Objects/Objects/DeviceSet/PLC/DataBlocksGlobal/gtyp_VGR/vertical_Axis
VGR,x_Reference,Variable,bool,False,"ns=3;s=""gtyp_VGR"".""vertical_Axis"".""x_Reference""",Objects/Objects/DeviceSet/PLC/DataBlocksGlobal/gtyp_VGR/vertical_Axis
VGR,x_Referenced,Variable,bool,True,"ns=3;s=""gtyp_VGR"".""vertical_Axis"".""x_Referenced""",Objects/Objects/DeviceSet/PLC/DataBlocksGlobal/gtyp_VGR/vertical_Axis
VGR,x_Position_Reached,Variable,bool,False,"ns=3;s=""gtyp_VGR"".""vertical_Axis"".""x_Position_Reached""",Objects/Objects/DeviceSet/PLC/DataBlocksGlobal/gtyp_VGR/vertical_Axis
VGR,di_Target_Position,Variable,int,1430,"ns=3;s=""gtyp_VGR"".""vertical_Axis"".""di_Target_Position""",Objects/Objects/DeviceSet/PLC/DataBlocksGlobal/gtyp_VGR/vertical_Axis
VGR,di_Increment,Variable,int,0,"ns=3;s=""gtyp_VGR"".""vertical_Axis"".""di_Increment""",Objects/Objects/DeviceSet/PLC/DataBlocksGlobal/gtyp_VGR/vertical_Axis
VGR,di_Actual_Position,Variable,int,0,"ns=3;s=""gtyp_VGR"".""vertical_Axis"".""di_Actual_Position""",Objects/Objects/DeviceSet/PLC/DataBlocksGlobal/gtyp_VGR/vertical_Axis
VGR,i_PWM,Variable,int,800,"ns=3;s=""gtyp_VGR"".""vertical_Axis"".""i_PWM""",Objects/Objects/DeviceSet/PLC/DataBlocksGlobal/gtyp_VGR/vertical_Axis
VGR,Config,Variable,string,"ExtensionObject(TypeId=NodeId(Identifier='TE_""typ_Axis_Data""', NamespaceIndex=3, NodeIdType=<NodeIdType.String: 3>), ...","ns=3;s=""gtyp_VGR"".""vertical_Axis"".""Config""",Objects/Objects/DeviceSet/PLC/DataBlocksGlobal/gtyp_VGR/vertical_Axis
VGR,di_Pos_Soft_Switch,Variable,int,20000,"ns=3;s=""gtyp_VGR"".""vertical_Axis"".""Config"".""di_Pos_Soft_Switch""",Objects/Objects/DeviceSet/PLC/DataBlocksGlobal/gtyp_VGR/vertical_Axis/Config
VGR,di_Neg_Soft_Switch,Variable,int,0,"ns=3;s=""gtyp_VGR"".""vertical_Axis"".""Config"".""di_Neg_Soft_Switch""",Objects/Objects/DeviceSet/PLC/DataBlocksGlobal/gtyp_VGR/vertical_Axis/Config
VGR,di_Ref_Pos,Variable,int,0,"ns=3;s=""gtyp_VGR"".""vertical_Axis"".""Config"".""di_Ref_Pos""",Objects/Objects/DeviceSet/PLC/DataBlocksGlobal/gtyp_VGR/vertical_Axis/Config
VGR,di_Loop_Value,Variable,int,0,"ns=3;s=""gtyp_VGR"".""vertical_Axis"".""Config"".""di_Loop_Value""",Objects/Objects/DeviceSet/PLC/DataBlocksGlobal/gtyp_VGR/vertical_Axis/Config
VGR,di_Pos_Window,Variable,int,15,"ns=3;s=""gtyp_VGR"".""vertical_Axis"".""Config"".""di_Pos_Window""",Objects/Objects/DeviceSet/PLC/DataBlocksGlobal/gtyp_VGR/vertical_Axis/Config
